osm_id,name,building,building:levels,height,addr:housenumber,addr:street,addr:postcode,amenity,shop,tourism,historic,start_date,wikidata
"node/5712062820","Big Adventure Comics","no","","","328","South Guadalupe Street","87501","","books","","","",""
"way/207798515","Warehouse 21 (closed)","civic","2","","1614","Paseo de Peralta","87501","","","","","",""
"way/207798516","","yes","2","","1607","Paseo de Peralta","87501","","","","","",""
"way/207798517","Gross Kelly Warehouse","commercial","2","","530","South Guadalupe Street","87501","","","","","",""
"way/207798518","","commercial","","","","South Guadalupe Street","","","","","","",""
"way/207798519","Art Yard","commercial","3","7","703","Camino de la Familia","87505","","","","","",""
"way/207798523","","commercial","","","","","","","","","","",""
"way/207798524","SITE Santa Fe","yes","","","1606","Paseo de Peralta","87501","","","museum","","",""
"way/207798525","","yes","","","","","","","","","","",""
"way/227400794","Guadalupe Inn","yes","","","604","Agua Fria Street","","","","hotel","","",""
"way/232052307","Edward J. Lopez State Land Office Building","public","2","","310","Old Santa Fe Trail","87501","","","","","","Q132187093"
"way/243866549","The Cathedral Basilica of Saint Francis of Assisi","cathedral","3","","231","Cathedral Place","87501","place_of_worship","","","","1887","Q3663700"
"way/243925978","Marian Hall","yes","3","","224","East Palace Avenue","87501","","","","","1910",""
"way/243925979","Drury Plaza Hotel in Santa Fe","yes","4","15","828","Paseo de Peralta","87501","","","hotel","","1953",""
"way/243925980","","yes","","","","","","","","","","",""
"way/243925981","","church","2","","","","","","","","","",""
"way/243925982","","church","","","","","","","","","","",""
"way/243925984","","church","","","","","","","","","","",""
"way/243984197","","yes","2","","","","","","","","building","1949",""
"way/243984198","","church","1","","","","","","","","","",""
"way/243984199","","church","1","","","","","","","","","",""
"way/244175262","Loretto Chapel","chapel","2","26","207","Old Santa Fe Trail","87501","","","museum","","1878","Q2956557"
"way/246153000","Joseph M. Montoya Federal Building","yes","2","","120","South Federal Place","87501","","","","","","Q113626372"
"way/255121005","De Vargas Center","commercial","","","","","","","mall","","","",""
"way/255121006","","commercial","","","","","","","","","","",""
"way/290191330","WorldMark Santa Fe","yes","","","138","Park Avenue","87501","","","hotel","","",""
"way/310833338","Palace of the Governors","yes","","5","105","West Palace Avenue","87501","","","museum","castle","1610","Q2442235"
"way/313520078","Casita de los Cornell","apartments","3","","211","West Water Street","87501","","","","","",""
"way/313520079","","yes","","","","","","","","","","",""
"way/313520080","","yes","","","204","West San Francisco Street","","","","","","",""
"way/313520081","","yes","","","","","","","","","","",""
"way/313520082","Cornell Building","yes","2","","","","","","","","building","",""
"way/313520083","","yes","","","","","","","","","","",""
"way/313520084","Roberts & Salmon Building","yes","","","","","","","","","","",""
"way/313520085","","yes","","","","","","","","","","",""
"way/313520086","Sandoval Garage","yes","3","","216","West San Francisco Street","","parking","","","","",""
"way/313523421","Laughlin Building","yes","2","","102","West San Francisco Street","","","","","building","",""
"way/313523423","","yes","2","","","","","","","","","",""
"way/313523424","","yes","2","","110","West San Francisco Street","87501","","","","","",""
"way/313524956","","yes","","","","","","","","","","",""
"way/313524957","","yes","1","","","","","","","","","",""
"way/313524958","","yes","3","","","","","","","","","",""
"way/313524959","","yes","","","","","","","","","","",""
"way/317447968","Piñon Court by La Fonda","yes","2","","201","Montezuma St","87501","","","hotel","","",""
"way/317447969","Del Charro Saloon","yes","","","101","West Alameda Street","","restaurant","","","","",""
"way/317447972","","commercial","","","","","","","","","","",""
"way/317469703","","garage","","","","","","","","","","",""
"way/317469704","Maintenance","yes","","","","","","","","","","",""
"way/318069353","Santa Fe Depot","train_station","","","430","South Guadalupe Street","","","","","","",""
"way/318069354","","yes","","","","","","","","","","",""
"way/319634352","","church","2","","","","","","","","","",""
"way/319634353","","church","","","","","","place_of_worship","","","","",""
"way/340433436","Santa Fe County John Gaw Meem Historic Building","yes","2","","102","Grant Avenue","87501","","","","building","1939","Q106827441"
"way/362347534","","residential","","","1625","Paseo de Peralta","87501","","","","","","Q136126265"
"way/384688621","","church","2","","","","","","","","","1939",""
"way/435964657","Whoo's Donuts","yes","","","851","Cerrillos Road","87505","fast_food","","","","",""
"way/448342072","","yes","","","","","","","","","","",""
"way/457821412","","yes","","","","","","","","","","",""
"way/457821413","","yes","2","","","","","","","","","",""
"way/457821414","","yes","","","","","","","","","","",""
"way/457821415","","yes","","","","","","","","","","",""
"way/457821416","Jerry Apodaca Building","yes","3","","424","Galisteo Street","87501","","","","","",""
"way/457821417","","yes","","","","","","","","","","",""
"way/457821418","","yes","","","","","","","","","","",""
"way/457821419","Hotel St. Francis","hotel","3","","210","Don Gaspar Avenue","87501","","","","","1924","Q111393490"
"way/457821421","","yes","2","","","West Palace Avenue","87501","","","","","",""
"way/457821422","","yes","2","","","West Palace Avenue","87501","","","","","",""
"way/457821424","","yes","","","135","Grant Avenue","","","","","building","",""
"way/457821425","","office","2","","200","West Marcy Street","87501","","","","","",""
"way/457821426","Santa Fe City Hall","yes","2","","200","Lincoln Avenue","87501","townhall","","","","1939","Q123397504"
"way/457821427","","yes","","","","","","","","","","",""
"way/457821428","","yes","","","","","","","","","","",""
"way/457821429","Century Bank","yes","","","100","South Federal Place","","bank","","","","",""
"way/457821431","Cortez Building","yes","","","","West Marcy Street","87501","","","","","",""
"way/457821432","101 West Marcy","commercial","2","","101","West Marcy Street","","","","","","",""
"way/457821433","WaFd Bank","yes","","","208","Washington Avenue","","bank","","","","",""
"way/457821434","","hotel","","","105","East Marcy Street","87501","","","","","",""
"way/457821435","","parking","3","","111","East Marcy Street","","parking","","","","",""
"way/457821436","Marcy Plaza","office","2","","123","East Marcy Street","87501","","","","","",""
"way/457821437","Marcy Plaza","office","2","","119","East Marcy Street","87501","","","","","",""
"way/457821438","Radio Plaza","office","","","210-222","East Marcy Street","87501","","","","","",""
"way/457821439","New Mexico Administrative Office of the Courts","yes","2","","202","East Marcy Street","87501","","","","","",""
"way/457821442","Santa Fe Public Library","yes","2","","145","Washington Avenue","87501","library","","","","1939",""
"way/457821444","New Mexico History Museum","yes","4","","113","Lincoln Avenue","87501","","","museum","","","Q43079348"
"way/461631827","Inn of the Governors","hotel","3","","101","West Alameda Street","87501","","","","","","Q111393491"
"way/461631828","Santa Fe Village","commercial","2","","227","Don Gaspar Avenue","87501","","mall","","","",""
"way/461631829","KESHi the Zuni Connection","yes","1","","227","Don Gaspar Avenue","87501","","art","","","",""
"way/461631830","","commercial","3","","50","East San Francisco Street","","","","","","",""
"way/461631831","","yes","2","","","","","","","","","",""
"way/461631832","","yes","2","","","","","","","","","",""
"way/461631833","","yes","","","","","","","","","","",""
"way/461631834","Five and Dime","yes","2","","58","East San Francisco Street","87501","","","","","","Q113636444"
"way/461631835","Santa Fe Arcade","yes","3","","60","East San Francisco Street","87501","","mall","","","",""
"way/461696624","Paseo de Luz Shops","retail","2","","66","East San Francisco Street","87501","","","","","",""
"way/461696625","First National 1870","yes","2","","62","Lincoln Avenue","","bank","","","","",""
"way/461696626","Batts Building","yes","2","","54-58","Lincoln Avenue","87501","","","","building","",""
"way/461696627","","yes","2","","","","","","","","","",""
"way/461696628","","yes","","","","","","","","","","",""
"way/461696630","","yes","2","","123","West San Francisco Street","87501","","","","","",""
"way/461696631","","yes","1","","121","West San Francisco Street","","","","","","",""
"way/461696632","Felipe B. Delgado House","yes","2","","124","West Palace Avenue","87501","","","","building","1890",""
"way/461696634","","yes","2","","","West San Francisco Street","87501","","","","","",""
"way/461696638","The Lensic","yes","3","","211","West San Francisco Street","87501","theatre","","","","","Q6523247"
"way/461696639","","yes","3","","","","","","","","","",""
"way/461696640","","yes","","","","","","","","","","",""
"way/461696641","Lensic Commercial Building","commercial","2","","215","West San Francisco Street","","","","","","",""
"way/461696643","Eldorado Hotel and Spa","yes","5","","309","West San Francisco Street","87501","","","hotel","","",""
"way/461696644","","yes","","","","","","","","","","",""
"way/461696645","","yes","","","","","","","","","","",""
"way/461696647","","yes","","","","","","","","","","",""
"way/461696648","","yes","","","","","","","","","","",""
"way/461696649","","yes","","","","","","","","","","",""
"way/461696652","","yes","","","","","","","","","","",""
"way/461696653","El Patio Building","yes","","","117","North Guadalupe Street","87501","","","","building","",""
"way/461696655","","yes","","","","","","","","","","",""
"way/461696656","","yes","","","","","","","","","","",""
"way/461696659","","yes","","","","","","","","","","",""
"way/461696661","","yes","","","","","","","","","","",""
"way/461696663","","yes","","","","","","","","","","",""
"way/461696664","","yes","","","","","","","","","","",""
"way/461696665","","yes","","","122","Grant Avenue","","","","","","",""
"way/461696666","Georgia O'Keeffe Museum","yes","","","217","Johnson Street","87501","","","museum","","","Q1509304"
"way/461696667","","yes","","","","","","","","","","",""
"way/461696668","","yes","","","","","","","","","","",""
"way/461696669","","yes","","","","","","","","","","",""
"way/461696670","","yes","","","","","","","","","","",""
"way/461696673","","yes","","","","","","","","","","",""
"way/461696674","","yes","","","","","","","","","","",""
"way/461696675","","yes","","","","","","","","","","",""
"way/461696676","","yes","","","","","","","","","","",""
"way/461696677","","yes","","","","","","","","","","",""
"way/461696678","","yes","","","","","","","","","","",""
"way/461696679","","yes","","","","","","","","","","",""
"way/461696680","","yes","","","","","","","","","","",""
"way/461696681","","yes","","","","","","","","","","",""
"way/461696682","","yes","","","","","","","","","","",""
"way/461696683","","yes","","","","","","","","","","",""
"way/461697977","The Lincoln","yes","5","","","","","","","","","",""
"way/461697978","","yes","3","","","","","","","","","",""
"way/461697979","Lincoln Place","commercial","2","","130","Lincoln Avenue","87501","","","","","",""
"way/461697980","","yes","","","","","","","","","","",""
"way/461697981","","yes","","","","","","","","","","",""
"way/461697982","","yes","","","","","","","","","","",""
"way/461697984","150 Washington","office","3","","150","Washington Avenue","87501","","","","","",""
"way/461697985","125 Lincoln","office","4","","125","Lincoln Avenue","87501","","","","","",""
"way/461697986","","yes","","","","","","","","","","",""
"way/461697987","Santiago E. Campos United States Courthouse","yes","2","","106","South Federal Place","87501","courthouse","","","","","Q7420261"
"way/461700315","Los Poblanos Farm Shop Norte","yes","","","201","Washington Avenue","87501","","gift","","","",""
"way/461700316","","yes","","","213","Washington Avenue","87501","","","","","",""
"way/461700317","","yes","2","","","","","","","","","",""
"way/461700318","","yes","","","","","","","","","","",""
"way/461700319","","yes","","","","","","","","","","",""
"way/461700320","Padre Gallegos House","yes","","","227-237","Washington Avenue","87501","","","","house","","Q125156701"
"way/461700322","","yes","","","220","Otero Street","","","","","","",""
"way/461700324","","yes","2","","","","","","","","","",""
"way/461700325","","yes","2","","125","East Water Street","","","","","","","Q133852449"
"way/461700326","","yes","2","","","","","","","","","",""
"way/461700327","Gans Building","yes","2","","80-84","East San Francisco Street","","","","","","",""
"way/461700328","","yes","","","","","","","","","","",""
"way/461700334","","yes","","","","","","","","","","",""
"way/461700335","","yes","","","","","","","","","","",""
"way/461700336","","yes","","","","","","","","","","",""
"way/461700337","The Silver Building","commercial","2","","53-55","Old Santa Fe Trail","","","","","","1891",""
"way/461700338","","yes","","","","","","","","","","",""
"way/461700339","","yes","","","","","","","","","","",""
"way/461700342","Rosewood Inn Of the Anasazi","hotel","3","","113","Washington Avenue","87501","","","","","","Q111393489"
"way/461700343","Hotel Chimayo","hotel","2","","125","Washington Avenue","","","","","","",""
"way/461700346","","yes","2","","","","","","","","","",""
"way/461700347","Tees & Skis","yes","","","107","Washington Avenue","","","gift","","","",""
"way/461700350","","yes","","","","","","","","","","",""
"way/461700351","","yes","","","","","","","","","","",""
"way/461700357","","yes","","","","","","","","","","",""
"way/461702762","Coronado Building","office","2","","141","East Palace Avenue","87501","","","","","",""
"way/461702763","","yes","","","","","","","","","","",""
"way/461702764","","office","2","","124","East Marcy Street","","","","","","",""
"way/461702765","","yes","","","","","","","","","","",""
"way/461702768","","yes","","","","","","","","","","",""
"way/461702769","","yes","","","","","","","","","","",""
"way/461702770","","yes","","","","","","","","","","",""
"way/461702771","","yes","","","","","","","","","","",""
"way/461702772","","yes","","","","","","","","","","",""
"way/461702773","","yes","","","","","","","","","","",""
"way/461702774","","yes","","","","","","","","","","",""
"way/461702775","High Desert","yes","","","644","Paseo de Peralta","","","massage","","","",""
"way/461702776","","yes","","","","","","","","","","",""
"way/461702777","","yes","","","","","","","","","","",""
"way/461702778","","yes","","","","","","","","","","",""
"way/461705683","","yes","","","","","","","","","","",""
"way/461705685","","yes","","","","","","","","","","",""
"way/461705687","","yes","","","","","","","","","","",""
"way/461705689","","yes","","","","","","","","","","",""
"way/461705691","","yes","","","","","","","","","","",""
"way/461705695","","yes","","","","","","","","","","",""
"way/461705700","","yes","","","","","","","","","","",""
"way/461705702","","yes","","","","","","","","","","",""
"way/461705704","","yes","","","","","","","","","","",""
"way/461705707","","yes","","","","","","","","","","",""
"way/461705709","","yes","","","","","","","","","","",""
"way/461705715","","yes","","","","","","","","","","",""
"way/461705717","","yes","","","","","","","","","","",""
"way/461705719","","yes","","","","","","","","","","",""
"way/461705721","","yes","","","","","","","","","","",""
"way/461705724","","yes","1","","","","","","","","","",""
"way/461705726","","yes","1","","","","","","","","","",""
"way/461705728","","yes","1","","","","","","","","","",""
"way/461705730","","yes","1","","","","","","","","","",""
"way/461705732","Kruger Building","yes","2","","227","East Palace Avenue","87501","","","","building","",""
"way/461705735","","yes","","","","","","","","","","",""
"way/461705737","Peyton Wright Gallery","yes","1","","237","East Palace Avenue","87501","","","gallery","","",""
"way/461705739","","yes","1","","","","","","","","","",""
"way/461705741","","yes","2","","","","","","","","","",""
"way/461705743","","yes","","","","","","","","","","",""
"way/461705746","","yes","","","","","","","","","","",""
"way/461705748","","yes","","","","","","","","","","",""
"way/461705750","","yes","1","","","","","","","","","",""
"way/461705752","","yes","","","","","","","","","","",""
"way/461705754","","yes","","","","","","","","","","",""
"way/461705756","","yes","","","","","","","","","","",""
"way/461705758","","church","","","311","East Palace Avenue","","","","","","",""
"way/461705763","","yes","","","","","","","","","","",""
"way/461705765","","yes","","","","","","","","","","",""
"way/461705767","","yes","","","","","","","","","","",""
"way/461705769","","yes","","","","","","","","","","",""
"way/461705771","","yes","","","","","","","","","","",""
"way/461705773","","yes","","","","","","","","","","",""
"way/461705775","","yes","","","","","","","","","","",""
"way/461705778","","yes","","","","","","","","","","",""
"way/461705781","","yes","","","","","","","","","","",""
"way/461705783","","yes","","","","","","","","","","",""
"way/461706563","","yes","","","","","","","","","","",""
"way/461706564","","yes","","","","","","","","","","",""
"way/461706565","","yes","","","","","","","","","","",""
"way/461706566","","yes","","","","","","","","","","",""
"way/461706567","","yes","","","","","","","","","","",""
"way/461706568","","yes","","","","","","","","","","",""
"way/461706569","","yes","","","","","","","","","","",""
"way/461706570","","yes","","","","","","","","","","",""
"way/461706571","","yes","","","","","","","","","","",""
"way/461706572","","yes","","","","","","","","","","",""
"way/461706573","","yes","","","","","","","","","","",""
"way/461706574","","yes","","","","","","","","","","",""
"way/461706575","","yes","","","","","","","","","","",""
"way/461706576","","yes","","","","","","","","","","",""
"way/461707545","Loretto","hotel","5","","211","Old Santa Fe Trail","","","","","","1975",""
"way/461707550","","yes","","","","","","","","","","",""
"way/461707552","","hotel","","","","","","","","","","",""
"way/461707554","","hotel","","","","","","","","","","",""
"way/461707555","","hotel","","","311","Old Santa Fe Trail","","","","","","",""
"way/461707558","","yes","","","","","","","","","","",""
"way/461707561","","yes","","","","","","","","","","",""
"way/461707562","","residential","2","","","","","","","","","",""
"way/461729146","","residential","","","","","","","","","","",""
"way/461729147","","yes","","","","","","","","","","",""
"way/461729148","","retail","","","924","Paseo de Peralta","","","","","","",""
"way/461729149","","yes","","","","","","","","","","",""
"way/461729150","","yes","","","","","","","","","","",""
"way/461729151","","yes","","","","","","","","","","",""
"way/461729152","","yes","","","","","","","","","","",""
"way/461729153","","yes","","","","","","","","","","",""
"way/461729154","","yes","","","","","","","","","","",""
"way/461729155","Upper Crust Pizza","yes","","","329","Old Santa Fe Trail","87501-2707","restaurant","","","","","Q135916346"
"way/461729156","De Vargas Street House","yes","","","215","East de Vargas Street","","","","museum","house","1646","Q5244785"
"way/461729157","San Miguel","church","3","","","","","place_of_worship","","","building","~1610",""
"way/461729158","Lew Wallace Building","yes","2","","413","Old Santa Fe Trail","87501","","","","","",""
"way/461729159","","yes","","","","","","","","","","",""
"way/461729160","Lamy Building","yes","2","6","413","Old Santa Fe Trail","87501","","","","","","Q50829038"
"way/461729161","","yes","","","","","","","","","","",""
"way/461729162","Shops at Rio Chama","commercial","","","","","","","","","","",""
"way/461729163","","yes","","","","","","","","","","",""
"way/461729164","","yes","","","","","","","","","","",""
"way/461729167","","yes","","","","","","","","","","",""
"way/461729168","","yes","","","","","","","","","","",""
"way/461729170","","commercial","","","","","","","","","","",""
"way/461729171","","yes","","","","","","","","","","",""
"way/461729172","","yes","","","","","","","","","","",""
"way/461729174","","yes","","","","","","","","","","",""
"way/461729175","","yes","","","","","","","","","","",""
"way/461729176","","yes","","","","","","","","","","",""
"way/461729177","","yes","","","","","","","","","","",""
"way/461729178","","yes","","","","","","","","","","",""
"way/461729179","","yes","","","","","","","","","","",""
"way/461729180","","yes","","","","","","","","","","",""
"way/461729181","","yes","","","","","","","","","","",""
"way/461729182","","yes","","","","","","","","","","",""
"way/461729183","","yes","","","","","","","","","","",""
"way/461729184","","yes","","","","","","","","","","",""
"way/461729185","","yes","","","","","","","","","","",""
"way/461729186","","yes","","","","","","","","","","",""
"way/461729187","","yes","","","","","","","","","","",""
"way/461729188","","yes","","","","","","","","","","",""
"way/461729189","","yes","","","","","","","","","","",""
"way/461729190","","yes","","","","","","","","","","",""
"way/461729193","","yes","","","132","East de Vargas Street","87501","","","","","",""
"way/461729194","","yes","","","","","","","","","","",""
"way/461729195","","yes","","","","","","","","","","",""
"way/461729196","","yes","","","","","","","","","","",""
"way/461729197","","yes","","","","","","","","","","",""
"way/461729198","","yes","","","","","","","","","","",""
"way/461729199","","yes","","","","","","","","","","",""
"way/461729200","","yes","","","","","","","","","","",""
"way/461729201","","yes","","","","","","","","","","",""
"way/461729202","","yes","","","","","","","","","","",""
"way/461729203","New Mexico Supreme Court","yes","","","237","Don Gaspar Avenue","87501","courthouse","","","","1937","Q7010303"
"way/461729207","","yes","","","","","","","","","","",""
"way/461729208","Roque Tudesque House West","yes","","","","","","","","","building","","Q132187435"
"way/461729209","Roque Tudesque House East","yes","","","","","","","","","building","","Q132187433"
"way/461732931","","yes","","","","","","","","","","",""
"way/461732932","","yes","","","","","","","","","","",""
"way/461732934","","yes","","","","","","","","","","",""
"way/461732935","","yes","","","","","","","","","","",""
"way/461732936","","yes","","","","","","","","","","",""
"way/461732937","","yes","","","","","","","","","","",""
"way/461732954","","yes","3","10","443","Galisteo Street","87501","parking","","","","",""
"way/461732959","","yes","","","204","Montezuma Avenue","","","","","","",""
"way/461732962","Clark and Ruyle","yes","","","432","Galisteo Street","","","","","","",""
"way/461732963","Administrative Office of the District Attorney","yes","","","442","Galisteo Street","","","","","","",""
"way/461732964","","yes","","","","","","","","","","",""
"way/461732965","","yes","","","","","","","","","","",""
"way/461732966","Concha Ortiz y Pino Building","yes","","","130","South Capitol Place","87504-5102","","","","","",""
"way/461733921","","yes","","","","","","","","","","",""
"way/461733922","","yes","","","","","","","","","","",""
"way/461733926","","yes","","","","","","","","","","",""
"way/461733927","CenturyLink Alameda Central Office","yes","2","","115","East Alameda Street","87501","","","","","",""
"way/461733929","","yes","","","","","","","","","","",""
"way/461733932","","yes","","","","","","","","","","",""
"way/461733933","","retail","","","228","Old Santa Fe Trail","","","","","","",""
"way/461735610","","yes","","","","","","","","","","",""
"way/461735611","Santa Fe Trails Fine Art","yes","","","200","Old Santa Fe Trail","87501","","","gallery","","",""
"way/461735612","","yes","2","","","","","","","","","",""
"way/461735613","","yes","","","","","","","","","","",""
"way/461735614","","yes","","","","","","","","","","",""
"way/461735615","121 Sandoval","yes","3","","121","Sandoval Street","87501","","","","","",""
"way/461735616","","yes","3","","","","","","","","","",""
"way/461735617","","yes","","","","","","","","","","",""
"way/461735618","","yes","","","","","","","","","","",""
"way/461735619","","yes","","","","","","","","","","",""
"way/461735620","","yes","","","","","","","","","","",""
"way/461735621","","yes","","","","","","","","","","",""
"way/461735622","","yes","","","","","","","","","","",""
"way/461735623","","yes","","","","","","","","","","",""
"way/461735627","","yes","","","","","","","","","","",""
"way/461735629","","yes","","","","","","","cannabis","","","",""
"way/461735631","The Ortiz Houses","house","","","322","West San Francisco Street","87501","","","","house","",""
"way/461735635","","retail","","","","","","","","","","",""
"way/461735636","","yes","2","","","","","","","","","",""
"way/461761714","Steve Herrera Judicial Complex","yes","3","","225","Montezuma Avenue","87501","courthouse","","","","","Q116974435"
"way/461761715","","yes","3","","","","","","","","","",""
"way/461761716","","yes","","","","","","","","apartment","","",""
"way/461761717","236 Montezuma","yes","3","","236","Montezuma Avenue","","","","","","",""
"way/461761718","","yes","","","","","","","","","","",""
"way/461761719","","yes","","","","","","","","","","",""
"way/461761720","Design Center Santa Fe","yes","2","","418","Cerrillos Road","87501","","mall","","","",""
"way/461761721","","house","2","","418","Sandoval Street","","","","","","",""
"way/461761722","","yes","","","423","Sandoval Street","","","","","","",""
"way/461761723","","yes","","","429","Sandoval Street","","","","","","",""
"way/461761724","","commercial","","","436","Cerrillos Road","","","","","","",""
"way/461761725","","yes","","","440","Cerrillos Road","","","","","","",""
"way/461763263","","yes","","","","","","","","","","",""
"way/461763264","","yes","","","","","","","","","","",""
"way/461763265","","yes","","","","","","","","","","",""
"way/461763267","","yes","","","","","","","","","","",""
"way/461763268","","yes","","","","","","","","","","",""
"way/461763269","","yes","","","","","","","","","","",""
"way/461763270","","yes","","","","","","","","","","",""
"way/461763271","","yes","","","","","","","","","","",""
"way/461763272","","yes","","","","","","","","","","",""
"way/461763273","","yes","","","","","","","","","","",""
"way/461766387","","yes","","","","","","","","","","",""
"way/461766388","","yes","","","","","","","","","","",""
"way/461766389","","yes","","","","","","","","","","",""
"way/461766390","","yes","","","","","","","","","","",""
"way/461766391","","yes","","","","","","","","","","",""
"way/461766392","","office","","","","","","","","","","",""
"way/461766393","","yes","","","","","","","","","","",""
"way/461766394","Santa Fe Jewish Center Chabad","yes","3","","230","West Manhattan Avenue","87501","place_of_worship","","","","",""
"way/461766395","","commercial","2","","1422","Paseo de Peralta","","","","","","",""
"way/461766396","","yes","","","","","","","","","","",""
"way/461766397","","yes","","","","","","","","","","",""
"way/461766398","","yes","","","","","","","","","","",""
"way/461766401","Luna B","yes","1","5","505","Cerrillos Road","87501","","","","","",""
"way/461766402","Luna A","commercial","3","15","505","Cerrillos Road","87505","","","","","",""
"way/461766403","535 Cerrillos","office","2","","535","Cerrillos Road","87501","","","","","",""
"way/461766406","Zizi Ceramics","yes","","","1424","Paseo de Peralta","","","pottery","","","",""
"way/461766407","PMS Peralta Compound","office","2","","1422","Paseo de Peralta","","","","","","",""
"way/461766409","","yes","2","","","","","","","","","",""
"way/461766410","","yes","","","","","","","","","","",""
"way/461766412","Ortiz Y Pino House","house","","","504","Galisteo Street","","","","","house","",""
"way/461766413","","yes","","","","","","","","","","",""
"way/461766414","Santa Fe Brewing Company Brake Room","yes","","","510","Galisteo Street","87501","bar","","","","",""
"way/461766418","Hotel Santa Fe, The Hacienda and Spa","hotel","3","","1501","Paseo de Peralta","","","","hotel","","",""
"way/461766423","","yes","","","","","","","","","","",""
"way/461766424","","yes","","","","","","","","","","",""
"way/461766425","","hotel","","","","","","","","","","",""
"way/461766426","","yes","","","","","","","","","","",""
"way/461766427","","yes","","","","","","","","","","",""
"way/461766431","UMB Bank","yes","","","1549","Paseo de Peralta","","bank","","","","",""
"way/461767916","Vladem Contemporary","yes","2","","404","Montezuma Avenue","87505","arts_centre","","","","","Q122873639"
"way/461767917","","shed","","","","","","","","","","",""
"way/461767918","","yes","2","","","","","","","","","",""
"way/461767919","","yes","","","","","","","","","","",""
"way/461767920","","yes","2","","","","","","","","","",""
"way/461767921","","yes","","","","West Manhattan Avenue","","","gift","","","",""
"way/461767922","","yes","","","","","","","","","","",""
"way/461767923","","yes","","","","","","","","","","",""
"way/461767924","","yes","","","","","","","","","","",""
"way/461767925","","yes","","","","","","","","","","",""
"way/461767926","Hesch House","house","","","324-326","Read Street","87501","","","","house","",""
"way/461767927","","yes","","","","","","","","","","",""
"way/461767928","","yes","","","","","","","","","","",""
"way/461767929","","yes","","","","","","","","","","",""
"way/461767930","","yes","","","","","","","","","","",""
"way/461767931","","yes","","","","","","","","","","",""
"way/461767932","","yes","","","","","","","","","","",""
"way/461767933","","yes","","","","","","","","","","",""
"way/461767934","","yes","","","","","","","","","","",""
"way/461767935","","yes","","","","","","","","","","",""
"way/461767936","","yes","","","","","","","","","","",""
"way/461767937","","yes","","","","","","","","","","",""
"way/461767938","","yes","","","","","","","","","","",""
"way/461767939","","yes","","","","","","","","","","",""
"way/461767940","","yes","","","","","","","","","","",""
"way/461767941","Dumpling Cafe","yes","","","500","Sandoval Street","87501","restaurant","","","","",""
"way/461767943","","yes","","","","","","","","","","",""
"way/461767944","Benjamin M Read House","house","","","309","Read Street","87501","","","","yes","",""
"way/461767945","","yes","","","","","","","","","","",""
"way/461767946","","yes","","","","","","","","","","",""
"way/461767947","","yes","","","","","","","","","","",""
"way/461767948","","yes","","","","","","","","","","",""
"way/461767949","","yes","","","","","","","","","","",""
"way/461767950","","yes","","","","","","","","","","",""
"way/461767951","","yes","","","","","","","","","","",""
"way/461767952","University Plaza","office","4","","330","Garfield Street","87501","","","","","",""
"way/461767953","","yes","","","","","","","","","","",""
"way/461767959","","yes","","","","","","","","","","",""
"way/461767961","","yes","","","","","","","","","","",""
"way/461767962","","yes","","","","","","","","","","",""
"way/461767963","","yes","","","","","","","","","","",""
"way/461767964","","yes","","","","","","","","","","",""
"way/461767965","","yes","","","","","","","","","","",""
"way/461767966","Big Star","yes","","","329","Garfield Street","","","books","","","",""
"way/461767967","","yes","","","","","","","","","","",""
"way/461776179","","yes","","","","","","","","","","",""
"way/461776181","","yes","","","","","","","","","","",""
"way/461776183","","yes","","","","","","","","","","",""
"way/461776184","","yes","","","","","","","","","","",""
"way/461776195","","yes","","","","","","","","","","",""
"way/461776198","Veterans of Foreign Wars Post 2951","yes","","","307","Montezuma Avenue","87501","social_centre","","","","",""
"way/461776200","","yes","","","","","","","","","","",""
"way/461776202","","yes","","","","","","","","","","",""
"way/461776204","Guadalupe Center","commercial","2","","333","Montezuma Avenue","","","","","","",""
"way/461776206","","yes","","","","","","","","","","",""
"way/461776208","","retail","2","","321","South Guadalupe Street","87501","","","","","",""
"way/461776210","","yes","","","","","","","","","","",""
"way/461776213","","yes","","","","","","","","","","",""
"way/461776215","","yes","","","","","","","","","","",""
"way/461776217","","yes","","","","","","","","","","",""
"way/461776219","","yes","","","","","","","","","","",""
"way/461776221","","yes","","","","","","","","","","",""
"way/461776222","","yes","","","","","","","","","","",""
"way/461776224","","yes","","","","","","","","","","",""
"way/461776225","Second Ward School building","yes","","","312","Sandoval Street","87501","","second_hand","","","","Q137163744"
"way/461776226","","yes","","","","","","","","","","",""
"way/461776227","","yes","","","","","","","","","","",""
"way/461776228","NM Corrections Department Probation & Parole Office","yes","","","301","West de Vargas Street","87501","","","","","",""
"way/461776229","","yes","","","","","","","","","","",""
"way/461776230","","yes","","","","","","","","","","",""
"way/461776233","","yes","","","","","","","","","","",""
"way/461776234","Whole Hog Café Santa Fe (closed)","yes","","","320","South Guadalupe Street","87501","","vacant","","","","Q123056238"
"way/461776235","","yes","","","","","","","","","","",""
"way/461776236","Stone Warehouse","yes","","","316","South Guadalupe Street","","","","","building","",""
"way/461776237","Common Ground","commercial","2","","314","South Guadalupe Street","87501","","","","","",""
"way/461776238","","yes","","","","","","","","","","",""
"way/461776239","Joseph's Culinary Pub","yes","","","428","Agua Fria Street","87501","restaurant","","","","",""
"way/461776241","","yes","","","550","Montezuma Avenue","","","","","","",""
"way/461776242","","vacant","","","","","","","","","","",""
"way/461776243","","yes","","","","","","","","","","",""
"way/461776245","","yes","","","","","","","","","","",""
"way/461776246","","yes","","","","","","","","","","",""
"way/461776247","","yes","","","","","","","","","","",""
"way/461776248","","yes","","","","","","","","","","",""
"way/461776249","","yes","","","","","","","","","","",""
"way/461776250","","yes","","","","","","","","","","",""
"way/461776251","","yes","","","","","","","","","","",""
"way/461776252","","yes","","","","","","","","","","",""
"way/461776253","","yes","","","","","","","","","","",""
"way/461776255","","yes","","","","","","","","","","",""
"way/461776256","","yes","","","","","","","","","","",""
"way/461776257","","yes","","","","","","","","","","",""
"way/461776258","","yes","","","","","","","","","","",""
"way/461776259","","yes","","","","","","","","","","",""
"way/461776260","","yes","","","","","","","","","","",""
"way/461776261","New Mexico School for the Arts","school","","","500","Montezuma Avenue","","school","","","building","","Q107862639"
"way/461776265","Capital Coal Neighborhood Eatery","yes","","","326","South Guadalupe Street","87501","food_court","","","","",""
"way/461776266","Guadalupe Station","retail","","","328","South Guadalupe Street","87501","","","","","",""
"way/461791394","","yes","2","","","","","","","","","",""
"way/461791395","","retail","","","541","South Guadalupe Street","","","","","","",""
"way/461791397","Allsup's","yes","","","650","Cerrillos Road","87505","","convenience","","","",""
"way/461791398","","roof","","","","","","","","","","",""
"way/461791399","Motel 6","yes","","","646","Cerrillos Road","87505","","","motel","","",""
"way/461791402","","yes","","","620","Cerrillos Road","87505","","","","","",""
"way/461791403","Chicago Dog Express","yes","","","600","Cerrillos Road","87501","fast_food","","","","",""
"way/461791404","","yes","","","","","","","","","","",""
"way/461791405","","yes","","","","","","","","","","",""
"way/461791406","","yes","","","","","","","","","","",""
"way/461791407","","yes","","","","","","","","","","",""
"way/461791408","","yes","","","","","","","","","","",""
"way/461791409","","yes","","","","","","","","","","",""
"way/461791410","","yes","","","","","","","","","","",""
"way/461791411","","yes","","","","","","","","","","",""
"way/461791412","","yes","","","","","","","","","","",""
"way/461791413","","yes","","","","","","","","","","",""
"way/461791417","","office","","","607","Cerrillos Road","","","","","","",""
"way/461791419","Shake Foundation","yes","","","631","Cerrillos Road","87505","restaurant","","","","",""
"way/461791423","Modern General","yes","","","637","Cerrillos Road","87505","cafe","","","","",""
"way/461791425","Vinaigrette","yes","","","709","Don Cubero Alley","87501","restaurant","","","","",""
"way/461791426","","yes","","","647","Cerrillos Road","87505","","","","","",""
"way/461791427","","yes","","","","","","","","","","",""
"way/461791428","","yes","","","","","","","","","","",""
"way/461791429","","yes","","","711","Don Diego Avenue","87505","","","","","",""
"way/461791430","","yes","","","714","Don Cubero Avenue","87505","","massage","","","",""
"way/461791431","","yes","","","713","Don Diego Avenue","87505","","","","","",""
"way/461791432","","yes","","","","","","","","","","",""
"way/461791433","","yes","","","719","Don Diego Avenue","87505","","","","","",""
"way/461791445","","yes","","","727","Cerrillos Road","87505","","","hotel","","",""
"way/461791446","","hotel","","","","","","","","","","",""
"way/461791447","The Sage Hotel","yes","","","725","Cerrillos Road","87505","","","hotel","","",""
"way/461791449","","hotel","","","","","","","","","","",""
"way/461791450","Whole Foods Market","yes","","","753","Cerrillos Road","87505","","supermarket","","","",""
"way/461791451","","warehouse","","","","","","","","","","",""
"way/461791453","","yes","","","","","","","","","","",""
"way/461791454","","yes","","","","","","","","","","",""
"way/461791455","","yes","","","","","","","","","","",""
"way/461791456","","yes","","","","","","","","","","",""
"way/461791457","","yes","","","","","","","","","","",""
"way/461791458","","yes","","","","","","","","","","",""
"way/461791459","","yes","","","","","","","","","","",""
"way/461791878","","yes","","","801","Cerrillos Road","87505","","","","","",""
"way/461791879","","yes","","","","","","","","","","",""
"way/461791880","","yes","","","825","Cerrillos Road","87505","","","","","",""
"way/461791881","","yes","","","","","","","","","","",""
"way/461791882","","yes","","","855","Cerrillos Road","87505","","","","","",""
"way/461791883","","yes","","","","","","","","","","",""
"way/461791884","","yes","","","","","","","","","","",""
"way/461791885","","yes","","","","","","","","","","",""
"way/461791886","","yes","","","","","","","","","","",""
"way/461791887","","yes","","","","","","","","","","",""
"way/461791889","","commercial","","","825","Early Street","87505","","","","","",""
"way/461791890","","retail","","","815","Early Street","87505","","","","","",""
"way/461791937","Fraternity of Eagles","yes","","","833","Early Street","87505","","","","","",""
"way/461930170","Santa Fe Community Convention Center","yes","2","","201","West Marcy Street","87501","community_centre","","","","2008",""
"way/461930196","Wells Fargo","yes","","","","","","bank","","","","",""
"way/461930197","","yes","","","","","","","","","","",""
"way/461933475","Sky Coffee","yes","","","1609","Alcaldesa Street","87505","cafe","","","","",""
"way/461933476","Nuckolls Brewing","yes","2","","430","West Manhattan Avenue","87505","bar","","","","2023-07-19",""
"way/461999205","","commercial","","","501-511","Old Santa Fe Trail","87505","","","","","",""
"way/461999206","","yes","","","","","","","","","","",""
"way/461999207","","yes","","","","","","","","","","",""
"way/461999208","","commercial","","","518","Old Santa Fe Trail","","","","","","",""
"way/461999210","The Crow's Nest Oddities & Curiosities","yes","","","518","Old Santa Fe Trail","87505","","interior_decoration","","","",""
"way/461999211","","yes","","","","","","","","","","",""
"way/461999213","","yes","","","","","","","","","","",""
"way/461999214","","yes","","","","","","","","","","",""
"way/461999215","","yes","","","","","","","","","","",""
"way/461999216","The New Old Trail Garage Auto Service","yes","","","600","Old Santa Fe Trail","87505","","car_repair","","","",""
"way/461999217","Rothstein Donatelli LLP","yes","","","1215","Paseo de Peralta","87504","","","","","",""
"way/461999218","","yes","","","","","","","","","","",""
"way/461999234","","yes","","","","","","","","","","",""
"way/461999235","PERA Building","yes","3","9","1120","Paseo de Peralta","87501","","","","","",""
"way/462000835","","civic","","","","","","","","","","",""
"way/462003168","","roof","","","","","","","","","","",""
"way/462005831","Santa Fe Fire Station #1","yes","","","200","Murales Road","87501","fire_station","","","","",""
"way/462005837","","yes","","","","","","","","","","",""
"way/462005848","","yes","","","","","","","","","","",""
"way/462005849","","yes","","","","","","","","","","",""
"way/462005850","","yes","","","","","","","","","","",""
"way/462005852","433 Paseo","office","2","","433","Paseo de Peralta","87501","","","","","","Q85740938"
"way/462005853","The Montezuma Lodge","yes","","","","Paseo de Peralta","","","","","","",""
"way/462005859","","yes","","","","","","","","","","",""
"way/462005860","","yes","","","","","","","","","","",""
"way/462005861","","yes","","","","","","","","","","",""
"way/462005862","","yes","","","","","","","","","","",""
"way/462005863","","yes","","","","","","","","","","",""
"way/462005864","","yes","","","","","","","","","","",""
"way/462005865","","yes","","","","","","","","","","",""
"way/462005866","","yes","","","","","","","","","","",""
"way/462005867","","yes","","","","","","","","","","",""
"way/462005868","","yes","","","","","","","","","","",""
"way/462005869","","yes","","","","","","","","","","",""
"way/462005870","","yes","","","","","","","","","","",""
"way/462005871","","yes","","","","","","","","","","",""
"way/462005872","","yes","","","","","","","","","","",""
"way/462005873","","yes","","","","","","","","","","",""
"way/462005874","","yes","","","","","","","","","","",""
"way/462005875","","yes","","","","","","","","","","",""
"way/462005876","","yes","","","","","","","","","","",""
"way/462005877","","yes","","","","","","","","","","",""
"way/462005878","","yes","","","","","","","","","","",""
"way/462005879","","yes","","","","","","","","","","",""
"way/462005880","","yes","","","","","","","","","","",""
"way/462005881","","yes","","","","","","","","","","",""
"way/462005883","","yes","","","","","","","","","","",""
"way/462005884","","yes","","","","","","","","","","",""
"way/462005885","","yes","","","","","","","","","","",""
"way/462005886","","yes","","","","","","","","","","",""
"way/462005887","","yes","","","","","","","","","","",""
"way/462005888","","yes","","","","","","","","","","",""
"way/462005889","","yes","","","","","","","","","","",""
"way/462005890","","yes","","","","","","","","","","",""
"way/462007353","","yes","","","","","","","","","","",""
"way/462007354","","yes","","","","","","","","","","",""
"way/462007355","","yes","","","","","","","","","","",""
"way/462007356","","yes","","","","","","","","","","",""
"way/462007357","","yes","","","","","","","","","","",""
"way/462007358","","yes","","","","","","","","","","",""
"way/462007359","","yes","","","","","","","","","","",""
"way/462007360","","yes","","","","","","","","","","",""
"way/462008850","","yes","","","","","","","","","","",""
"way/462008851","","yes","","","","","","","","","","",""
"way/462008852","","yes","","","","","","","","","","",""
"way/462008853","","residential","","","","","","","","","","",""
"way/462008854","","residential","","","","","","","","","","",""
"way/462008855","","yes","","","","","","","","","","",""
"way/462008856","","yes","","","","","","","","","","",""
"way/462008857","","yes","","","","","","","","","","",""
"way/462008858","","yes","","","","","","","","","","",""
"way/462008859","","yes","","","","","","","","","","",""
"way/462008860","","yes","","","","","","","","","","",""
"way/462010682","","yes","1","","520","Paseo de Peralta","87501","","","","","",""
"way/462010683","","house","1","","228","Otero Street","87501","","","","","",""
"way/462011907","","yes","","","","","","","","","","",""
"way/462011908","","yes","","","","","","","","","","",""
"way/462011909","","yes","","","","","","","","","","",""
"way/462011910","","yes","","","","","","","","","","",""
"way/462011912","","yes","","","","","","","","","","",""
"way/462011914","","yes","","","","","","","","","","",""
"way/462011916","","yes","","","","","","","","","","",""
"way/462011917","","yes","","","","","","","","","","",""
"way/462011918","","yes","","","","","","","","","","",""
"way/462011920","","roof","","","","","","","","","","",""
"way/462011924","","yes","2","","","Paseo de Peralta","","","","","","",""
"way/462011928","","yes","","","324","Paseo de Peralta","","","","","","",""
"way/462011929","","yes","","","","","","","","","","",""
"way/462011930","","yes","2","","","Grant Avenue","","","","","","",""
"way/462011931","","yes","","","322","Paseo de Peralta","","","","","","",""
"way/462011932","","retail","","","","","","","","","","",""
"way/462011933","","commercial","","","","","","","","","","",""
"way/462011934","","yes","","","","","","","","","","",""
"way/462011935","","yes","","","","","","","","","","",""
"way/462011936","","yes","","","","","","","","","","",""
"way/462011939","","office","2","","","","","","","","","",""
"way/462012496","","yes","","","","","","","","","","",""
"way/462012497","","yes","","","","","","","","","","",""
"way/462012498","","yes","","","","","","","","","","",""
"way/462012499","","yes","","","","","","","","","","",""
"way/462012500","","yes","","","","","","","","","","",""
"way/462012501","","yes","","","","","","","","","","",""
"way/462012502","","yes","","","","","","","","","","",""
"way/462012503","","yes","","","","","","","","","","",""
"way/462012504","","yes","","","","","","","","","","",""
"way/462012505","","yes","","","","","","","","","","",""
"way/462012506","","yes","","","","","","","","","","",""
"way/462012507","","yes","","","","","","","","","","",""
"way/462012508","","yes","","","","","","","","","","",""
"way/462012509","","yes","","","","","","","","","","",""
"way/462012510","","yes","","","","","","","","","","",""
"way/462012511","","yes","","","","","","","","","","",""
"way/462012512","","yes","","","","","","","","","","",""
"way/462012513","","yes","","","","","","","","","","",""
"way/462012514","","yes","","","","","","","","","","",""
"way/462012515","","yes","","","","","","","","","","",""
"way/462012516","","yes","","","","","","","","","","",""
"way/462012517","","yes","","","","","","","","","","",""
"way/462012518","","yes","","","","","","","","","","",""
"way/462012519","","yes","","","","","","","","","","",""
"way/462012520","","yes","","","","","","","","","","",""
"way/462012521","","yes","","","","","","","","","","",""
"way/462012522","","yes","","","","","","","","","","",""
"way/462012797","","yes","","","","","","","","","","",""
"way/462012798","","yes","","","","","","","","","","",""
"way/462012799","","yes","","","","","","","","","","",""
"way/462012800","","yes","","","","","","","","","","",""
"way/462012801","","yes","","","","","","","","","","",""
"way/462012802","","yes","","","","","","","","","","",""
"way/462012803","","yes","","","","","","","","","","",""
"way/462012804","","yes","","","","","","","","","","",""
"way/462012805","","yes","","","","","","","","","","",""
"way/462012806","","yes","","","","","","","","","","",""
"way/462012807","","yes","","","","","","","","","","",""
"way/462012808","","yes","","","","","","","","","","",""
"way/462012809","","yes","","","","","","","","","","",""
"way/462012810","","yes","","","","","","","","","","",""
"way/462012811","","yes","","","","","","","","","","",""
"way/462012812","","yes","","","","","","","","","","",""
"way/462012813","","yes","","","","","","","","","","",""
"way/462012814","","yes","","","","","","","","","","",""
"way/462012815","","yes","","","","","","","","","","",""
"way/462012816","","yes","","","","","","","","","","",""
"way/462012917","","house","2","","103","Catron Street","87501","","","","","",""
"way/462012918","","house","2","","103","Catron Street","87501","","","","","",""
"way/462012919","","house","2","","103","Catron Street","87501","","","","","",""
"way/462012920","","house","2","","103","Catron Street","87501","","","","","",""
"way/462012921","","house","2","","103","Catron Street","87501","","","","","",""
"way/462012922","","house","2","","103","Catron Street","87501","","","","","",""
"way/462014331","Carlos Gilbert","school","2","","300","Griffin Street","87501","","","","","",""
"way/462014334","301 North Guadalupe","office","2","","301","North Guadalupe Street","87501","","","","","",""
"way/462014335","","yes","","","","","","shelter","","","","",""
"way/462014336","Allsup's","yes","","","","","","","convenience","","","",""
"way/462014357","","yes","","","","","","","","","","",""
"way/462014358","The UPS Store","yes","","","223","North Guadalupe Street","87501","post_office","copyshop","","","",""
"way/462014359","","yes","","","","","","","","","","",""
"way/462014360","Santa Fe Bees Restaurant","yes","","","235","North Guadalupe Street","87501","restaurant","","","","",""
"way/462014364","Bumble Bee's Baja Grill","yes","","","301","Jefferson Street","87501","restaurant","","","","",""
"way/462127694","","commercial","","","","","","","","","","",""
"way/462127695","","retail","","","","","","","","","","",""
"way/462127698","Traditional Wing","hotel","","","","","","","","","","",""
"way/462127699","Deluxe Wing","yes","","","","","","","","","","",""
"way/462127702","","yes","","","","","","","","","","",""
"way/462127706","","yes","","","","","","","","","","",""
"way/462127708","","yes","","","","","","","","","","",""
"way/462127709","","yes","","","","","","","","","","",""
"way/462127710","","yes","","","","","","","","","","",""
"way/462127711","","yes","","","","","","","","","","",""
"way/462127712","","yes","","","","","","","","","","",""
"way/462127714","","yes","","","","","","","","","","",""
"way/462127715","","yes","","","","","","","","","","",""
"way/462127717","","yes","","","","","","","","","","",""
"way/462135835","","yes","1","","","","","","","","","",""
"way/462135836","","yes","1","","","","","","","","","",""
"way/462135837","","yes","","","","","","","","","","",""
"way/462198801","","residential","","","","","","","","","","",""
"way/462198803","","residential","","","","","","","","","","",""
"way/462198804","","residential","","","","","","","","","","",""
"way/462198805","","yes","","","","","","","","","","",""
"way/462210652","","yes","","","","","","","","","","",""
"way/462210653","","yes","","","","","","","","","","",""
"way/462210654","","yes","","","","","","","","","","",""
"way/462210663","","yes","","","","","","","","","","",""
"way/462210664","","yes","","","","","","","","","","",""
"way/462210666","","yes","","","","","","","","","","",""
"way/462210667","","yes","","","","","","","","","","",""
"way/462210668","","yes","","","","","","","","","","",""
"way/462210669","","yes","","","","","","","","","","",""
"way/462210677","","yes","","","","","","","","","","",""
"way/462210678","","yes","","","","","","","","","","",""
"way/462210679","","yes","","","","","","","","","","",""
"way/462210680","","yes","","","","","","","","","","",""
"way/462210681","","yes","","","","","","","","","","",""
"way/462210683","","yes","","","","","","","","","","",""
"way/462210685","","yes","","","","","","","","","","",""
"way/462210686","","yes","","","","","","","","","","",""
"way/462210687","","yes","","","","","","","","","","",""
"way/462210690","","yes","","","","","","","","","","",""
"way/462210696","","yes","","","","","","","","","","",""
"way/462210697","","yes","","","","","","","","","","",""
"way/462210698","","yes","","","","","","","","","","",""
"way/462210699","","yes","","","","","","","","","","",""
"way/462214922","","yes","","","","","","","","","","",""
"way/462214923","","yes","","","","","","","","","","",""
"way/462214924","","yes","","","","","","","","","","",""
"way/462214925","","yes","","","","","","","","","","",""
"way/462214927","","yes","","","","","","","","","","",""
"way/462214930","","yes","","","","","","","","","","",""
"way/462214931","","yes","","","","","","","","","","",""
"way/462214932","","yes","","","","","","","","","","",""
"way/462214933","","yes","","","","","","","","","","",""
"way/462214934","","yes","","","","","","","","","","",""
"way/462214938","","yes","","","","","","","","","","",""
"way/462214939","","yes","","","","","","","","","","",""
"way/462214942","","yes","","","","","","","","","","",""
"way/462214943","","yes","","","","","","","","","","",""
"way/462214947","","yes","","","","","","","","","","",""
"way/462214948","","yes","","","","","","","","","","",""
"way/462214949","","yes","","","","","","","","","","",""
"way/462214953","","yes","","","","","","","","","","",""
"way/462214954","","yes","","","","","","","","","","",""
"way/462214955","","yes","","","","","","","","","","",""
"way/462214956","","yes","","","","","","","","","","",""
"way/462214957","Winterowd Fine Art","yes","","","701","Canyon Road","87501","","","gallery","","",""
"way/462216097","","yes","","","","","","","","","","",""
"way/462216098","","yes","","","","","","","","","","",""
"way/462234362","","yes","","","","","","","","","","",""
"way/462234363","","yes","","","","","","","","","","",""
"way/462234364","","yes","","","","","","","","","","",""
"way/462234365","","yes","","","","","","","","","","",""
"way/462234366","","yes","","","","","","","","","","",""
"way/462234369","","yes","","","","","","","","","","",""
"way/462234370","","yes","","","","","","","","","","",""
"way/462234371","","yes","","","","","","","","","","",""
"way/462234372","","yes","","","","","","","","","","",""
"way/462234373","","yes","","","","","","","","","","",""
"way/462234374","","yes","","","","","","","","","","",""
"way/462234375","","yes","","","","","","","","","","",""
"way/462234377","","yes","","","","","","","","","","",""
"way/462234378","","yes","","","","","","","","","","",""
"way/462234379","","yes","","","","","","","","","","",""
"way/462234389","","yes","","","","","","","","","","",""
"way/462234392","","yes","","","","","","","","","","",""
"way/462234393","","yes","","","","","","","","","","",""
"way/462234394","","yes","","","","","","","","","","",""
"way/462234395","","yes","","","","","","","","","","",""
"way/462234396","","yes","","","","","","","","","","",""
"way/462234397","","yes","","","","","","","","","","",""
"way/462234398","","yes","","","","","","","","","","",""
"way/462234399","","yes","","","","","","","","","","",""
"way/462234400","","yes","","","","","","","","","","",""
"way/462234401","","yes","","","","","","","","","","",""
"way/462234402","","yes","","","","","","","","","","",""
"way/462234403","","yes","","","","","","","","","","",""
"way/462234404","","yes","","","","","","","","","","",""
"way/462234405","","yes","","","","","","","","","","",""
"way/462234406","","yes","","","","","","","","","","",""
"way/462234407","","yes","","","","","","","","","","",""
"way/462234408","","yes","","","","","","","","","","",""
"way/462234409","","yes","","","","","","","","","","",""
"way/462234410","","yes","","","","","","","","","","",""
"way/462234411","","yes","","","","","","","","","","",""
"way/462234412","","yes","","","","","","","","","","",""
"way/462234413","","yes","","","","","","","","","","",""
"way/462234418","","yes","","","","","","","","","","",""
"way/462237054","","yes","","","","","","","","","","",""
"way/462237055","","yes","","","","","","","","","","",""
"way/462237056","","yes","","","","","","","","","","",""
"way/462237060","","yes","","","","","","","","","","",""
"way/462237062","","yes","","","","","","","","","","",""
"way/462237063","","yes","","","","","","","","","","",""
"way/462237064","","yes","","","","","","","","","","",""
"way/462237065","","yes","","","","","","","","","","",""
"way/462237066","","yes","","","","","","","","","","",""
"way/462237067","","yes","","","","","","","","","","",""
"way/462237068","","yes","","","","","","","","","","",""
"way/462237069","","yes","","","","","","","","","","",""
"way/462237070","","yes","","","","","","","","","","",""
"way/462242858","","yes","","","","","","","","","","",""
"way/462242859","","yes","","","","","","","","","","",""
"way/462242861","","yes","","","","","","","","","","",""
"way/462242863","","yes","","","","","","","","","","",""
"way/462242866","","yes","","","","","","","","","","",""
"way/462242870","","yes","","","","","","","","","","",""
"way/462242871","","yes","","","","","","","","","","",""
"way/462242876","","yes","","","","","","","","","","",""
"way/462242880","","yes","","","","","","","","","","",""
"way/462242881","","yes","","","","","","","","","","",""
"way/462242882","","yes","","","","","","","","","","",""
"way/462242883","","yes","","","","","","","","","","",""
"way/462242884","","yes","","","","","","","","","","",""
"way/462242885","","yes","","","","","","","","","","",""
"way/462242886","","yes","","","","","","","","","","",""
"way/462242888","","yes","","","","","","","","","","",""
"way/462242889","","yes","","","","","","","","","","",""
"way/462242892","","yes","","","","","","","","","","",""
"way/462242893","","yes","","","","","","","","","","",""
"way/462242897","","yes","","","","","","","","","","",""
"way/462242898","","yes","","","","","","","","","","",""
"way/462242899","","yes","","","","","","","","","","",""
"way/462242900","","yes","","","","","","","","","","",""
"way/462245345","","yes","","","","","","","","","","",""
"way/462245346","","yes","","","","","","","","","","",""
"way/462245347","","yes","","","","","","","","","","",""
"way/462245348","","yes","","","","","","","","","","",""
"way/462245349","","yes","","","","","","","","","","",""
"way/462245351","","yes","","","","","","","","","","",""
"way/462245352","","yes","","","","","","","","","","",""
"way/462245354","","yes","","","","","","","","","","",""
"way/462245355","","yes","","","","","","","","","","",""
"way/462245356","","yes","","","","","","","","","","",""
"way/462245357","","yes","","","","","","","","","","",""
"way/462245358","","yes","","","","","","","","","","",""
"way/462245359","","yes","","","","","","","","","","",""
"way/462245360","","yes","","","","","","","","","","",""
"way/462245361","","yes","","","","","","","","","","",""
"way/462245362","","yes","","","","","","","","","","",""
"way/462245363","","yes","","","","","","","","","","",""
"way/462245364","","yes","","","","","","","","","","",""
"way/462245365","","yes","","","","","","","","","","",""
"way/462245366","","yes","","","","","","","","","","",""
"way/462245367","","yes","","","","","","","","","","",""
"way/462245368","","yes","","","","","","","","","","",""
"way/462245369","","residential","","","545","Canyon Road","","","","","yes","",""
"way/462245371","Thornwood Gallery","yes","","","555","Canyon Road","","","","gallery","","",""
"way/462245372","","yes","","","","","","","","","","",""
"way/462245373","","yes","","","","","","","","","","",""
"way/462245374","","yes","","","","","","","","","","",""
"way/462245375","","yes","","","","","","","","","","",""
"way/462245376","","yes","","","","","","","","","","",""
"way/462245377","","yes","","","","","","","","","","",""
"way/462245378","","yes","","","","","","","","","","",""
"way/462245379","","yes","","","","","","","","","","",""
"way/462245381","","yes","","","","","","","","","","",""
"way/462245382","","yes","","","","","","","","","","",""
"way/462245383","","yes","","","","","","","","","","",""
"way/462245384","","yes","","","","","","","","","","",""
"way/462245386","","yes","","","","","","","","","","",""
"way/462245389","Nathalie","yes","","","503","Canyon Road","","","","gallery","","",""
"way/462245390","Chiaroscuro Contemporary Art","yes","","","558","Canyon Road","87501","","","gallery","","",""
"way/462245391","","yes","","","","","","","","","","",""
"way/462245392","","yes","","","","","","","","","","",""
"way/462245393","","retail","","","","","","","","","","",""
"way/462245394","","yes","","","","","","","","","","",""
"way/462245395","","yes","","","","","","","","","","",""
"way/462245398","Prescott Gallery & Sculpture Garden","yes","","","409","East Canyon Road","87501","","","gallery","","",""
"way/462245399","","yes","","","","","","","","","","",""
"way/462245400","","yes","","","","","","","","","","",""
"way/462245401","Art Is Gallery","yes","","","419","East Canyon Road","87501","","","gallery","","",""
"way/462245402","","yes","","","","","","","","","","",""
"way/462384939","","yes","","","","","","","","","","",""
"way/462384940","Ventana Fine Art","yes","","","400","Canyon Road","87501","","","gallery","","",""
"way/462384941","","yes","","","","","","","","","","",""
"way/462384942","","yes","","","","","","","","","","",""
"way/462384943","","yes","","","","","","","","","","",""
"way/462384944","","yes","","","","","","","","","","",""
"way/462384945","","yes","","","","","","","","","","",""
"way/462384947","Hampton Gallery","yes","","","500","Canyon Road","","","","gallery","","",""
"way/462384953","","yes","","","","","","","","","","",""
"way/462384954","","yes","","","","","","","","","","",""
"way/462384955","","yes","","","","","","","","","","",""
"way/462384956","","yes","","","","","","","","","","",""
"way/462384957","","yes","","","","","","","","","","",""
"way/462384958","","yes","","","","","","","","","","",""
"way/462384959","","yes","","","","","","","","","","",""
"way/462384964","","yes","","","","","","","","","","",""
"way/462384965","","yes","","","","","","","","","","",""
"way/462384966","","yes","","","","","","","","","","",""
"way/462395198","","yes","","","","","","","","","","",""
"way/462395201","","yes","","","","","","","","","","",""
"way/462395202","","yes","","","","","","","","","","",""
"way/462395203","","yes","","","","","","","","","","",""
"way/462395204","","yes","","","","","","","","","","",""
"way/462395205","","yes","","","","","","","","","","",""
"way/462395207","","yes","","","","","","","","","","",""
"way/462395208","","yes","","","","","","","","","","",""
"way/462395209","","yes","","","","","","","","","","",""
"way/462395211","","yes","","","","","","","","","","",""
"way/462395212","","yes","","","","","","","","","","",""
"way/462395214","","yes","","","","","","","","","","",""
"way/462395215","","yes","","","","","","","","","","",""
"way/462395216","","yes","","","","","","","","","","",""
"way/462395218","","yes","","","","","","","","","","",""
"way/462395220","","yes","","","","","","","","","","",""
"way/462395221","","yes","","","","","","","","","","",""
"way/462395223","","yes","","","","","","","","","","",""
"way/462395224","","yes","","","","","","","","","","",""
"way/462395225","","yes","","","","","","","","","","",""
"way/462395227","","yes","","","","","","","","","","",""
"way/462395230","","yes","","","","","","","","","","",""
"way/462395231","","yes","","","","","","","","","","",""
"way/462395232","","yes","","","","","","","","","","",""
"way/462395233","","yes","","","","","","","","","","",""
"way/462395237","","yes","","","","","","","","","","",""
"way/462395238","","yes","","","","","","","","","","",""
"way/462395247","","yes","","","","","","","","","","",""
"way/462395250","","yes","","","","","","","","","","",""
"way/462395253","","yes","","","","","","","","","","",""
"way/462395255","","yes","","","","","","","","","","",""
"way/462395257","","yes","","","","","","","","","","",""
"way/462395259","","yes","","","","","","","","","","",""
"way/462395268","","yes","","","","","","","","","","",""
"way/462395269","","yes","","","","","","","","","","",""
"way/462395271","","yes","","","","","","","","","","",""
"way/462395272","","yes","","","","","","","","","","",""
"way/462395275","","yes","","","","","","","","","","",""
"way/462395276","","yes","","","","","","","","","","",""
"way/462395277","","yes","","","","","","","","","","",""
"way/462395278","","yes","","","","","","","","","","",""
"way/462395279","","yes","","","","","","","","","","",""
"way/462395280","","yes","","","","","","","","","","",""
"way/462395282","","yes","","","","","","","","","","",""
"way/462395284","","yes","","","","","","","","","","",""
"way/462395285","","yes","","","","","","","","","","",""
"way/462395286","","yes","","","","","","","","","","",""
"way/462395287","","yes","","","","","","","","","","",""
"way/462404933","","yes","","","","","","","","","","",""
"way/462404934","","yes","","","","","","","","","","",""
"way/462404935","","yes","","","","","","","","","","",""
"way/462404937","","yes","","","","","","","","","","",""
"way/462404938","","yes","","","","","","","","","","",""
"way/462404939","","yes","","","","","","","","","","",""
"way/462404940","","yes","","","","","","","","","","",""
"way/462404941","","yes","","","","","","","","","","",""
"way/462404942","","yes","","","","","","","","","","",""
"way/462404943","","yes","","","","","","","","","","",""
"way/462404944","","yes","","","","","","","","","","",""
"way/462404945","","yes","","","","","","","","","","",""
"way/462404946","","yes","","","","","","","","","","",""
"way/462404947","","yes","","","","","","","","","","",""
"way/462404951","","yes","","","","","","","","","","",""
"way/462404952","","yes","","","","","","","","","","",""
"way/462404953","","yes","","","","","","","","","","",""
"way/462404954","","yes","","","","","","","","","","",""
"way/462404955","","yes","","","","","","","","","","",""
"way/462404958","","yes","","","","","","","","","","",""
"way/462404959","","yes","","","","","","","","","","",""
"way/462404968","","yes","","","","","","","","","","",""
"way/462404969","","yes","","","","","","","","","","",""
"way/462404970","","yes","","","","","","","","","","",""
"way/462404971","","yes","","","","","","","","","","",""
"way/462404972","","yes","","","","","","","","","","",""
"way/462404973","","yes","","","","","","","","","","",""
"way/462404974","","yes","","","","","","","","","","",""
"way/462404978","","yes","","","","","","","","","","",""
"way/462404979","","yes","","","","","","","","","","",""
"way/462404986","","yes","","","","","","","","","","",""
"way/462404987","","yes","","","","","","","","","","",""
"way/462404989","","yes","","","","","","","","","","",""
"way/462404990","","yes","","","","","","","","","","",""
"way/462404994","","yes","","","","","","","","","","",""
"way/462408799","","yes","","","","","","","","","","",""
"way/462408801","","yes","","","","","","","","","","",""
"way/462408802","","yes","","","","","","","","","","",""
"way/462408803","","yes","","","","","","","","","","",""
"way/462408805","","yes","","","","","","","","","","",""
"way/462408806","","yes","","","","","","","","","","",""
"way/462408807","","yes","","","","","","","","","","",""
"way/462408808","","yes","","","","","","","","","","",""
"way/462408809","","yes","","","","","","","","","","",""
"way/462408810","","yes","","","","","","","","","","",""
"way/462408811","","yes","","","","","","","","","","",""
"way/462408812","","yes","","","","","","","","","","",""
"way/462408813","","yes","","","","","","","","","","",""
"way/462408819","","yes","","","","","","","","","","",""
"way/462408820","","yes","","","","","","","","","","",""
"way/462408821","","yes","","","","","","","","","","",""
"way/462408822","","yes","","","","","","","","","","",""
"way/462408823","","yes","","","","","","","","","","",""
"way/462408824","","yes","","","","","","","","","","",""
"way/462408838","","yes","","","","","","","","","","",""
"way/462408840","","yes","","","","","","","","","","",""
"way/462408841","","yes","","","","","","","","","","",""
"way/462408842","","yes","","","","","","","","","","",""
"way/462408843","","yes","","","","","","","","","","",""
"way/462408844","","yes","","","","","","","","","","",""
"way/462421108","","yes","","","","","","","","","","",""
"way/462421110","","yes","","","","","","","","","","",""
"way/462421111","","yes","","","","","","","","","","",""
"way/462421118","","yes","","","","","","","","","","",""
"way/462421126","","school","","","","","","","","","","",""
"way/462421128","","yes","","","","","","","","","","",""
"way/462421131","","yes","","","","","","","","","","",""
"way/462421132","","yes","","","","","","","","","","",""
"way/462421133","","yes","","","","","","","","","","",""
"way/462421134","","yes","","","","","","","","","","",""
"way/462421137","","yes","","","","","","","","","","",""
"way/462421138","","yes","","","","","","","","","","",""
"way/462421139","","yes","","","","","","","","","","",""
"way/462421140","","yes","","","","","","","","","","",""
"way/462421141","","yes","","","","","","","","","","",""
"way/462421142","","yes","","","","","","","","","","",""
"way/462421143","","yes","","","","","","","","","","",""
"way/462421144","","yes","","","","","","","","","","",""
"way/462421145","","yes","","","","","","","","","","",""
"way/462421146","","yes","","","","","","","","","","",""
"way/462421147","","yes","","","","","","","","","","",""
"way/462421148","","yes","","","","","","","","","","",""
"way/462421149","","yes","","","","","","","","","","",""
"way/462421150","","yes","","","","","","","","","","",""
"way/462421151","","yes","","","","","","","","","","",""
"way/462421152","","yes","","","","","","","","","","",""
"way/462421153","","yes","","","","","","","","","","",""
"way/462421156","","yes","","","","","","","","","","",""
"way/462421157","","yes","","","","","","","","","","",""
"way/462421158","","yes","","","","","","","","","","",""
"way/462421169","","yes","","","","","","","","","","",""
"way/462421773","","yes","","","","","","","","","","",""
"way/462421774","","yes","","","","","","","","","","",""
"way/462421775","","yes","","","","","","","","","","",""
"way/462421782","","yes","","","","","","","","","","",""
"way/462421783","","yes","","","","","","","","","","",""
"way/462421788","","yes","","","","","","","","","","",""
"way/462421789","","yes","","","","","","","","","","",""
"way/462421794","","yes","","","","","","","","","","",""
"way/462424344","","yes","","","","","","","","","","",""
"way/462424345","","yes","","","","","","","","","","",""
"way/462424346","","yes","","","","","","","","","","",""
"way/462424347","","yes","","","","","","","","","","",""
"way/462424348","","yes","","","","","","","","","","",""
"way/462424349","","yes","","","","","","","","","","",""
"way/462424350","","yes","","","","","","","","","","",""
"way/462424351","","yes","","","","","","","","","","",""
"way/462424352","","yes","","","","","","","","","","",""
"way/462424353","","yes","","","","","","","","","","",""
"way/462424354","","yes","","","","","","","","","","",""
"way/462424355","","yes","","","","","","","","","","",""
"way/462424356","","yes","","","","","","","","","","",""
"way/462424357","","yes","","","","","","","","","","",""
"way/462424358","","yes","","","","","","","","","","",""
"way/462424359","","yes","","","","","","","","","","",""
"way/462424360","","commercial","","","","","","","","","","",""
"way/462424366","","yes","","","","","","","","","","",""
"way/462427933","","yes","","","","","","","","","","",""
"way/462427934","","yes","","","","","","","","","","",""
"way/462427936","","yes","","","","","","","","","","",""
"way/462427937","","yes","","","","","","","","","","",""
"way/462427939","","yes","","","","","","","","","","",""
"way/462427940","","yes","","","","","","","","","","",""
"way/462427941","","yes","","","","","","","","","","",""
"way/462427943","","yes","","","","","","","","","","",""
"way/462427944","","yes","","","","","","","","","","",""
"way/462427953","","yes","","","","","","","","","","",""
"way/462427954","","yes","","","","","","","","","","",""
"way/462427958","","yes","","","","","","","","","","",""
"way/462427960","","yes","","","","","","","","","","",""
"way/462427962","","yes","","","","","","","","","","",""
"way/462427965","","yes","","","","","","","","","","",""
"way/462427969","","yes","","","","","","","","","","",""
"way/462427970","","yes","","","","","","","","","","",""
"way/462427971","","yes","","","","","","","","","","",""
"way/462427973","","yes","","","","","","","","","","",""
"way/462427974","","yes","","","","","","","","","","",""
"way/462427975","","yes","","","","","","","","","","",""
"way/462427977","","yes","","","","","","","","","","",""
"way/462427978","","yes","","","","","","","","","","",""
"way/462427979","","yes","","","","","","","","","","",""
"way/462427980","","yes","","","","","","","","","","",""
"way/462427982","","yes","","","","","","","","","","",""
"way/462427985","","yes","","","","","","","","","","",""
"way/462427991","","yes","","","","","","","","","","",""
"way/462427998","","yes","","","","","","","","","","",""
"way/462427999","","yes","","","","","","","","","","",""
"way/462428000","","yes","","","","","","","","","","",""
"way/462428001","","yes","","","","","","","","","","",""
"way/462428002","","yes","","","","","","","","","","",""
"way/462428003","","yes","","","","","","","","","","",""
"way/462428004","","yes","","","","","","","","","","",""
"way/462428005","","yes","","","","","","","","","","",""
"way/462428006","","yes","","","","","","","","","","",""
"way/462428007","","yes","","","","","","","","","","",""
"way/462429666","","yes","","","","","","","","","","",""
"way/462429668","","yes","","","","","","","","","","",""
"way/462429671","","yes","","","","","","","","","","",""
"way/462434217","","yes","","","","","","","","","","",""
"way/462443821","","hotel","","","","","","","","","","",""
"way/462443822","Sanchez Suites","hotel","","","","","","","","","","",""
"way/462443823","North Building","hotel","","","","","","","","","","",""
"way/462443824","Casitas del Rio","hotel","","","","","","","","","","",""
"way/462443825","Casitas del Rio","hotel","","","","","","","","","","",""
"way/462443826","","hotel","","","","","","","","","","",""
"way/462443827","","hotel","","","","","","","","","","",""
"way/462443828","","hotel","","","","","","","","","","",""
"way/462443830","","hotel","","","","","","","","","","",""
"way/462443831","","hotel","","","","","","","","","","",""
"way/462885945","Villagra Building","yes","2","","408","Galisteo Street","87501","","","","yes","",""
"way/462885946","Paul Bardacke Building","yes","3","","","","87501","","","","","",""
"way/462891780","","yes","","","","","","","","","","",""
"way/462891781","","yes","","","","","","","","","","",""
"way/462891782","","yes","","","","","","","","","","",""
"way/462891783","","yes","","","","","","","","","","",""
"way/462891784","","yes","","","","","","","","","","",""
"way/462891785","","yes","","","","","","","","","","",""
"way/462891786","","yes","","","","","","","","","","",""
"way/462891789","","yes","","","","","","","","","","",""
"way/462891790","","yes","","","","","","","","","","",""
"way/462891791","","yes","","","","","","","","","","",""
"way/462891792","Inn and Bar at Vanessie","hotel","","","427","West Water Street","87501","","","","","","Q133862454"
"way/462891793","","yes","","","","","","","","","","",""
"way/462891794","","yes","","","","","","","","","","",""
"way/462891800","","yes","","","","","","","","","","",""
"way/462891803","Firestone Building","yes","2","","100","North Guadalupe Street","87501","","","","","",""
"way/462891804","","yes","","","","","","","","","","",""
"way/462891805","","yes","","","","","","","","","","",""
"way/462891806","","yes","","","","","","","","","","",""
"way/462891808","","yes","","","","","","","","","","",""
"way/462891811","","yes","","","","","","","","","","",""
"way/463027581","","yes","2","","","","","","","","","",""
"way/463027582","","yes","","","","","","","","","","",""
"way/463027583","","yes","","","","","","","","","","",""
"way/463027584","","yes","","","","","","","","","","",""
"way/463027585","","yes","","","","","","","","","","",""
"way/463027589","","yes","","","","","","","","","","",""
"way/463027590","","yes","","","","","","","","","","",""
"way/463027592","","yes","","","","","","","","","","",""
"way/470455866","","yes","","","","","","","","","","",""
"way/471980336","","school","","","","","","","","","","",""
"way/472007799","","yes","","","","","","","","","","",""
"way/472007800","","yes","","","","","","","","","","",""
"way/472032999","","house","","","","","","","","","","",""
"way/472033004","","house","","","","","","","","","","",""
"way/472033006","","house","","","","","","","","","","",""
"way/472033010","","house","","","","","","","","","","",""
"way/472033013","","house","","","","","","","","","","",""
"way/472033017","","house","","","","","","","","","","",""
"way/472033018","","house","","","","","","","","","","",""
"way/472033026","","house","","","","","","","","","","",""
"way/472033027","","house","","","","","","","","","","",""
"way/472033028","","house","","","","","","","","","","",""
"way/472033029","","house","","","","","","","","","","",""
"way/472033030","","house","","","","","","","","","","",""
"way/472033031","","house","","","","","","","","","","",""
"way/472033032","","house","","","","","","","","","","",""
"way/472033949","","house","","","","","","","","","","",""
"way/472033950","","house","","","","","","","","","","",""
"way/472033979","","kindergarten","","","","","","","","","","",""
"way/472034000","","house","","","","","","","","","","",""
"way/472034001","","house","","","","","","","","","","",""
"way/472034009","","yes","","","","","","","","","","",""
"way/472034010","","yes","","","","","","","","","","",""
"way/472034013","","yes","","","","","","","","","","",""
"way/472034381","","house","","","","","","","","","","",""
"way/472034382","","house","","","","","","","","","","",""
"way/472034383","","house","","","","","","","","","","",""
"way/472034384","","house","","","","","","","","","","",""
"way/472034387","","house","","","","","","","","","","",""
"way/472034388","","yes","","","","","","","","","","",""
"way/472034389","","house","","","","","","","","","","",""
"way/472034390","","yes","","","","","","","","","","",""
"way/472034392","","yes","","","","","","shelter","","","","",""
"way/472034393","","house","","","","","","","","","","",""
"way/472034394","","house","","","","","","","","","","",""
"way/472034397","","house","","","","","","","","","","",""
"way/472034400","","house","","","","","","","","","","",""
"way/472034401","","house","","","","","","","","","","",""
"way/472034402","","house","","","","","","","","","","",""
"way/472034403","","house","","","","","","","","","","",""
"way/472034404","","house","","","","","","","","","","",""
"way/472034405","","house","","","","","","","","","","",""
"way/472034406","","house","","","","","","","","","","",""
"way/472034409","","house","","","","","","","","","","",""
"way/472034410","","house","","","","","","","","","","",""
"way/472034415","","house","","","","","","","","","","",""
"way/472034416","","yes","","","","","","","","","","",""
"way/472034419","","yes","","","","","","","","","","",""
"way/472034420","","yes","","","","","","","","","","",""
"way/472034421","","yes","","","","","","","","","","",""
"way/472034546","","yes","","","","","","","","","","",""
"way/472034550","","house","","","","","","","","","","",""
"way/472034553","","house","","","","","","","","","","",""
"way/472034554","","house","","","","","","","","","","",""
"way/472034555","","house","","","","","","","","","","",""
"way/472034556","","house","","","","","","","","","","",""
"way/472034557","","house","","","","","","","","","","",""
"way/472034558","","house","","","","","","","","","","",""
"way/472034559","","house","","","","","","","","","","",""
"way/472034561","","yes","","","","","","","","","","",""
"way/472034564","","yes","","","","","","","","","","",""
"way/472034565","","yes","","","","","","","","","","",""
"way/472034566","","yes","","","","","","","","","","",""
"way/472034567","","yes","","","","","","","","","","",""
"way/472034568","","yes","","","","","","","","","","",""
"way/472102963","","yes","","","","","","","","","","",""
"way/472102965","","yes","","","","","","","","","","",""
"way/472102966","","yes","","","","","","","","","","",""
"way/472102967","","yes","","","","","","","","","","",""
"way/472102968","","yes","","","","","","","","","","",""
"way/472102972","","yes","","","","","","","","","","",""
"way/472102974","","yes","","","","","","","","","","",""
"way/472102975","","yes","","","","","","","","","","",""
"way/472102976","","yes","","","","","","","","","","",""
"way/472102977","","yes","","","","","","","","","","",""
"way/472102978","","yes","","","","","","","","","","",""
"way/472102979","","yes","","","","","","","","","","",""
"way/472102980","","yes","","","","","","","","","","",""
"way/472102981","","yes","","","","","","","","","","",""
"way/472102982","","yes","","","","","","","","","","",""
"way/472102983","","yes","","","","","","","","","","",""
"way/472102984","","yes","","","","","","","","","","",""
"way/472102986","","yes","","","","","","","","","","",""
"way/472102987","","yes","","","","","","","","","","",""
"way/472144589","","yes","","","","","","","","","","",""
"way/472144592","","yes","","","","","","","","","","",""
"way/472144593","","yes","","","","","","","","","","",""
"way/472144598","","yes","","","","","","","","","","",""
"way/472144600","","yes","","","","","","","","","","",""
"way/472144604","","yes","","","","","","","","","","",""
"way/472144607","","yes","","","","","","","","","","",""
"way/472144609","","yes","","","","","","","","","","",""
"way/472144610","","yes","","","","","","","","","","",""
"way/472144611","","yes","","","","","","","","","","",""
"way/472144616","","yes","","","","","","","","","","",""
"way/472144619","","yes","","","","","","","","","","",""
"way/472144623","","yes","","","","","","","","","","",""
"way/472144630","","yes","","","","","","","","","","",""
"way/472148555","","yes","","","","","","","","","","",""
"way/472148556","","yes","","","","","","","","","","",""
"way/472148562","","yes","","","","","","","","","","",""
"way/472148566","","yes","","","","","","","","","","",""
"way/472148570","","yes","","","","","","","","","","",""
"way/472148575","","yes","","","","","","","","","","",""
"way/472148577","","yes","","","","","","","","","","",""
"way/472148582","","yes","","","","","","","","","","",""
"way/472148583","","yes","","","","","","","","","","",""
"way/472148584","","yes","","","","","","","","","","",""
"way/472148585","","yes","","","","","","","","","","",""
"way/472148586","","yes","","","","","","","","","","",""
"way/472148587","","yes","","","","","","","","","","",""
"way/472148588","","yes","","","","","","","","","","",""
"way/472148589","","yes","","","","","","","","","","",""
"way/472148590","","yes","","","","","","","","","","",""
"way/472148591","","yes","","","","","","","","","","",""
"way/472148594","","yes","","","518","Old Santa Fe Trail","87505","","","","","",""
"way/472152767","","yes","","","","","","","","","","",""
"way/472152770","","yes","","","","","","","","","","",""
"way/472152772","","yes","","","","","","","","","","",""
"way/472152773","","yes","","","","","","","","","","",""
"way/472152775","","yes","","","","","","","","","","",""
"way/472152777","","yes","","","","","","","","","","",""
"way/472152779","","yes","","","","","","","","","","",""
"way/472152782","","yes","","","","","","","","","","",""
"way/472152785","","yes","","","","","","","","","","",""
"way/472152787","","yes","","","","","","","","","","",""
"way/472152789","","yes","","","","","","","","","","",""
"way/472152791","","yes","","","","","","","","","","",""
"way/472152793","","yes","","","","","","","","","","",""
"way/472152800","","yes","","","","","","","","","","",""
"way/472152804","","yes","","","","","","","","","","",""
"way/472152806","","yes","","","","","","","","","","",""
"way/472152811","","yes","","","","","","","","","","",""
"way/472152813","","yes","","","","","","","","","","",""
"way/472152815","","yes","","","","","","","","","","",""
"way/472152817","","yes","","","","","","","","","","",""
"way/472152821","Casa de Corey","yes","","","212","E. Santa Fe Ave.","87501","","","","","",""
"way/472152826","","yes","","","","","","","","","","",""
"way/472152828","","yes","","","","","","","","","","",""
"way/472152831","","yes","","","","","","","","","","",""
"way/472152840","","yes","","","","","","","","","","",""
"way/472152842","","yes","","","","","","","","","","",""
"way/472153875","","yes","","","","","","","","","","",""
"way/472153876","","yes","","","","","","","","","","",""
"way/472153878","","yes","","","","","","","","","","",""
"way/472153879","","yes","","","","","","","","","","",""
"way/472153880","","yes","","","","","","","","","","",""
"way/472153881","","yes","","","","","","","","","","",""
"way/472153882","","yes","","","","","","","","","","",""
"way/472153883","","yes","","","","","","","","","","",""
"way/472153886","","yes","","","","","","","","","","",""
"way/472153887","","yes","","","1239","Paseo de Peralta","","","","","","",""
"way/472157558","Greer Mansion Professional Offices","yes","2","","505","Don Gaspar Avenue","","","","","","",""
"way/472157564","","yes","","","","","","","","","","",""
"way/472157565","Grubesic Building","yes","","","1322","Paseo de Peralta","","","","","","",""
"way/472157567","","yes","","","","","","","","","","",""
"way/472157568","","yes","","","","","","","","","","",""
"way/472157569","","yes","","","","","","","","","","",""
"way/472157571","Sargent House","yes","2","","521","Paseo de Peralta","87501","","","","building","",""
"way/472157573","","roof","","","","","","","","","","",""
"way/472157574","","yes","","","","","","","","","","",""
"way/472157581","","yes","","","","","","","","","","",""
"way/472157582","","yes","","","","","","","","","","",""
"way/472157584","","yes","","","","","","","","","","",""
"way/472157585","","yes","","","","","","","","","","",""
"way/472157586","","yes","","","","","","","","","","",""
"way/472157587","","yes","","","","","","","","","","",""
"way/472163564","","yes","","","","","","","","","","",""
"way/472163570","","yes","","","","","","","","","","",""
"way/472163576","","yes","","","","","","","","","","",""
"way/472163583","","yes","","","","","","","","","","",""
"way/472164364","","roof","","","","","","","","","","",""
"way/473190151","Santuario de Nuestra Señora de Guadalupe","religious","","","417","Agua Fria Street","87501","place_of_worship","","","","","Q52515315"
"way/473190160","","church","","","","","","","","","","",""
"way/473190162","","yes","","","","","","","","","","",""
"way/473190163","","yes","","","","","","","","","","",""
"way/473220810","Plaza Bandstand","yes","1","","","","","","","","","",""
"way/473459941","","yes","","","","","","","","","","",""
"way/473459942","","yes","","","","","","","","","","",""
"way/473459943","","yes","","","","","","","","","","",""
"way/473459944","","yes","","","","","","","","","","",""
"way/473459946","","yes","","","","","","","","","","",""
"way/473459947","","yes","","","","","","","","","","",""
"way/473459948","","yes","","","","","","","","","","",""
"way/473459952","","yes","","","","","","","","","","",""
"way/473584623","","yes","","","","","","","","","","",""
"way/473584624","Museum of New Mexico Foundation Offices","yes","","","1411","Paseo de Peralta","87501","","","","","",""
"way/473584625","","yes","","","","","","","","","","",""
"way/473584626","","yes","","","","","","","","","","",""
"way/473584629","","yes","","","","","","","","","","",""
"way/473584632","","yes","","","","","","","","","","",""
"way/473584633","","yes","","","","","","","","","","",""
"way/473584634","","yes","","","","","","","","","","",""
"way/473584636","","yes","","","","","","","","","","",""
"way/473584637","","yes","","","","","","","","","","",""
"way/473584638","","yes","","","","","","","","","","",""
"way/473584640","","yes","","","","","","","","","","",""
"way/473584641","","yes","","","","","","","","","","",""
"way/473584642","","yes","","","","","","","","","","",""
"way/473584643","","yes","","","","","","","","","","",""
"way/473584644","","yes","","","","","","","","","","",""
"way/473584645","","yes","","","","","","","","","","",""
"way/473584646","","yes","","","","","","","","","","",""
"way/473584647","","yes","","","","","","","","","","",""
"way/473584648","","yes","","","","","","","","","","",""
"way/473584649","","yes","","","","","","","","","","",""
"way/473584651","","yes","","","","","","","","","","",""
"way/473584652","","yes","","","","","","","","","","",""
"way/473584653","","yes","","","","","","","","","","",""
"way/473584654","","yes","","","","","","","","","","",""
"way/473584655","","yes","","","","","","","","","","",""
"way/473584656","","yes","","","","","","","","","","",""
"way/473584657","","yes","","","","","","","","","","",""
"way/473584661","","yes","","","","","","","","","","",""
"way/473584662","","yes","","","","","","","","","","",""
"way/473584663","","yes","","","","","","","","","","",""
"way/473584664","","yes","","","","","","","","","","",""
"way/473585947","","yes","","","","","","","","","","",""
"way/473585949","","yes","","","","","","","","","","",""
"way/473585950","","yes","","","","","","","","","","",""
"way/473585951","","yes","","","","","","","","","","",""
"way/473585952","","yes","","","","","","","","","","",""
"way/473585955","","yes","","","","","","","","","","",""
"way/473585956","","yes","","","","","","","","","","",""
"way/473585957","","yes","","","","","","","","","","",""
"way/473585958","","yes","","","","","","","","","","",""
"way/473585959","","yes","","","","","","","","","","",""
"way/473585961","","yes","","","","","","","","","","",""
"way/473585962","","yes","","","","","","","","","","",""
"way/473585963","","yes","","","","","","","","","","",""
"way/473591094","","yes","","","","","","","","","","",""
"way/473591095","","yes","","","","","","","","","","",""
"way/473591096","","yes","","","","","","","","","","",""
"way/473591097","","yes","","","","","","","","","","",""
"way/473591098","","yes","","","","","","","","","","",""
"way/473591099","","yes","","","","","","","","","","",""
"way/473591103","","yes","","","","","","","","","","",""
"way/473591106","","yes","","","","","","","","","","",""
"way/473591107","","yes","","","","","","","","","","",""
"way/473591111","","yes","","","","","","","","","","",""
"way/473591116","","yes","","","","","","","","","","",""
"way/473591117","","yes","","","","","","","","","","",""
"way/473591118","","yes","","","","","","","","","","",""
"way/473591119","","yes","","","","","","","","","","",""
"way/473591120","","yes","","","","","","","","","","",""
"way/473591121","","yes","","","","","","","","","","",""
"way/473591122","","yes","","","","","","","","","","",""
"way/473591123","","yes","","","","","","","","","","",""
"way/473591124","","yes","","","","","","","","","","",""
"way/473591153","The Salvation Army","yes","","","","","","","","","","",""
"way/473616695","","yes","","","","","","","","","","",""
"way/473616696","","yes","","","","","","","","","","",""
"way/473616697","","yes","","","","","","","","","","",""
"way/473616698","","yes","","","","","","","","","","",""
"way/473616699","","yes","","","","","","","","","","",""
"way/473616700","","yes","","","","","","","","","","",""
"way/473616701","","yes","","","","","","","","","","",""
"way/473616702","","yes","","","","","","","","","","",""
"way/473616703","","yes","","","","","","","","","","",""
"way/473616704","Feldhake Building","office","2","","300","Catron Street","","","","","","",""
"way/473616705","","yes","","","238","Griffin Street","","","","","","",""
"way/473616706","","yes","","","","","","","","","","",""
"way/473616707","","yes","","","","","","","","","","",""
"way/473616708","","yes","","","","","","","","","","",""
"way/473616709","","yes","","","","","","","","","","",""
"way/473616710","","yes","","","","","","","","","","",""
"way/473616711","","yes","","","","","","","","","","",""
"way/473616712","","yes","","","","","","","","","","",""
"way/473616713","","yes","","","","","","","","","","",""
"way/473616714","","yes","","","","","","","","","","",""
"way/473616715","","yes","","","","","","","","","","",""
"way/473616716","","yes","","","","","","","","","","",""
"way/473616717","","yes","","","","","","","","","","",""
"way/473616718","","yes","","","","","","","","","","",""
"way/473616719","","yes","","","","","","","","","","",""
"way/473616720","","yes","","","","","","","","","","",""
"way/473616721","","yes","","","","","","","","","","",""
"way/473616722","","yes","","","","","","","","","","",""
"way/473616723","","yes","","","","","","","","","","",""
"way/473616738","","yes","","","","","","","","","","",""
"way/473616739","","yes","","","","","","","","","","",""
"way/473616740","","yes","","","","","","","","","","",""
"way/473616741","","yes","","","","","","","","","","",""
"way/473616742","","yes","","","","","","","","","","",""
"way/473616743","Santa Fe Chamber Music Festival","yes","","","208","Griffin Street","87501","","","","","",""
"way/473616746","","yes","","","","","","","","","","",""
"way/473616747","","yes","","","","","","","","","","",""
"way/473616753","","yes","","","","","","","","","","",""
"way/473616754","","yes","","","","","","","","","","",""
"way/473616756","","yes","","","","","","","","","","",""
"way/473616757","","yes","","","","","","","","","","",""
"way/473616758","","yes","","","","","","","","","","",""
"way/473616760","","yes","","","","","","","","","","",""
"way/473616761","","yes","","","","","","","","","","",""
"way/473616762","","yes","","","","","","","","","","",""
"way/473616763","","yes","","","","","","","","","","",""
"way/473616764","","yes","","","","","","","","","","",""
"way/473616765","","yes","","","","","","","","","","",""
"way/473616766","","yes","","","","","","","","","","",""
"way/473616767","","yes","","","","","","","","","","",""
"way/473616768","Adobe Abode Casita","yes","","","","","","","","apartment","","",""
"way/473616770","","yes","","","","","","","","","","",""
"way/473616771","","yes","","","","","","","","","","",""
"way/473616772","","yes","","","","","","","","","","",""
"way/473616773","","yes","","","","","","","","","","",""
"way/473616774","","yes","","","","","","","","","","",""
"way/473616775","","yes","","","","","","","","","","",""
"way/473616776","","yes","","","","","","","","","","",""
"way/473616777","","yes","","","","","","","","","","",""
"way/473616778","","yes","","","","","","","","","","",""
"way/473616779","","yes","","","","","","","","","","",""
"way/473616781","","yes","","","","","","","","","","",""
"way/473616782","","yes","","","","","","","","","","",""
"way/473616783","","yes","","","","","","","","","","",""
"way/473618078","","yes","","","","","","","","","","",""
"way/473618079","","yes","","","","","","","","","","",""
"way/473618088","","yes","","","","","","","","","","",""
"way/473618089","","yes","","","","","","","","","","",""
"way/473618092","","yes","","","136","Grant Avenue","","","","","","",""
"way/473618093","","yes","","","","","","","","","","",""
"way/473618094","","yes","","","","","","","","","","",""
"way/473618095","","yes","","","","","","","","","","",""
"way/473618942","","yes","","","","","","","","","","",""
"way/473618944","The Deli at Sassella","yes","","","216","McKenzie Street","87501","","deli","","","",""
"way/473618946","","yes","","","","","","","","","","",""
"way/473618948","","yes","","","","","","","","","","",""
"way/473618956","","yes","","","","","","","","","","",""
"way/473618960","","yes","","","","","","","","","","",""
"way/473618961","","yes","","","","","","","","","","",""
"way/473672197","Century Bank","yes","2","","","","","bank","","","","",""
"way/473673102","510 Guadalupe","commercial","","","510","North Guadalupe Street","87501","","","","","",""
"way/473673118","","yes","","","","","","","","","","",""
"way/473673119","Rosario Chapel","chapel","","","499","North Guadalupe Street","87501","","","","","",""
"way/473673120","","yes","","","","","","","","","","",""
"way/473673121","","yes","","","","","","","","","","",""
"way/473673122","Office","yes","","","","","","","","","","",""
"way/473673727","","retail","","","604","North Guadalupe Street","87501","","","","","",""
"way/473673728","","yes","","","","","","","","","","",""
"way/473673729","","yes","","","","","","","","","","",""
"way/473673731","Blake's Lotaburger","yes","","","404","North Guadalupe Street","87501","fast_food","","","","",""
"way/473673732","Dolina Santa Fe","yes","","","402","North Guadalupe Street","87501","","bakery","","","",""
"way/473673733","Martinizing Dry Cleaning","yes","","","","North Guadalupe Street","","","dry_cleaning","","","",""
"way/473673734","","yes","","","","","","","","","","",""
"way/473674878","SavantX Research Center","yes","","","504","Jose Street","","","","","","",""
"way/473674879","","yes","","","","","","","","","","",""
"way/473674880","","yes","","","","","","","","","","",""
"way/473674881","","yes","","","","","","","","","","",""
"way/473674882","","yes","","","","","","","","","","",""
"way/473674883","","yes","","","","","","","","","","",""
"way/473674884","","yes","","","","","","","","","","",""
"way/473674885","","yes","","","","","","","","","","",""
"way/473674886","","yes","","","","","","","","","","",""
"way/473674887","","yes","","","","","","","","","","",""
"way/473674888","","yes","","","","","","","","","","",""
"way/473674891","","yes","","","","","","","","","","",""
"way/473674892","","yes","","","","","","","","","","",""
"way/473674893","","yes","","","","","","","","","","",""
"way/473674895","","yes","","","","","","","","","","",""
"way/473674899","","yes","","","","","","","","","","",""
"way/473674900","","yes","","","","","","","","","","",""
"way/473674901","","yes","","","","","","","","","","",""
"way/473674902","","yes","","","","","","","","","","",""
"way/473674903","","yes","","","","","","","","","","",""
"way/473674904","","yes","","","","","","","","","","",""
"way/473674909","","yes","","","","","","","","","","",""
"way/473674911","","yes","","","","","","","","","","",""
"way/473674914","","yes","","","","","","","","","","",""
"way/473682358","","yes","","","","","","","","","","",""
"way/473682364","","yes","","","","","","","","","","",""
"way/473682365","","yes","","","","","","","","","","",""
"way/473682367","","yes","","","","","","","","","","",""
"way/473682368","","yes","","","","","","","","","","",""
"way/473682369","","yes","","","","","","","","","","",""
"way/473682370","","yes","","","","","","","","","","",""
"way/473682371","","yes","","","","","","","","","","",""
"way/473682375","","yes","","","","","","","","","","",""
"way/473682381","","yes","","","222","North Guadalupe Street","","","","","","",""
"way/473682382","","yes","","","","","","","","","","",""
"way/473682383","","yes","","","","","","","","","","",""
"way/473682384","","yes","","","","","","","","","","",""
"way/473682385","","yes","","","","","","","","","","",""
"way/473682387","","yes","","","232","North Guadalupe Street","","","","","","",""
"way/473682388","","yes","","","","","","","","","","",""
"way/473682392","","yes","","","","","","","","","","",""
"way/473682393","","yes","","","","","","","","","","",""
"way/473682394","","yes","","","","","","","","","","",""
"way/473682395","","yes","","","","","","","","","","",""
"way/473682396","","yes","","","","","","","","","","",""
"way/473682397","","yes","","","","","","","","","","",""
"way/473682398","","yes","","","","","","","","","","",""
"way/473682399","","yes","","","","","","","","","","",""
"way/473682401","","yes","","","","","","","","","","",""
"way/473682402","","yes","","","","","","","","","","",""
"way/473682404","","yes","","","","","","","","","","",""
"way/473682405","","yes","","","443","West San Francisco Street","87501","","","","","",""
"way/473682406","","yes","","","","","","","","","","",""
"way/473682409","","yes","","","","","","","","","","",""
"way/473682410","","yes","","","","","","","","","","",""
"way/473682412","","yes","","","","","","","","","","",""
"way/473682413","","yes","","","","","","","","","","",""
"way/473682414","","yes","","","","","","","","","","",""
"way/473682415","","yes","","","","","","","","","","",""
"way/473682416","","yes","","","","","","","","","","",""
"way/473682421","","yes","","","","","","","","","","",""
"way/473682422","","yes","","","","","","","","","","",""
"way/473682426","","yes","","","","","","","","","","",""
"way/473682427","","yes","","","","","","","","","","",""
"way/473682428","","yes","","","","","","","","","","",""
"way/473682429","","yes","","","","","","","","","","",""
"way/473682431","","yes","","","","","","","","","","",""
"way/473682432","","yes","","","","","","","","","","",""
"way/473684775","","yes","","","","","","","","","","",""
"way/473684776","","yes","","","","","","","","","","",""
"way/473684777","","yes","","","","","","","","","","",""
"way/473684778","","yes","","","","","","","","","","",""
"way/473684779","","yes","","","","","","","","","","",""
"way/473684780","","yes","","","","","","","","","","",""
"way/473684781","","yes","","","","","","","","","","",""
"way/473684782","","yes","","","","","","","","","","",""
"way/473684787","","yes","","","","","","","","","","",""
"way/473684788","","yes","","","","","","","","","","",""
"way/473684790","","yes","","","","","","","","","","",""
"way/473684791","","yes","","","","","","","","","","",""
"way/473684792","","yes","","","","","","","","","","",""
"way/473684793","","yes","","","","","","","","","","",""
"way/473684794","","yes","","","","","","","","","","",""
"way/473684797","","yes","","","","","","","","","","",""
"way/473684798","","yes","","","","","","","","","","",""
"way/473684802","","yes","","","","","","","","","","",""
"way/473684804","","yes","","","","","","","","","","",""
"way/473684805","","yes","","","","","","","","","","",""
"way/473684806","","yes","","","","","","","","","","",""
"way/473684807","","yes","","","","","","","","","","",""
"way/473684808","","yes","","","","","","","","","","",""
"way/473684810","","yes","","","","","","","","","","",""
"way/473684811","","yes","","","","","","","","","","",""
"way/473684812","","yes","","","","","","","","","","",""
"way/473684813","","yes","","","","","","","","","","",""
"way/473684817","","yes","","","","","","","","","","",""
"way/473684818","","yes","","","","","","","","","","",""
"way/473684820","","yes","","","","","","","","","","",""
"way/473684824","","yes","","","","","","","","","","",""
"way/473684826","","yes","","","","","","","","","","",""
"way/473684828","","yes","","","","","","","","","","",""
"way/473684829","","yes","","","","","","","","","","",""
"way/473684830","","yes","","","","","","","","","","",""
"way/473684832","","yes","","","","","","","","","","",""
"way/473684833","","yes","","","","","","","","","","",""
"way/473684834","","yes","","","","","","","","","","",""
"way/473684835","","yes","","","","","","","","","","",""
"way/473684837","","yes","","","","","","","","","","",""
"way/473684838","","yes","","","","","","","","","","",""
"way/473684839","","yes","","","","","","","","","","",""
"way/473684840","","yes","","","","","","","","","","",""
"way/473684841","","yes","","","","","","","","","","",""
"way/473684842","","yes","","","","","","","","","","",""
"way/473684843","","yes","","","","","","","","","","",""
"way/473684844","","yes","","","","","","","","","","",""
"way/473684845","","yes","","","","","","","","","","",""
"way/473684846","","yes","","","","","","","","","","",""
"way/473684847","","yes","","","","","","","","","","",""
"way/473684848","","yes","","","","","","","","","","",""
"way/473685672","","apartments","","","400","","","","","","","",""
"way/473685677","","apartments","3","","","","","","","","","",""
"way/473685683","","apartments","3","","","","","","","","","",""
"way/473686034","","yes","","","","","","","","","","",""
"way/473686035","","yes","","","","","","","","","","",""
"way/473686036","","yes","","","","","","","","","","",""
"way/473686038","","yes","","","","","","","","","","",""
"way/473686039","","yes","","","","","","","","","","",""
"way/474080264","","house","2","","106","Villa Alegre Street","87501","","","","","",""
"way/474086238","","yes","1","","","","","","","","","",""
"way/474086239","","house","1","","710","West Alameda Street","87501","","","","","",""
"way/474086240","","house","1","","710","West Alameda Street","87501","","","","","",""
"way/474086241","","yes","","","","","","","","","","",""
"way/474086247","","house","1","","654","West San Francisco Street","87501","","","","","",""
"way/474086248","","house","1","","654","West San Francisco Street","87501","","","","","",""
"way/474086249","","house","1","","654","West San Francisco Street","87501","","","","","",""
"way/474086250","","house","1","","654","West San Francisco Street","87501","","","","","",""
"way/474240789","","yes","","","","","","","","","","",""
"way/474240790","","yes","","","","","","","","","","",""
"way/474240792","","yes","","","","","","","","","","",""
"way/474240793","","yes","","","","","","","","","","",""
"way/474240796","","yes","","","","","","","","","","",""
"way/474241931","","yes","","","","","","","","","","",""
"way/474241932","","yes","","","","","","","","","","",""
"way/474241933","","yes","","","","","","","","","","",""
"way/474241934","","yes","","","","","","","","","","",""
"way/474241935","","yes","","","","","","","","","","",""
"way/474241936","","yes","","","","","","","","","","",""
"way/474241939","","yes","","","","","","","","","","",""
"way/474253245","","yes","","","","","","","","","","",""
"way/474253246","","yes","","","","","","","","","","",""
"way/474253247","","yes","","","","","","","","","","",""
"way/474253250","","yes","","","","","","","","","","",""
"way/474442535","Sky Cinema","yes","3","","1606","Alcaldesa Street","87501","cinema","","","","","Q43009939"
"way/475713005","","yes","","","","","","","","","","",""
"way/475713007","","yes","","","","","","","","","","",""
"way/475713010","","yes","","","","","","","","","","",""
"way/475713013","","yes","","","","","","","","","","",""
"way/475713014","","yes","","","","","","","","","","",""
"way/475713015","","yes","","","","","","","","","","",""
"way/475713018","","yes","","","","","","","","","","",""
"way/475713019","","yes","","","","","","","","","","",""
"way/475713020","","yes","","","","","","","","","","",""
"way/475713021","","yes","","","","","","","","","","",""
"way/475713023","","yes","","","","","","","","","","",""
"way/475713024","","yes","","","","","","","","","","",""
"way/475713025","","yes","","","","","","","","","","",""
"way/475713026","","yes","","","","","","","","","","",""
"way/475713027","","yes","","","","","","","","","","",""
"way/475713028","","yes","","","","","","","","","","",""
"way/475713033","","yes","","","","","","","","","","",""
"way/475713035","","yes","","","","","","","","","","",""
"way/475713036","","yes","","","","","","","","","","",""
"way/475713037","","yes","","","","","","","","","","",""
"way/475713038","","detached","","","","","","","","","","",""
"way/475713039","","yes","","","","","","","","","","",""
"way/475713040","","yes","","","","","","","","","","",""
"way/475713041","","yes","","","","","","","","","","",""
"way/475713043","","yes","","","","","","","","","","",""
"way/475713044","","yes","","","","","","","","","","",""
"way/475713045","","yes","","","","","","","","","","",""
"way/475713046","","yes","","","","","","","","","","",""
"way/475713047","","yes","","","","","","","","","","",""
"way/475713048","","yes","","","","","","","","","","",""
"way/475713050","","yes","","","","","","","","","","",""
"way/475713051","","yes","","","","","","","","","","",""
"way/475713054","","yes","","","","","","","","","","",""
"way/475713056","","yes","","","","","","","","","","",""
"way/475713057","","yes","","","","","","","","","","",""
"way/475713058","","yes","","","","","","","","","","",""
"way/475713059","","yes","","","","","","","","","","",""
"way/475713060","","yes","","","","","","","","","","",""
"way/475713063","","yes","","","","","","","","","","",""
"way/475713064","","yes","","","","","","","","","","",""
"way/475713065","","yes","","","","","","","","","","",""
"way/475713068","","yes","","","","","","","","","","",""
"way/475970069","","yes","","","","","","","","","","",""
"way/475970070","","yes","","","","","","","","","","",""
"way/475970071","","yes","","","","","","","","","","",""
"way/475970073","","yes","","","","","","","","","","",""
"way/475970077","","yes","","","","","","","","","","",""
"way/475970078","","yes","","","","","","","","","","",""
"way/475970079","","yes","","","","","","","","","","",""
"way/475970080","","yes","","","","","","","","","","",""
"way/475970082","","yes","","","","","","","","","","",""
"way/475976025","","yes","","","","","","","","","","",""
"way/475976050","","yes","","","","","","","","","","",""
"way/476136429","","yes","","","","","","","","","","",""
"way/476136430","","yes","","","","","","","","","","",""
"way/476136434","","yes","","","","","","","","","","",""
"way/476136439","","yes","","","","","","","","","","",""
"way/476136440","","yes","","","","","","","","","","",""
"way/476136441","","yes","","","","","","","","","","",""
"way/476136444","","yes","","","","","","","","","","",""
"way/476136445","","yes","","","","","","","","","","",""
"way/476136450","","yes","","","","","","","","","","",""
"way/476136451","","yes","","","","","","","","","","",""
"way/476136452","","yes","","","","","","","","","","",""
"way/476136453","","yes","","","","","","","","","","",""
"way/476136454","","yes","","","","","","","","","","",""
"way/476136455","","yes","","","","","","","","","","",""
"way/476136456","","yes","","","","","","","","","","",""
"way/476136457","","yes","","","","","","","","","","",""
"way/476136458","","yes","","","","","","","","","","",""
"way/476136459","","yes","","","","","","","","","","",""
"way/476136460","","yes","","","","","","","","","","",""
"way/476136461","","yes","","","","","","","","","","",""
"way/476136462","","yes","","","","","","","","","","",""
"way/476136463","","yes","","","","","","","","","","",""
"way/476136465","","yes","","","","","","","","","","",""
"way/476136466","","yes","","","","","","","","","","",""
"way/476136467","","yes","","","","","","","","","","",""
"way/476136468","","yes","","","","","","","","","","",""
"way/476136469","","yes","","","","","","","","","","",""
"way/476136470","","yes","","","","","","","","","","",""
"way/476136471","","yes","","","","","","","","","","",""
"way/476136472","","yes","","","","","","","","","","",""
"way/476136473","","yes","","","","","","","","","","",""
"way/476136475","","yes","","","","","","","","","","",""
"way/476136476","","yes","","","","","","","","","","",""
"way/476149371","","yes","","","","","","","","","","",""
"way/476149372","","yes","","","","","","","","","","",""
"way/476149373","","yes","","","","","","","","","","",""
"way/476149374","","yes","","","","","","","","","","",""
"way/476149375","","yes","","","","","","","","","","",""
"way/476149376","","yes","","","","","","","","","","",""
"way/476149377","","yes","","","","","","","","","","",""
"way/476149378","","yes","","","","","","","","","","",""
"way/476149379","","yes","","","","","","","","","","",""
"way/476149380","","yes","","","","","","","","","","",""
"way/476149381","","yes","","","","","","","","","","",""
"way/476149382","","yes","","","","","","","","","","",""
"way/476149383","","yes","","","","","","","","","","",""
"way/476149384","","yes","","","","","","","","","","",""
"way/476149385","","yes","","","","","","","","","","",""
"way/476149386","","yes","","","","","","","","","","",""
"way/476149387","","yes","","","","","","","","","","",""
"way/476149396","","yes","","","","","","","","","","",""
"way/476149397","","yes","","","","","","","","","","",""
"way/476149399","","yes","","","","","","","","","","",""
"way/476149403","","yes","","","","","","","","","","",""
"way/476149405","","yes","","","","","","","","","","",""
"way/476149406","","yes","","","","","","","","","","",""
"way/476149407","","yes","","","","","","","","","","",""
"way/476149408","","yes","","","","","","","","","","",""
"way/476441742","","yes","","","","","","","","","","",""
"way/476441743","","yes","","","","","","","","","building","",""
"way/478519447","","yes","","","","","","","","","","",""
"way/478519448","","yes","","","","","","","","","","",""
"way/478519449","","yes","","","","","","","","","","",""
"way/478519450","","yes","","","","","","","","","","",""
"way/478519451","","yes","","","","","","","","","","",""
"way/478519452","","yes","","","","","","","","","","",""
"way/478519453","","yes","","","","","","","","","","",""
"way/478519454","","yes","","","","","","","","","","",""
"way/478519455","","yes","","","","","","","","","","",""
"way/478519456","","yes","","","","","","","","","","",""
"way/478519457","","yes","","","","","","","","","","",""
"way/478519458","","yes","","","","","","","","","","",""
"way/478519459","","yes","","","","","","","","","","",""
"way/478519460","","yes","","","","","","","","","","",""
"way/478519461","","yes","","","","","","","","","","",""
"way/478519462","","yes","","","","","","","","","","",""
"way/478519463","","yes","","","","","","","","","","",""
"way/478519464","","yes","","","","","","","","","","",""
"way/478519465","","yes","","","","","","","","","","",""
"way/478519466","","yes","","","","","","","","","","",""
"way/478519467","","yes","","","","","","","","","","",""
"way/478519470","","yes","","","","","","","","","","",""
"way/478519471","","yes","","","","","","","","","","",""
"way/478527574","","yes","","","","","","","","","","",""
"way/478527575","","yes","","","","","","","","","","",""
"way/478527576","","yes","","","","","","","","","","",""
"way/478527577","","yes","","","","","","","","","","",""
"way/478527578","","yes","","","","","","","","","","",""
"way/478527579","","yes","","","","","","","","","","",""
"way/478527580","","yes","","","","","","","","","","",""
"way/478527581","","yes","","","","","","","","","","",""
"way/478527582","","yes","","","","","","","","","","",""
"way/478527583","","yes","","","","","","","","","","",""
"way/478528615","","yes","","","","","","","","","","",""
"way/478528616","","yes","","","","","","","","","","",""
"way/478528619","","yes","","","","","","","","","","",""
"way/478528620","","yes","","","","","","","","","","",""
"way/478528621","","yes","","","","","","","","","","",""
"way/478528622","","yes","","","","","","","","","","",""
"way/478528623","","yes","","","","","","","","","","",""
"way/478528624","","yes","","","","","","","","","","",""
"way/478528625","","yes","","","","","","","","","","",""
"way/478528626","","yes","","","","","","","","","","",""
"way/478528627","","yes","","","","","","","","","","",""
"way/478528628","","yes","","","","","","","","","","",""
"way/478528629","","yes","","","","","","","","","","",""
"way/478528630","","yes","","","","","","","","","","",""
"way/478528631","","yes","","","","","","","","","","",""
"way/478528632","","yes","","","","","","","","","","",""
"way/478528633","","yes","","","","","","","","","","",""
"way/478528634","","yes","","","","","","","","","","",""
"way/478528635","","yes","","","","","","","","","","",""
"way/478528636","","yes","","","","","","","","","","",""
"way/478528637","","yes","","","","","","","","","","",""
"way/478528638","","yes","","","","","","","","","","",""
"way/478528639","","yes","","","","","","","","","","",""
"way/478528640","","yes","","","","","","","","","","",""
"way/478528641","","yes","","","","","","","","","","",""
"way/478528642","","yes","","","","","","","","","","",""
"way/478528643","","yes","","","","","","","","","","",""
"way/478528644","","yes","","","","","","","","","","",""
"way/478528645","","yes","","","","","","","","","","",""
"way/478528646","","yes","","","","","","","","","","",""
"way/478528647","","yes","","","","","","","","","","",""
"way/478528648","","yes","","","","","","","","","","",""
"way/478528649","","yes","","","","","","","","","","",""
"way/478896614","","yes","","","","","","","","","","",""
"way/478896615","","yes","","","","","","","","","","",""
"way/478896616","","yes","","","","","","","","","","",""
"way/478896617","","yes","","","","","","","","","","",""
"way/478896618","","yes","","","","","","","","","","",""
"way/478896621","","yes","","","","","","","","","","",""
"way/478896622","","yes","","","","","","","","","","",""
"way/478896623","","yes","","","","","","","","","","",""
"way/478896624","","yes","","","","","","","","","","",""
"way/478896625","","yes","","","","","","","","","","",""
"way/478896626","","yes","","","","","","","","","","",""
"way/478896627","","yes","","","","","","","","","","",""
"way/478896628","","yes","","","","","","","","","","",""
"way/478896629","","yes","","","","","","","","","","",""
"way/478896630","","yes","","","","","","","","","","",""
"way/478896631","","yes","","","","","","","","","","",""
"way/478896633","","yes","","","","","","","","","","",""
"way/478896634","","yes","","","","","","","","","","",""
"way/478896635","","yes","","","","","","","","","","",""
"way/478896636","","yes","","","","","","","","","","",""
"way/478967131","","yes","","","844","Don Cubero Avenue","87505","","","","","",""
"way/478967132","","yes","","","","","","","","","","",""
"way/478967133","","yes","","","848","Don Cubero Avenue","87505","","","","","",""
"way/478995708","","house","","","","","","","","","","",""
"way/478997071","","yes","","","","","","","","","","",""
"way/478997205","","yes","","","","","","","","","","",""
"way/479453220","","house","","","","","","","","","","",""
"way/479453221","","house","","","","","","","","","","",""
"way/479453222","","yes","","","","","","","","","","",""
"way/479453226","","house","","","","","","","","","","",""
"way/479453227","","yes","","","","","","","","","","",""
"way/479453228","","yes","","","","","","","","","","",""
"way/479453229","","yes","","","","","","","","","","",""
"way/481294017","","yes","","","","","","","","","","",""
"way/482932608","","yes","","","","","","","","","","",""
"way/482932609","","yes","","","","","","","","","","",""
"way/482932610","","yes","","","","","","","","","","",""
"way/482932611","","yes","","","","","","","","","","",""
"way/482932612","","yes","","","","","","","","","","",""
"way/482932613","","yes","","","","","","","","","","",""
"way/482932614","","yes","","","737","Don Cubero Alley","87505","","","","","",""
"way/482932615","","yes","","","737","Don Cubero Alley","87505","","","","","",""
"way/482932616","","yes","","","737","Don Cubero Alley","87505","","","","","",""
"way/482932617","","yes","","","737","Don Cubero Alley","87505","","","","","",""
"way/482932618","","yes","","","","","","","","","","",""
"way/482932619","","yes","","","735","Don Cubero Alley","87505","","","","","",""
"way/482932620","","yes","","","","","","","","","","",""
"way/482932621","","yes","","","","","","","","","","",""
"way/482932622","","yes","","","","","","","","","","",""
"way/482932623","","yes","","","","","","","","","","",""
"way/482932624","","yes","","","","","","","","","","",""
"way/482932625","","yes","","","","","","","","","","",""
"way/482932626","","yes","","","721","Don Diego Avenue","87505","","","","","",""
"way/482932627","","yes","","","","","","","","","","",""
"way/482932628","","yes","","","723","Don Diego Avenue","87505","","","","","",""
"way/482932629","","yes","","","","","","","","","","",""
"way/482932630","","yes","","","729","Don Diego Avenue","87505","","","","","",""
"way/482932634","","yes","","","737","Don Diego Avenue","87505","","","","","",""
"way/482932635","","yes","","","417","West Buena Vista Street","87505","","","","","",""
"way/482932907","","yes","","","","","","","","","","",""
"way/482932909","","yes","","","","","","","","","","",""
"way/482932912","","yes","","","","","","","","","","",""
"way/482932914","","yes","","","","","","","","","","",""
"way/482932916","","yes","","","","","","","","","","",""
"way/482932918","","yes","","","","","","","","","","",""
"way/482932920","","yes","","","","","","","","","","",""
"way/482932922","","yes","","","","","","","","","","",""
"way/482932924","","yes","","","","","","","","","","",""
"way/482932927","","yes","","","","","","","","","","",""
"way/482932929","","yes","","","","","","","","","","",""
"way/482932931","","yes","","","","","","","","","","",""
"way/483445083","","yes","","","840","Don Cubero Avenue","87505","","","","","",""
"way/483445085","","yes","","","836","Don Cubero Avenue","87505","","","","","",""
"way/483445088","","yes","","","830","Don Cubero Avenue","87505","","","","","",""
"way/483445091","","yes","","","","","","","","","","",""
"way/483445093","","yes","","","822","Don Cubero Avenue","87505","","","","","",""
"way/483445095","","yes","","","","","","","","","","",""
"way/483445096","","yes","","","820","Don Cubero Avenue","87505","","","","","",""
"way/483445098","","yes","","","816","Don Cubero Avenue","87505","","","","","",""
"way/483445100","","yes","","","806","Don Cubero Avenue","87505","","","","","",""
"way/483445102","","yes","","","802","Don Cubero Avenue","87505","","","","","",""
"way/483445104","","yes","","","802","Don Cubero Avenue","87505","","","","","",""
"way/483748183","","yes","","","","","","","","","","",""
"way/483748187","","yes","","","","","","","","","","",""
"way/483748190","","yes","","","","","","","","","","",""
"way/483748193","","yes","","","","","","","","","","",""
"way/483748196","","yes","","","","","","","","","","",""
"way/483748198","","yes","","","","","","","","","","",""
"way/483748202","","yes","","","","","","","","","","",""
"way/483748204","","yes","","","","","","","","","","",""
"way/483748207","","yes","","","","","","","","","","",""
"way/483748208","","yes","","","","","","","","","","",""
"way/483748210","","yes","","","","","","","","","","",""
"way/483748213","","yes","","","","","","","","","","",""
"way/483748216","","yes","","","","","","","","","","",""
"way/483748219","","yes","","","","","","","","","","",""
"way/483748221","","yes","","","","","","","","","","",""
"way/483748223","","yes","","","","","","","","","","",""
"way/483748226","","yes","","","","","","","","","","",""
"way/483748228","","yes","","","","","","","","","","",""
"way/483748230","","yes","","","","","","","","","","",""
"way/483748232","","yes","","","","","","","","","","",""
"way/483748235","","yes","","","","","","","","","","",""
"way/483748237","","yes","","","","","","","","","","",""
"way/483748239","","yes","","","","","","","","","","",""
"way/483748241","","yes","","","","","","","","","","",""
"way/483748243","","yes","","","","","","","","","","",""
"way/483748245","","yes","","","","","","","","","","",""
"way/483748247","","yes","","","","","","","","","","",""
"way/483748250","","yes","","","","","","","","","","",""
"way/483748252","","yes","","","","","","","","","","",""
"way/483748254","","yes","","","","","","","","","","",""
"way/483748256","","yes","","","","","","","","","","",""
"way/483748259","","yes","","","","","","","","","","",""
"way/483748261","","yes","","","","","","","","","","",""
"way/483748265","","yes","","","","","","","","","","",""
"way/483748267","","yes","","","","","","","","","","",""
"way/483748269","","yes","","","","","","","","","","",""
"way/483748271","","yes","","","","","","","","","","",""
"way/483748273","","yes","","","","","","","","","","",""
"way/483748275","","yes","","","","","","","","","","",""
"way/483748277","","yes","","","","","","","","","","",""
"way/483748280","","yes","","","","","","","","","","",""
"way/483748282","","yes","","","","","","","","","","",""
"way/483748284","","yes","","","","","","","","","","",""
"way/483748286","","yes","","","","","","","","","","",""
"way/483748289","","yes","","","","","","","","","","",""
"way/483748291","","yes","","","","","","","","","","",""
"way/483748293","","yes","","","","","","","","","","",""
"way/483748295","","yes","","","","","","","","","","",""
"way/483748297","","yes","","","","","","","","","","",""
"way/483748300","","yes","","","","","","","","","","",""
"way/483748302","","yes","","","","","","","","","","",""
"way/483748304","","yes","","","","","","","","","","",""
"way/483748306","","yes","","","","","","","","","","",""
"way/483748308","","yes","","","","","","","","","","",""
"way/483748311","","yes","","","","","","","","","","",""
"way/483748313","","yes","","","","","","","","","","",""
"way/483748314","","yes","","","","","","","","","","",""
"way/483748317","","yes","","","","","","","","","","",""
"way/483748319","","yes","","","","","","","","","","",""
"way/483748321","","yes","","","","","","","","","","",""
"way/483748323","","yes","","","","","","","","","","",""
"way/483748325","","yes","","","","","","","","","","",""
"way/483748327","","yes","","","","","","","","","","",""
"way/483748329","","yes","","","","","","","","","","",""
"way/483748331","","yes","","","","","","","","","","",""
"way/483748333","","yes","","","","","","","","","","",""
"way/483748335","","yes","","","","","","","","","","",""
"way/483748337","","yes","","","","","","","","","","",""
"way/483748340","","yes","","","","","","","","","","",""
"way/483748343","","yes","","","","","","","","","","",""
"way/483748345","","yes","","","","","","","","","","",""
"way/483748347","","yes","","","","","","","","","","",""
"way/483748350","","yes","","","","","","","","","","",""
"way/483748354","","yes","","","","","","","","","","",""
"way/483748357","","yes","","","","","","","","","","",""
"way/483748361","","yes","","","","","","","","","","",""
"way/483748364","","yes","","","","","","","","","","",""
"way/483748368","","yes","","","","","","","","","","",""
"way/483748371","","yes","","","","","","","","","","",""
"way/483748374","","yes","","","","","","","","","","",""
"way/483748379","","yes","","","","","","","","","","",""
"way/483748382","","yes","","","","","","","","","","",""
"way/483748385","","yes","","","","","","","","","","",""
"way/483748388","","yes","","","","","","","","","","",""
"way/483748391","","yes","","","","","","","","","","",""
"way/483748394","","yes","","","","","","","","","","",""
"way/483748397","","yes","","","","","","","","","","",""
"way/483748402","","yes","","","","","","","","","","",""
"way/483748405","","yes","","","","","","","","","","",""
"way/483748410","","yes","","","","","","","","","","",""
"way/483748413","","yes","","","","","","","","","","",""
"way/483748416","","yes","","","","","","","","","","",""
"way/483748419","","yes","","","","","","","","","","",""
"way/483748424","","yes","","","","","","","","","","",""
"way/483748426","","yes","","","","","","","","","","",""
"way/483748430","","yes","","","","","","","","","","",""
"way/483748434","","yes","","","","","","","","","","",""
"way/483748437","","yes","","","","","","","","","","",""
"way/483748441","","yes","","","","","","","","","","",""
"way/483748444","","yes","","","","","","","","","","",""
"way/483748448","","yes","","","","","","","","","","",""
"way/483748451","","yes","","","","","","","","","","",""
"way/483748454","","yes","","","","","","","","","","",""
"way/483748459","","yes","","","","","","","","","","",""
"way/483748461","","yes","","","","","","","","","","",""
"way/483748463","","yes","","","","","","","","","","",""
"way/483748465","","yes","","","","","","","","","","",""
"way/483748468","","yes","","","","","","","","","","",""
"way/483748470","","yes","","","","","","","","","","",""
"way/483748472","","yes","","","","","","","","","","",""
"way/483748473","","yes","","","","","","","","","","",""
"way/483748475","","yes","","","","","","","","","","",""
"way/483748477","","yes","","","","","","","","","","",""
"way/483748479","","yes","","","","","","","","","","",""
"way/483748482","","yes","","","","","","","","","","",""
"way/483748484","","yes","","","","","","","","","","",""
"way/483748486","","yes","","","","","","","","","","",""
"way/483748489","","yes","","","","","","","","","","",""
"way/483748491","","yes","","","","","","","","","","",""
"way/483748493","","yes","","","","","","","","","","",""
"way/483748495","","yes","","","","","","","","","","",""
"way/483748497","","yes","","","","","","","","","","",""
"way/483748500","","yes","","","","","","","","","","",""
"way/483748502","","yes","","","","","","","","","","",""
"way/483748504","","yes","","","","","","","","","","",""
"way/483748506","","yes","","","","","","","","","","",""
"way/483748508","","yes","","","","","","","","","","",""
"way/483748510","","yes","","","","","","","","","","",""
"way/483748512","","yes","","","","","","","","","","",""
"way/483748514","","yes","","","","","","","","","","",""
"way/483748516","","yes","","","","","","","","","","",""
"way/483748518","","yes","","","","","","","","","","",""
"way/483748520","","yes","","","","","","","","","","",""
"way/483748522","","yes","","","","","","","","","","",""
"way/483748524","","yes","","","","","","","","","","",""
"way/483748527","","yes","","","","","","","","","","",""
"way/483748530","","yes","","","","","","","","","","",""
"way/483748532","","yes","","","","","","","","","","",""
"way/483748535","","yes","","","","","","","","","","",""
"way/483748537","","yes","","","","","","","","","","",""
"way/483748539","","yes","","","","","","","","","","",""
"way/483748541","","yes","","","","","","","","","","",""
"way/483748543","","yes","","","","","","","","","","",""
"way/483748545","","yes","","","","","","","","","","",""
"way/483748547","","yes","","","","","","","","","","",""
"way/483748549","","yes","","","","","","","","","","",""
"way/483748552","","yes","","","","","","","","","","",""
"way/483748554","","yes","","","","","","","","","","",""
"way/483748556","","yes","","","","","","","","","","",""
"way/483748558","","yes","","","","","","","","","","",""
"way/483748560","","yes","","","","","","","","","","",""
"way/483748562","","yes","","","","","","","","","","",""
"way/483748564","","yes","","","","","","","","","","",""
"way/483748566","","yes","","","","","","","","","","",""
"way/483748568","","yes","","","","","","","","","","",""
"way/483748570","","yes","","","","","","","","","","",""
"way/483748573","","residential","","","","","","","","","","",""
"way/483748575","","yes","","","","","","","","","","",""
"way/483748578","","yes","","","","","","","","","","",""
"way/483748580","","yes","","","","","","","","","","",""
"way/483748582","","yes","","","","","","","","","","",""
"way/483748584","","yes","","","","","","","","","","",""
"way/483748586","","yes","","","","","","","","","","",""
"way/483748588","","yes","","","","","","","","","","",""
"way/483748590","","yes","","","","","","","","","","",""
"way/484446659","","yes","","","","","","","","","","",""
"way/485443057","","hotel","","","","","","","","","","",""
"way/488056495","","yes","","","","","","","","","","",""
"way/488056496","","yes","","","","","","","","","","",""
"way/488056497","","yes","","","","","","","","","","",""
"way/488056498","","yes","","","","","","","","","","",""
"way/488056499","","yes","","","","","","","","","","",""
"way/488056500","","yes","","","","","","","","","","",""
"way/488056501","","yes","","","","","","","","","","",""
"way/488056502","","yes","","","","","","","","","","",""
"way/488056503","","yes","","","","","","","","","","",""
"way/488056504","","yes","","","","","","","","","","",""
"way/488056505","","yes","","","","","","","","","","",""
"way/488056506","","yes","","","","","","","","","","",""
"way/488056507","","yes","","","","","","","","","","",""
"way/488056508","","yes","","","","","","","","","","",""
"way/488056509","","yes","","","","","","","","","","",""
"way/488056510","","yes","","","","","","","","","","",""
"way/488056511","","yes","","","","","","","","","","",""
"way/488056512","","yes","","","","","","","","","","",""
"way/488056513","","yes","","","","","","","","","","",""
"way/488056514","","yes","","","","","","","","","","",""
"way/488056515","","yes","","","","","","","","","","",""
"way/488056516","","yes","","","","","","","","","","",""
"way/488056517","","yes","","","","","","","","","","",""
"way/488056518","","yes","","","","","","","","","","",""
"way/488056519","","yes","","","","","","","","","","",""
"way/488056520","","yes","","","","","","","","","","",""
"way/488056521","","yes","","","","","","","","","","",""
"way/488056522","","yes","","","","","","","","","","",""
"way/488056523","","yes","","","","","","","","","","",""
"way/488056524","","yes","","","","","","","","","","",""
"way/488056525","","yes","","","","","","","","","","",""
"way/488056526","","yes","","","","","","","","","","",""
"way/488056527","","yes","","","","","","","","","","",""
"way/488056528","","yes","","","","","","","","","","",""
"way/488056529","","yes","","","","","","","","","","",""
"way/488056530","","yes","","","","","","","","","","",""
"way/488056531","","yes","","","","","","","","","","",""
"way/488056532","","yes","","","","","","","","","","",""
"way/488056534","","yes","","","","","","","","","","",""
"way/488056537","","yes","","","","","","","","","","",""
"way/488056539","","yes","","","","","","","","","","",""
"way/488056541","","yes","","","","","","","","","","",""
"way/488056543","","yes","","","","","","","","","","",""
"way/488056545","","yes","","","","","","","","","","",""
"way/488056547","","yes","","","","","","","","","","",""
"way/488056549","","yes","","","","","","","","","","",""
"way/488056550","","yes","","","","","","","","","","",""
"way/488056551","","yes","","","","","","","","","","",""
"way/488056552","","yes","","","","","","","","","","",""
"way/488056553","","yes","","","","","","","","","","",""
"way/488056554","","yes","","","","","","","","","","",""
"way/488056555","","yes","","","","","","","","","","",""
"way/488056556","","yes","","","","","","","","","","",""
"way/488062709","","yes","","","","","","","","","","",""
"way/488062712","","yes","","","","","","","","","","",""
"way/488062714","","yes","","","","","","","","","","",""
"way/488062716","","yes","","","","","","","","","","",""
"way/488062719","","yes","","","","","","","","","","",""
"way/488062721","","yes","","","","","","","","","","",""
"way/488062723","","yes","","","","","","","","","","",""
"way/488062725","","yes","","","","","","","","","","",""
"way/488062727","","yes","","","","","","","","","","",""
"way/488062729","","yes","","","","","","","","","","",""
"way/488062731","","yes","","","","","","","","","","",""
"way/488062734","","yes","","","","","","","","","","",""
"way/488062736","","yes","","","","","","","","","","",""
"way/488062738","","yes","","","","","","","","","","",""
"way/488062739","","yes","","","","","","","","","","",""
"way/488062742","","yes","","","","","","","","","","",""
"way/488062744","","yes","","","","","","","","","","",""
"way/488062746","","yes","","","","","","","","","","",""
"way/488062748","","yes","","","","","","","","","","",""
"way/488062750","","yes","","","","","","","","","","",""
"way/488062752","","yes","","","","","","","","","","",""
"way/488062755","","yes","","","","","","","","","","",""
"way/488062757","","yes","","","","","","","","","","",""
"way/488062759","","yes","","","","","","","","","","",""
"way/488062761","","yes","","","","","","","","","","",""
"way/488062763","","yes","","","","","","","","","","",""
"way/488062765","","yes","","","","","","","","","","",""
"way/488062768","","yes","","","","","","","","","","",""
"way/488062770","","yes","","","","","","","","","","",""
"way/488062773","","yes","","","","","","","","","","",""
"way/488062776","","yes","","","","","","","","","","",""
"way/488062778","","yes","","","","","","","","","","",""
"way/488062782","","yes","","","","","","","","","","",""
"way/488062784","","yes","","","","","","","","","","",""
"way/488062786","","yes","","","","","","","","","","",""
"way/488062788","","yes","","","","","","","","","","",""
"way/488062789","","yes","","","","","","","","","","",""
"way/488062792","","yes","","","","","","","","","","",""
"way/488062793","","yes","","","","","","","","","","",""
"way/488062795","","yes","","","","","","","","","","",""
"way/488062797","","yes","","","","","","","","","","",""
"way/488062799","","yes","","","","","","","","","","",""
"way/488062801","","yes","","","","","","","","","","",""
"way/488062802","","yes","","","","","","","","","","",""
"way/488062804","","yes","","","","","","","","","","",""
"way/488062806","","yes","","","","","","","","","","",""
"way/488062807","","yes","","","","","","","","","","",""
"way/488062809","","yes","","","","","","","","","","",""
"way/488062811","","yes","","","","","","","","","","",""
"way/488062813","","yes","","","","","","","","","","",""
"way/488067041","","yes","","","","","","","","","","",""
"way/488067042","","yes","","","","","","","","","","",""
"way/488067043","","yes","","","","","","","","","","",""
"way/488067044","","yes","","","","","","","","","","",""
"way/488067045","","yes","","","","","","","","","","",""
"way/488067046","","yes","","","","","","","","","","",""
"way/488067047","","yes","","","","","","","","","","",""
"way/488067048","","yes","","","","","","","","","","",""
"way/488067049","","yes","","","","","","","","","","",""
"way/488067050","","yes","","","316","Sena Street","87505","","","","","",""
"way/488067051","","yes","","","318","Sena Street","87505","","","","","",""
"way/488067052","","yes","","","","","","","","","","",""
"way/488067053","","yes","","","","","","","","","","",""
"way/488067054","","yes","","","324","Sena Street","87505","","","","","",""
"way/488067055","","yes","","","328","Sena Street","87505","","","","","",""
"way/488067056","","yes","","","831","Don Cubero Avenue","87505","","","","","",""
"way/488067057","","yes","","","","","","","","","","",""
"way/488067058","","yes","","","","","","","","","","",""
"way/488067059","","yes","","","829","Don Cubero Avenue","87505","","","","","",""
"way/488067060","","yes","","","","","","","","","","",""
"way/488067061","","yes","","","827","Don Cubero Avenue","87505","","","","","",""
"way/488067062","","yes","","","330","Sena Street","87505","","","","","",""
"way/488067063","","yes","1","","329","Sena Street","87505","","","","","",""
"way/488067064","","yes","1","","333","Sena Street","87505","","","","","",""
"way/488067065","","yes","","","","","","","","","","",""
"way/488067066","","yes","1","","325","Sena Street","87505","","","","","",""
"way/488067067","","yes","","","","","","","","","","",""
"way/488067068","","yes","","","","","","","","","","",""
"way/488067069","","yes","","","","","","","","","","",""
"way/488067070","","yes","","","","","","","","","","",""
"way/488067071","","yes","","","","","","","","","","",""
"way/488067072","","yes","","","","","","","","","","",""
"way/488067073","","yes","","","","","","","","","","",""
"way/488067074","","yes","","","","","","","","","","",""
"way/488067075","","yes","","","","","","","","","","",""
"way/488067076","","yes","","","","","","","","","","",""
"way/488067077","","yes","","","","","","","","","","",""
"way/488067078","","yes","","","","","","","","","","",""
"way/488067079","","yes","","","","","","","","","","",""
"way/488067080","","yes","","","","","","","","","","",""
"way/488067081","","yes","","","","","","","","","","",""
"way/488067082","","yes","","","","","","","","","","",""
"way/488067083","","yes","","","","","","","","","","",""
"way/488067085","","yes","","","","","","","","","","",""
"way/488067086","","yes","","","","","","","","","","",""
"way/488067087","","yes","","","","","","","","","","",""
"way/488067089","","yes","","","","","","","","","","",""
"way/488067091","","yes","","","","","","","","","","",""
"way/488067093","","yes","","","","","","","","","","",""
"way/488067095","","yes","","","","","","","","","","",""
"way/488067097","","yes","","","","","","","","","","",""
"way/488067100","","yes","","","","","","","","","","",""
"way/488067102","","yes","","","","","","","","","","",""
"way/488067103","","yes","","","","","","","","","","",""
"way/488067105","","yes","","","","","","","","","","",""
"way/488067107","","yes","","","","","","","","","","",""
"way/488067109","","yes","","","","","","","","","","",""
"way/488067111","","yes","","","","","","","","","","",""
"way/488067113","","yes","","","","","","","","","","",""
"way/488067114","","yes","","","","","","","","","","",""
"way/488067115","","yes","","","","","","","","","","",""
"way/488067116","","yes","","","","","","","","","","",""
"way/488067117","","yes","","","","","","","","","","",""
"way/488072096","","yes","","","","","","","","","","",""
"way/488072098","","yes","","","","","","","","","","",""
"way/488072100","","yes","","","","","","","","","","",""
"way/488072106","","yes","","","845 B","Don Cubero Avenue","87505","","","","","",""
"way/488072109","","yes","","","845","Don Cubero Avenue","87505","","","","","",""
"way/488072110","","yes","","","","","","","","","","",""
"way/488072112","","yes","","","843","Don Cubero Avenue","87505","","","","","",""
"way/488072114","","yes","","","843","Don Cubero Avenue","87505","","","","","",""
"way/488072116","","yes","","","","","","","","","","",""
"way/488072117","","yes","","","","","","","","","","",""
"way/488075386","","yes","","","","","","","","","","",""
"way/488075387","","yes","","","","","","","","","","",""
"way/488075388","","yes","","","","","","","","","","",""
"way/488075389","","yes","","","","","","","","","","",""
"way/488075390","","yes","","","","","","","","","","",""
"way/488075391","","yes","","","","","","","","","","",""
"way/488075392","","yes","","","","","","","","","","",""
"way/488075393","","yes","","","","","","","","","","",""
"way/488075394","","yes","","","","","","","","","","",""
"way/488075395","","yes","","","","","","","","","","",""
"way/488075396","","yes","","","","","","","","","","",""
"way/488075397","","yes","","","","","","","","","","",""
"way/488075398","","yes","","","","","","","","","","",""
"way/488075399","","yes","","","","","","","","","","",""
"way/488075400","","yes","","","","","","","","","","",""
"way/488075401","","yes","","","","","","","","","","",""
"way/488075402","","yes","","","","","","","","","","",""
"way/488075403","","yes","","","","","","","","","","",""
"way/488075404","","yes","","","","","","","","","","",""
"way/488075405","","yes","","","","","","","","","","",""
"way/488075406","","yes","","","","","","","","","","",""
"way/488075407","","yes","","","","","","","","","","",""
"way/488075408","","yes","","","","","","","","","","",""
"way/488075410","","yes","","","","","","","","","","",""
"way/488075411","","yes","","","","","","","","","","",""
"way/488075413","","yes","","","","","","","","","","",""
"way/488075416","","yes","","","","","","","","","","",""
"way/488075418","","yes","","","","","","","","","","",""
"way/488075421","","yes","","","","","","","","","","",""
"way/488075423","","yes","","","","","","","","","","",""
"way/488075425","","yes","","","","","","","","","","",""
"way/488075427","","yes","","","","","","","","","","",""
"way/488075429","","yes","","","","","","","","","","",""
"way/488075432","","yes","","","","","","","","","","",""
"way/488075433","","yes","","","","","","","","","","",""
"way/488075434","","yes","","","","","","","","","","",""
"way/488075435","","yes","","","","","","","","","","",""
"way/488075436","","yes","","","","","","","","","","",""
"way/488075437","","yes","","","","","","","","","","",""
"way/488075438","","yes","","","","","","","","","","",""
"way/488075439","","yes","","","","","","","","","","",""
"way/488075440","","yes","","","","","","","","","","",""
"way/488075441","","yes","","","","","","","","","","",""
"way/488075442","","yes","","","","","","","","","","",""
"way/488075443","","yes","","","","","","","","","","",""
"way/488075444","","yes","","","","","","","","","","",""
"way/488075445","","yes","","","","","","","","","","",""
"way/488075446","","yes","","","","","","","","","","",""
"way/488117833","","yes","","","","","","","","","","",""
"way/488117834","","yes","","","","","","","","","","",""
"way/488352091","","yes","1","","828","Allendale Street","87505","","","","","",""
"way/488352092","","yes","","","","","","","","","","",""
"way/488352093","","yes","","","","","","","","","","",""
"way/488352094","","yes","1","","822","Allendale Street","87505","","","","","",""
"way/488352095","","yes","","","","","","","","","","",""
"way/488352096","","yes","","","","","","","","","","",""
"way/488352097","","yes","","","","","","","","","","",""
"way/488352098","","yes","","","310","Sena Street","87505","","","","","",""
"way/488352099","","yes","","","","","","","","","","",""
"way/488352100","","yes","1","","818","Allendale Street","87505","","","","","",""
"way/488352101","","yes","1","","814","Allendale Street","87505","","","","","",""
"way/488352102","","yes","1","","812","Allendale Street","87505","","","","","",""
"way/488352103","","yes","1","","808","Allendale Street","87505","","","","","",""
"way/488352104","","yes","","","300","Sena Street","87505","","","","","",""
"way/488352105","","yes","","","","","","","","","","",""
"way/488352106","","yes","","","","","","","","","","",""
"way/488352107","","yes","1","","303","Sena Street","87505","","","","","",""
"way/488352108","","yes","1","","311","Sena Street","87505","","","","","",""
"way/488352109","","yes","","","","","","","","","","",""
"way/488352110","","yes","1","","315","Sena Street","87505","","","","","",""
"way/488352111","","yes","","","","","","","","","","",""
"way/488352112","","yes","","","","","","","","","","",""
"way/488352113","","yes","","","","","","","","","","",""
"way/488352114","","yes","","","","","","","","","","",""
"way/488360704","","yes","","","","","","","","","","",""
"way/488360705","","yes","","","","","","","","","","",""
"way/488360706","","yes","","","804","Galisteo Street","87505","","","","","",""
"way/488360707","","yes","","","","","","","","","","",""
"way/488360708","","yes","","","","","","","","","","",""
"way/488360709","","yes","","","802","Galisteo Street","87505","","","","","",""
"way/488360710","","yes","","","732","Galisteo Street","87505","","","","","",""
"way/488360711","","yes","","","740","Galisteo Street","87505","","","","","",""
"way/488360712","","yes","","","738","Galisteo Street","87505","","","","","",""
"way/488360713","","yes","","","","","","","","","","",""
"way/488360714","","yes","","","728","Galisteo Street","87505","","","","","",""
"way/488360715","","yes","","","","","","","","","","",""
"way/488360716","","yes","","","","","","","","","","",""
"way/488360717","","yes","","","","","","","","","","",""
"way/488360718","","yes","","","","","","","","","","",""
"way/488360719","","yes","","","","","","","","","","",""
"way/488360720","","yes","","","","","","","","","","",""
"way/488360721","","yes","","","","","","","","","","",""
"way/488360722","","yes","","","","","","","","","","",""
"way/488360723","","yes","","","","","","","","","","",""
"way/488360724","","yes","","","","","","","","","","",""
"way/488360725","","yes","","","","","","","","","","",""
"way/488360726","","yes","","","","","","","","","","",""
"way/488360727","","yes","","","","","","","","","","",""
"way/488360728","","yes","","","","","","","","","","",""
"way/488360729","","yes","","","","","","","","","","",""
"way/488360730","","yes","","","","","","","","","","",""
"way/488360731","","yes","","","","","","","","","","",""
"way/488360732","","yes","","","","","","","","","","",""
"way/488360733","","yes","","","","","","","","","","",""
"way/488360734","","yes","","","","","","","","","","",""
"way/488360735","","yes","1","","805","Allendale Street","87505","","","","","",""
"way/488360736","","yes","","","","","","","","","","",""
"way/488360737","","yes","","","","","","","","","","",""
"way/488360738","","yes","","","","","","","","","","",""
"way/488360739","","yes","1","","811","Allendale Street","87505","","","","","",""
"way/488360740","","yes","1","","815","Allendale Street","87505","","","","","",""
"way/488360741","","yes","","","","","","","","","","",""
"way/488360742","","yes","1","","819","Allendale Street","87505","","","","","",""
"way/488360743","","yes","","","","","","","","","","",""
"way/488360744","","yes","1","","825","Allendale Street","87505","","","","","",""
"way/488360745","","yes","1","","823","Allendale Street","87505","","","","","",""
"way/490432781","","yes","","","","","","","","","","",""
"way/490432782","","yes","","","","","","","","","","",""
"way/490432783","","yes","","","","","","","","","","",""
"way/490432784","","yes","","","","","","","","","","",""
"way/490432785","","yes","","","","","","","","","","",""
"way/490432786","","yes","","","","","","","","","","",""
"way/490432787","","yes","","","","","","","","","","",""
"way/490432788","","yes","","","","","","","","","","",""
"way/490432789","","yes","","","","","","","","","","",""
"way/490432790","","yes","","","","","","","","","","",""
"way/490432791","","yes","","","","","","","","","","",""
"way/490432792","","yes","","","","","","","","","","",""
"way/490432793","","yes","","","","","","","","","","",""
"way/490521939","","yes","","","","","","","","","","",""
"way/490521940","","yes","","","","","","","","","","",""
"way/490521941","","yes","","","","","","","","","","",""
"way/490521942","","yes","","","","","","","","","","",""
"way/490521943","","yes","","","","","","","","","","",""
"way/490521944","","yes","","","","","","","","","","",""
"way/490521945","","yes","","","","","","","","","","",""
"way/490521946","","yes","","","","","","","","","","",""
"way/490521947","","yes","","","","","","","","","","",""
"way/490521948","","yes","","","","","","","","","","",""
"way/490521949","","yes","","","","","","","","","","",""
"way/490521955","","yes","","","","","","","","","","",""
"way/490521956","","yes","","","","","","","","","","",""
"way/490521960","","yes","","","","","","","","","","",""
"way/490521965","","yes","","","","","","","","","","",""
"way/490521966","","yes","","","","","","","","","","",""
"way/490521970","","yes","","","","","","","","","","",""
"way/490521971","","yes","","","","","","","","","","",""
"way/490521973","","yes","","","","","","","","","","",""
"way/490521974","","yes","","","805","Galisteo Street","87505","","","","","",""
"way/490521976","","yes","","","","","","","","","","",""
"way/490521977","","yes","","","","","","","","","","",""
"way/490521978","","yes","","","","","","","","","","",""
"way/490521979","","yes","","","","","","","","","","",""
"way/490521980","","yes","","","","","","","","","","",""
"way/490521981","","yes","","","","","","","","","","",""
"way/490521982","","yes","","","","","","","","","","",""
"way/490521983","","yes","","","","","","","","","","",""
"way/490521984","","yes","","","","","","","","","","",""
"way/490521985","","yes","","","","","","","","","","",""
"way/490521986","","yes","","","","","","","","","","",""
"way/490521987","","yes","","","","","","","","","","",""
"way/490521988","","yes","","","","","","","","","","",""
"way/490521989","","yes","","","","","","","","","","",""
"way/490521990","","yes","","","","","","","","","","",""
"way/490521991","","yes","","","","","","","","","","",""
"way/490521992","","yes","","","","","","","","","","",""
"way/490521993","","yes","","","","","","","","","","",""
"way/490521994","","yes","","","","","","","","","","",""
"way/490521995","","yes","","","","","","","","","","",""
"way/490521996","","yes","","","","","","","","","","",""
"way/490521997","","yes","","","","","","","","","","",""
"way/490521998","","yes","","","","","","","","","","",""
"way/490521999","","yes","","","","","","","","","","",""
"way/490522000","","yes","","","","","","","","","","",""
"way/490522001","","yes","","","","","","","","","","",""
"way/490522002","","yes","","","","","","","","","","",""
"way/490522003","","yes","","","","","","","","","","",""
"way/490522004","","yes","","","","","","","","","","",""
"way/490522005","","yes","","","","","","","","","","",""
"way/490522006","","yes","","","","","","","","","","",""
"way/490522007","","yes","","","","","","","","","","",""
"way/490522008","","yes","","","","","","","","","","",""
"way/490522009","","yes","","","","","","","","","","",""
"way/490522010","","yes","","","","","","","","","","",""
"way/490522011","","yes","","","","","","","","","","",""
"way/490522012","","yes","","","","","","","","","","",""
"way/490522013","","yes","","","","","","","","","","",""
"way/490522014","","yes","","","","","","","","","","",""
"way/490522015","","yes","","","","","","","","","","",""
"way/490522016","","yes","","","","","","","","","","",""
"way/490522017","","yes","","","","","","","","","","",""
"way/490522018","","yes","","","","","","","","","","",""
"way/490522019","","yes","","","","","","","","","","",""
"way/490522020","","yes","","","","","","","","","","",""
"way/490522021","","yes","","","","","","","","","","",""
"way/490522022","","yes","","","","","","","","","","",""
"way/490522023","","yes","","","","","","","","","","",""
"way/490522024","","yes","","","","","","","","","","",""
"way/490522025","","yes","","","","","","","","","","",""
"way/490522026","","yes","","","","","","","","","","",""
"way/490522027","","yes","","","","","","","","","","",""
"way/490522028","","yes","","","","","","","","","","",""
"way/490522029","","yes","","","","","","","","","","",""
"way/490522030","","yes","","","","","","","","","","",""
"way/490522031","","yes","","","","","","","","","","",""
"way/490522032","","yes","","","","","","","","","","",""
"way/490522033","","yes","","","","","","","","","","",""
"way/490522034","","yes","","","","","","","","","","",""
"way/490522035","","yes","","","","","","","","","","",""
"way/490522036","","yes","","","","","","","","","","",""
"way/490522037","","yes","","","","","","","","","","",""
"way/490531028","","yes","","","","","","","","","","",""
"way/490531030","","yes","","","","","","","","","","",""
"way/490531032","","yes","","","","","","","","","","",""
"way/490531033","","yes","","","","","","","","","","",""
"way/490531034","","yes","","","","","","","","","","",""
"way/490531036","","yes","","","","","","","","","","",""
"way/490531037","","yes","","","","","","","","","","",""
"way/490531039","","yes","","","","","","","","","","",""
"way/490531041","","yes","","","","","","","","","","",""
"way/490531042","","yes","","","","","","","","","","",""
"way/490531044","","yes","","","","","","","","","","",""
"way/490531046","","yes","","","","","","","","","","",""
"way/490531078","","yes","","","","","","","","","","",""
"way/490531080","","yes","","","","","","","","","","",""
"way/490531082","","yes","","","","","","","","","","",""
"way/490531083","","yes","","","","","","","","","","",""
"way/490531085","","yes","","","","","","","","","","",""
"way/490531087","","yes","","","","","","","","","","",""
"way/490531088","","yes","","","","","","","","","","",""
"way/490531090","","yes","","","","","","","","","","",""
"way/490531092","","yes","","","","","","","","","","",""
"way/490531094","","yes","","","","","","","","","","",""
"way/490531095","","yes","","","","","","","","","","",""
"way/490531098","","yes","","","","","","","","","","",""
"way/490531100","","yes","","","","","","","","","","",""
"way/490531103","","yes","","","","","","","","","","",""
"way/490531106","","yes","","","","","","","","","","",""
"way/490531108","","yes","","","","","","","","","","",""
"way/490531175","","yes","","","","","","","","","","",""
"way/490531177","","yes","","","","","","","","","","",""
"way/490531179","","yes","","","","","","","","","","",""
"way/490531184","","yes","","","","","","","","","","",""
"way/490531186","","yes","","","","","","","","","","",""
"way/490531188","","yes","","","","","","","","","","",""
"way/490531190","","yes","","","","","","","","","","",""
"way/490531192","","yes","","","","","","","","","","",""
"way/490531194","","yes","","","","","","","","","","",""
"way/490531196","","yes","","","","","","","","","","",""
"way/490531197","","yes","","","","","","","","","","",""
"way/490531199","","yes","","","","","","","","","","",""
"way/490531201","","yes","","","","","","","","","","",""
"way/490531202","","yes","","","","","","","","","","",""
"way/490531204","","yes","","","","","","","","","","",""
"way/490531205","","yes","","","","","","","","","","",""
"way/490531207","","yes","","","","","","","","","","",""
"way/490531208","","yes","","","","","","","","","","",""
"way/490531210","","yes","","","","","","","","","","",""
"way/490531211","","yes","","","","","","","","","","",""
"way/490531213","","yes","","","","","","","","","","",""
"way/490531214","","yes","","","","","","","","","","",""
"way/490531216","","yes","","","","","","","","","","",""
"way/490531217","","yes","","","","","","","","","","",""
"way/490531219","","yes","","","","","","","","","","",""
"way/490531221","","yes","","","","","","","","","","",""
"way/490531222","","yes","","","","","","","","","","",""
"way/490531224","","yes","","","","","","","","","","",""
"way/490531226","","yes","","","","","","","","","","",""
"way/490531228","","yes","","","","","","","","","","",""
"way/490531229","","yes","","","","","","","","","","",""
"way/490531231","","yes","","","","","","","","","","",""
"way/490531232","","yes","","","","","","","","","","",""
"way/490531234","","yes","","","","","","","","","","",""
"way/490531236","","yes","","","","","","","","","","",""
"way/490531238","","yes","","","","","","","","","","",""
"way/490531241","","yes","","","","","","","","","","",""
"way/490531243","","yes","","","","","","","","","","",""
"way/490531245","","yes","","","","","","","","","","",""
"way/490531247","","yes","","","","","","","","","","",""
"way/490534516","","yes","","","","","","","","","","",""
"way/490534517","","yes","","","","","","","","","","",""
"way/490534518","","yes","","","","","","","","","","",""
"way/490534519","","yes","","","","","","","","","","",""
"way/490534520","","yes","","","","","","","","","","",""
"way/490534521","","yes","","","","","","","","","","",""
"way/490534522","","yes","","","","","","","","","","",""
"way/490534523","","yes","","","","","","","","","","",""
"way/490534524","","yes","","","","","","","","","","",""
"way/490534525","","yes","","","","","","","","","","",""
"way/490534526","","yes","","","","","","","","","","",""
"way/490534527","","yes","","","","","","","","","","",""
"way/490534528","","yes","","","","","","","","","","",""
"way/490534529","","yes","","","","","","","","","","",""
"way/490534530","","yes","","","","","","","","","","",""
"way/490534531","","yes","","","","","","","","","","",""
"way/490534532","","yes","","","","","","","","","","",""
"way/490534533","","yes","","","","","","","","","","",""
"way/490534534","","yes","","","","","","","","","","",""
"way/490534535","","yes","","","","","","","","","","",""
"way/490534536","","yes","","","","","","","","","","",""
"way/490534537","","yes","","","","","","","","","","",""
"way/490534538","","yes","","","","","","","","","","",""
"way/490534539","","yes","","","","","","","","","","",""
"way/490534540","","yes","","","","","","","","","","",""
"way/490534541","","yes","","","","","","","","","","",""
"way/490534542","","yes","","","","","","","","","","",""
"way/490534543","","yes","","","","","","","","","","",""
"way/490534544","","yes","","","","","","","","","","",""
"way/490534545","","yes","","","","","","","","","","",""
"way/490534546","","yes","","","","","","","","","","",""
"way/490534547","","yes","","","","","","","","","","",""
"way/490534548","","yes","","","","","","","","","","",""
"way/490534549","","yes","","","","","","","","","","",""
"way/490534550","","yes","","","","","","","","","","",""
"way/490534551","","yes","","","","","","","","","","",""
"way/490534552","","yes","","","","","","","","","","",""
"way/490534553","","yes","","","","","","","","","","",""
"way/490534554","","yes","","","","","","","","","","",""
"way/490534555","","yes","","","","","","","","","","",""
"way/490534556","","yes","","","","","","","","","","",""
"way/490534557","","yes","","","","","","","","","","",""
"way/490534558","","yes","","","","","","","","","","",""
"way/490534559","","yes","","","","","","","","","","",""
"way/490534560","","yes","","","","","","","","","","",""
"way/490534561","","yes","","","","","","","","","","",""
"way/490534562","","yes","","","","","","","","","","",""
"way/490534563","","yes","","","","","","","","","","",""
"way/490534564","","yes","","","","","","","","","","",""
"way/490542341","","yes","","","","","","","","","","",""
"way/490542344","","yes","","","","","","","","","","",""
"way/490542345","","yes","","","","","","","","","","",""
"way/490542346","","yes","","","","","","","","","","",""
"way/490542347","","yes","","","","","","","","","","",""
"way/490542348","","yes","","","","","","","","","","",""
"way/490542349","","yes","","","","","","","","","","",""
"way/490542350","","yes","","","","","","","","","","",""
"way/490542351","","yes","","","","","","","","","","",""
"way/490542352","","yes","","","","","","","","","","",""
"way/490542354","","yes","","","","","","","","","","",""
"way/490542355","","yes","","","","","","","","","","",""
"way/490542356","","yes","","","","","","","","","","",""
"way/490542357","","yes","","","","","","","","","","",""
"way/490542358","","yes","","","","","","","","","","",""
"way/490542370","","yes","","","","","","","","","","",""
"way/490542372","","yes","","","","","","","","","","",""
"way/490542373","","yes","","","","","","","","","","",""
"way/490542374","","yes","","","","","","","","","","",""
"way/490542375","","yes","","","","","","","","","","",""
"way/490542376","","yes","","","","","","","","","","",""
"way/490542377","","yes","","","","","","","","","","",""
"way/490542378","","yes","","","","","","","","","","",""
"way/490542379","","yes","","","","","","","","","","",""
"way/490542380","","yes","","","","","","","","","","",""
"way/490542381","","yes","","","","","","","","","","",""
"way/490542382","","yes","","","","","","","","","","",""
"way/490542383","","yes","","","","","","","","","","",""
"way/490542384","","yes","","","","","","","","","","",""
"way/490542385","","yes","","","","","","","","","","",""
"way/490542386","","yes","","","","","","","","","","",""
"way/490542387","","yes","","","","","","","","","","",""
"way/490542388","","yes","","","","","","","","","","",""
"way/490542389","","yes","","","","","","","","","","",""
"way/490542390","","yes","","","","","","","","","","",""
"way/490542391","","yes","","","","","","","","","","",""
"way/490542392","","yes","","","","","","","","","","",""
"way/490542393","","yes","","","","","","","","","","",""
"way/490542394","","yes","","","","","","","","","","",""
"way/490542395","","yes","","","","","","","","","","",""
"way/490542396","","yes","","","","","","","","","","",""
"way/490542397","","yes","","","","","","","","","","",""
"way/490542398","","yes","","","","","","","","","","",""
"way/490542399","","yes","","","","","","","","","","",""
"way/490542400","","yes","","","","","","","","","","",""
"way/490542401","","yes","","","","","","","","","","",""
"way/490542402","","yes","","","","","","","","","","",""
"way/490542403","","yes","","","","","","","","","","",""
"way/490542404","","yes","","","","","","","","","","",""
"way/490542405","","yes","","","","","","","","","","",""
"way/490542406","","yes","","","","","","","","","","",""
"way/490542407","","yes","","","","","","","","","","",""
"way/490542408","","yes","","","","","","","","","","",""
"way/490542409","","yes","","","","","","","","","","",""
"way/490542410","","yes","","","","","","","","","","",""
"way/490542411","","yes","","","","","","","","","","",""
"way/490542412","","yes","","","","","","","","","","",""
"way/490542413","","yes","","","","","","","","","","",""
"way/490542414","","yes","","","","","","","","","","",""
"way/490542415","","yes","","","","","","","","","","",""
"way/490542416","","yes","","","","","","","","","","",""
"way/490542417","","yes","","","","","","","","","","",""
"way/490542418","","yes","","","","","","","","","","",""
"way/490544823","","yes","","","","","","","","","","",""
"way/490544824","","yes","","","","","","","","","","",""
"way/490544825","","yes","","","","","","","","","","",""
"way/490544826","","yes","","","","","","","","","","",""
"way/490544827","","yes","","","","","","","","","","",""
"way/490550995","","yes","","","","","","","","","","",""
"way/490550996","","yes","","","","","","","","","","",""
"way/490550997","","yes","","","","","","","","","","",""
"way/490550998","","yes","","","","","","","","","","",""
"way/490550999","","yes","","","","","","","","","","",""
"way/490551000","","yes","","","","","","","","","","",""
"way/490551001","","yes","","","","","","","","","","",""
"way/490551002","","yes","","","","","","","","","","",""
"way/490551003","","yes","","","","","","","","","","",""
"way/490551004","","yes","","","","","","","","","","",""
"way/490551005","","yes","","","","","","","","","","",""
"way/490551006","","yes","","","","","","","","","","",""
"way/490551007","","yes","","","","","","","","","","",""
"way/490551008","","yes","","","","","","","","","","",""
"way/490551009","","yes","","","","","","","","","","",""
"way/490551010","","yes","","","","","","","","","","",""
"way/490551011","","yes","","","","","","","","","","",""
"way/490551012","","yes","","","","","","","","","","",""
"way/490551013","","yes","","","","","","","","","","",""
"way/490551014","","yes","","","","","","","","","","",""
"way/490551015","","yes","","","","","","","","","","",""
"way/490551016","","yes","","","","","","","","","","",""
"way/490551017","","yes","","","","","","","","","","",""
"way/490551018","","yes","","","","","","","","","","",""
"way/490551019","","yes","","","","","","","","","","",""
"way/490551020","","yes","","","","","","","","","","",""
"way/490551021","","yes","","","","","","","","","","",""
"way/490551022","","yes","","","","","","","","","","",""
"way/490551023","","yes","","","","","","","","","","",""
"way/490551024","","yes","","","","","","","","","","",""
"way/490551025","","yes","","","","","","","","","","",""
"way/490551026","","yes","","","","","","","","","","",""
"way/490551027","","yes","","","","","","","","","","",""
"way/490551028","","yes","","","","","","","","","","",""
"way/490551029","","yes","","","","","","","","","","",""
"way/490551030","","yes","","","","","","","","","","",""
"way/490551031","","yes","","","","","","","","","","",""
"way/490551032","","yes","","","","","","","","","","",""
"way/490551033","","yes","","","","","","","","","","",""
"way/490551034","","yes","","","","","","","","","","",""
"way/490551035","","yes","","","","","","","","","","",""
"way/490551036","","yes","","","","","","","","","","",""
"way/490551037","","yes","","","","","","","","","","",""
"way/490551038","","yes","","","","","","","","","","",""
"way/490551039","","yes","","","","","","","","","","",""
"way/490551040","","yes","","","","","","","","","","",""
"way/490551041","","yes","","","","","","","","","","",""
"way/490551042","","yes","","","","","","","","","","",""
"way/490551043","","yes","","","","","","","","","","",""
"way/490551044","","yes","","","","","","","","","","",""
"way/490551045","","yes","","","","","","","","","","",""
"way/490551046","","yes","","","","","","","","","","",""
"way/490551047","","yes","","","","","","","","","","",""
"way/490551048","","yes","","","","","","","","","","",""
"way/490551049","","yes","","","","","","","","","","",""
"way/490551050","","yes","","","","","","","","","","",""
"way/490551051","","yes","","","","","","","","","","",""
"way/490551052","","yes","","","","","","","","","","",""
"way/490551053","","yes","","","","","","","","","","",""
"way/490551054","","yes","","","","","","","","","","",""
"way/490551055","","yes","","","","","","","","","","",""
"way/490551056","","yes","","","","","","","","","","",""
"way/490551057","","yes","","","","","","","","","","",""
"way/490551058","","yes","","","","","","","","","","",""
"way/490551059","","yes","","","","","","","","","","",""
"way/490551060","","yes","","","","","","","","","","",""
"way/490551061","","yes","","","","","","","","","","",""
"way/490551062","","yes","","","","","","","","","","",""
"way/490551063","","yes","","","","","","","","","","",""
"way/490551064","","yes","","","","","","","","","","",""
"way/490551065","","yes","","","","","","","","","","",""
"way/490551066","","yes","","","","","","","","","","",""
"way/490551067","","yes","","","","","","","","","","",""
"way/490551068","","yes","","","","","","","","","","",""
"way/490551069","","yes","","","","","","","","","","",""
"way/490551070","","yes","","","","","","","","","","",""
"way/490551071","","yes","","","","","","","","","","",""
"way/490551072","","yes","","","","","","","","","","",""
"way/490551073","","yes","","","","","","","","","","",""
"way/490551074","","yes","","","","","","","","","","",""
"way/490551075","","yes","","","","","","","","","","",""
"way/490551076","","yes","","","","","","","","","","",""
"way/491700359","","yes","","","","","","","","","","",""
"way/491700360","","yes","","","","","","","","","","",""
"way/491700361","","yes","","","","","","","","","","",""
"way/491700362","","yes","","","","","","","","","","",""
"way/491700363","","yes","","","","","","","","","","",""
"way/491700364","","yes","","","","","","","","","","",""
"way/491700365","","yes","","","","","","","","","","",""
"way/491700366","","yes","","","","","","","","","","",""
"way/491700367","","yes","","","","","","","","","","",""
"way/491700368","","yes","","","","","","","","","","",""
"way/491700369","","yes","","","","","","","","","","",""
"way/491700370","","yes","","","","","","","","","","",""
"way/491700371","","yes","","","","","","","","","","",""
"way/491700372","","yes","","","","","","","","","","",""
"way/491700373","","yes","","","","","","","","","","",""
"way/491700374","","yes","","","","","","","","","","",""
"way/491700375","","yes","","","","","","","","","","",""
"way/491700376","","yes","","","","","","","","","","",""
"way/491700377","","yes","","","","","","","","","","",""
"way/491700378","","yes","","","","","","","","","","",""
"way/491700379","","yes","","","","","","","","","","",""
"way/491700380","","yes","","","","","","","","","","",""
"way/491700381","","yes","","","","","","","","","","",""
"way/491700382","","yes","","","","","","","","","","",""
"way/491700383","","yes","","","","","","","","","","",""
"way/491700384","","yes","","","","","","","","","","",""
"way/491700385","","yes","","","","","","","","","","",""
"way/491700386","","yes","","","","","","","","","","",""
"way/491700387","","yes","","","","","","","","","","",""
"way/491700388","","yes","","","","","","","","","","",""
"way/491700389","","yes","","","","","","","","","","",""
"way/491700390","","yes","","","","","","","","","","",""
"way/491700391","","yes","","","","","","","","","","",""
"way/491700392","","yes","","","","","","","","","","",""
"way/491700393","","yes","","","","","","","","","","",""
"way/491700394","","yes","","","","","","","","","","",""
"way/491700395","","yes","","","","","","","","","","",""
"way/491700396","","yes","","","","","","","","","","",""
"way/491700397","","yes","","","","","","","","","","",""
"way/491700398","","yes","","","","","","","","","","",""
"way/491700399","","yes","","","","","","","","","","",""
"way/491700400","","yes","","","","","","","","","","",""
"way/491700401","","yes","","","","","","","","","","",""
"way/491700402","","yes","","","","","","","","","","",""
"way/491700403","","yes","","","","","","","","","","",""
"way/491837445","","yes","","","","","","","","","","",""
"way/491837446","","yes","","","","","","","","","","",""
"way/491837447","","yes","","","","","","","","","","",""
"way/491837448","","yes","","","","","","","","","","",""
"way/491837449","","yes","","","","","","","","","","",""
"way/491837451","","yes","","","","","","","","","","",""
"way/491837454","","yes","","","","","","","","","","",""
"way/491837455","","yes","","","","","","","","","","",""
"way/491837456","","yes","","","","","","","","","","",""
"way/491837457","","yes","","","","","","","","","","",""
"way/491837458","","yes","","","","","","","","","","",""
"way/491837459","","yes","","","","","","","","","","",""
"way/491837460","","yes","","","","","","","","","","",""
"way/491837461","","yes","","","","","","","","","","",""
"way/491837462","","yes","","","","","","","","","","",""
"way/491837463","","yes","","","","","","","","","","",""
"way/491837464","","yes","","","","","","","","","","",""
"way/491837465","","yes","","","","","","","","","","",""
"way/491837466","","yes","","","","","","","","","","",""
"way/491837467","","yes","","","","","","","","","","",""
"way/491837468","","yes","","","","","","","","","","",""
"way/491837469","","yes","","","","","","","","","","",""
"way/491837470","","yes","","","","","","","","","","",""
"way/491837471","","yes","","","","","","","","","","",""
"way/491837472","","yes","","","","","","","","","","",""
"way/491837473","","yes","","","","","","","","","","",""
"way/491837474","","yes","","","","","","","","","","",""
"way/491837475","","yes","","","","","","","","","","",""
"way/491837476","","yes","","","","","","","","","","",""
"way/491837477","","yes","","","","","","","","","","",""
"way/491837478","","yes","","","","","","","","","","",""
"way/491837479","","yes","","","","","","","","","","",""
"way/491837480","","yes","","","","","","","","","","",""
"way/491837481","","yes","","","","","","","","","","",""
"way/491837482","","yes","","","","","","","","","","",""
"way/491837483","","yes","","","","","","","","","","",""
"way/491837484","","yes","","","","","","","","","","",""
"way/491837485","","yes","","","","","","","","","","",""
"way/491837486","","yes","","","","","","","","","","",""
"way/491837487","","yes","","","","","","","","","","",""
"way/491837490","","yes","","","","","","","","","","",""
"way/491837492","","yes","","","","","","","","","","",""
"way/491837493","","yes","","","","","","","","","","",""
"way/491837494","","yes","","","","","","","","","","",""
"way/491837495","","yes","","","","","","","","","","",""
"way/491837496","","yes","","","","","","","","","","",""
"way/491837497","","yes","","","","","","","","","","",""
"way/491837498","","yes","","","","","","","","","","",""
"way/491837520","","yes","","","","","","","","","","",""
"way/491839489","","yes","","","","","","","","","","",""
"way/491839490","","yes","","","","","","","","","","",""
"way/491839491","","yes","","","","","","","","","","",""
"way/492443782","","yes","","","","","","","","","","",""
"way/492443785","","yes","","","","","","","","","","",""
"way/492443786","","yes","","","","","","","","","","",""
"way/492443787","","yes","","","","","","","","","","",""
"way/492443788","","yes","","","","","","","","","","",""
"way/492443789","","yes","","","","","","","","","","",""
"way/492443790","","yes","","","","","","","","","","",""
"way/492443791","","yes","","","","","","","","","","",""
"way/492443792","","yes","","","","","","","","","","",""
"way/492443793","","yes","","","","","","","","","","",""
"way/492443794","","yes","","","","","","","","","","",""
"way/492443795","","yes","","","","","","shelter","","","","",""
"way/492443796","","yes","","","","","","","","","","",""
"way/492443797","","yes","","","","","","","","","","",""
"way/492443798","","yes","","","","","","","","","","",""
"way/492443799","","yes","","","","","","","","","","",""
"way/492443800","","yes","","","","","","","","","","",""
"way/492443801","","yes","","","","","","","","","","",""
"way/492443802","","yes","","","","","","","","","","",""
"way/492443803","","yes","","","","","","","","","","",""
"way/492443804","","yes","","","","","","","","","","",""
"way/492443805","","yes","","","","","","","","","","",""
"way/492443806","","yes","","","","","","","","","","",""
"way/492443807","","yes","","","","","","","","","","",""
"way/492443808","","yes","","","","","","","","","","",""
"way/492443809","","yes","","","","","","","","","","",""
"way/492443810","","yes","","","","","","","","","","",""
"way/492443811","","yes","","","","","","","","","","",""
"way/492443812","","yes","","","","","","","","","","",""
"way/492443813","","yes","","","","","","","","","","",""
"way/492443814","","yes","","","","","","","","","","",""
"way/492443815","","yes","","","","","","","","","","",""
"way/492443816","","yes","","","","","","","","","","",""
"way/492443817","","yes","","","","","","","","","","",""
"way/492443818","","yes","","","","","","","","","","",""
"way/492443823","","yes","","","","","","","","","","",""
"way/492443824","","yes","","","","","","","","","","",""
"way/492443825","","yes","","","","","","","","","","",""
"way/492443826","","yes","","","","","","","","","","",""
"way/492443827","","yes","","","","","","","","","","",""
"way/492443828","","yes","","","","","","","","","","",""
"way/492443831","","yes","","","","","","","","","","",""
"way/492443832","","yes","","","","","","","","","","",""
"way/492443833","","yes","","","","","","","","","","",""
"way/492443834","","yes","","","","","","","","","","",""
"way/492443835","","yes","","","","","","","","","","",""
"way/492443836","","yes","","","","","","","","","","",""
"way/492443837","","yes","","","","","","","","","","",""
"way/492443838","","yes","","","","","","","","","","",""
"way/492443839","","yes","","","","","","","","","","",""
"way/492443840","","yes","","","","","","","","","","",""
"way/492443841","","yes","","","","","","","","","","",""
"way/492443842","","yes","","","","","","","","","","",""
"way/492443843","","yes","","","","","","","","","","",""
"way/492443844","","yes","","","","","","","","","","",""
"way/492443845","","yes","","","","","","","","","","",""
"way/492443846","","yes","","","","","","","","","","",""
"way/492443847","","yes","","","","","","","","","","",""
"way/492443848","","yes","","","","","","","","","","",""
"way/492443849","","yes","","","","","","","","","","",""
"way/492443850","","yes","","","","","","","","","","",""
"way/492443851","","yes","","","","","","","","","","",""
"way/492443852","","yes","","","","","","","","","","",""
"way/492443853","","yes","","","","","","","","","","",""
"way/492443854","","yes","","","","","","","","","","",""
"way/492443855","","yes","","","","","","","","","","",""
"way/492443856","","yes","","","","","","","","","","",""
"way/492443857","","yes","","","","","","","","","","",""
"way/492443858","","yes","","","","","","","","","","",""
"way/492443859","","yes","","","","","","","","","","",""
"way/492443860","","yes","","","","","","","","","","",""
"way/492443861","","yes","","","","","","","","","","",""
"way/492443862","","yes","","","","","","","","","","",""
"way/492443863","","yes","","","","","","","","","","",""
"way/492455730","","yes","","","","","","","","","","",""
"way/492455731","","yes","","","","","","","","","","",""
"way/492455732","","yes","","","","","","","","","","",""
"way/492455733","","yes","","","","","","","","","","",""
"way/492455734","","yes","","","","","","","","","","",""
"way/492455735","","yes","","","","","","","","","","",""
"way/492455736","","yes","","","","","","","","","","",""
"way/492455737","","yes","","","","","","","","","","",""
"way/492455738","","yes","","","","","","","","","","",""
"way/492455739","","yes","","","","","","","","","","",""
"way/492455740","","yes","","","","","","","","","","",""
"way/492455741","","yes","","","","","","","","","","",""
"way/492455742","","yes","","","","","","","","","","",""
"way/492455743","","yes","","","","","","","","","","",""
"way/492455744","","yes","","","","","","","","","","",""
"way/492455745","","yes","","","","","","","","","","",""
"way/492455746","","yes","","","","","","","","","","",""
"way/492455747","","yes","","","","","","","","","","",""
"way/492455748","","yes","","","","","","","","","","",""
"way/492455749","","yes","","","","","","","","","","",""
"way/492455750","","yes","","","","","","","","","","",""
"way/492455751","","yes","","","","","","","","","","",""
"way/492455752","","yes","","","","","","","","","","",""
"way/492455753","","yes","","","","","","","","","","",""
"way/492455754","","yes","","","","","","","","","","",""
"way/492455755","","yes","","","","","","","","","","",""
"way/492455756","","yes","","","","","","","","","","",""
"way/492455757","","yes","","","","","","","","","","",""
"way/492455758","","yes","","","","","","","","","","",""
"way/492455759","","yes","","","","","","","","","","",""
"way/492455760","","yes","","","","","","","","","","",""
"way/492455761","","yes","","","","","","","","","","",""
"way/492455762","","yes","","","","","","","","","","",""
"way/492455763","","yes","","","","","","","","","","",""
"way/492455764","","yes","","","","","","","","","","",""
"way/492455765","","yes","","","","","","","","","","",""
"way/492455766","","yes","","","","","","","","","","",""
"way/492455767","","yes","","","","","","","","","","",""
"way/492455768","","yes","","","","","","","","","","",""
"way/492455769","","yes","","","","","","","","","","",""
"way/492455770","","yes","","","","","","","","","","",""
"way/492455771","","yes","","","","","","","","","","",""
"way/492455772","","yes","","","","","","","","","","",""
"way/492455773","","yes","","","","","","","","","","",""
"way/492455774","","yes","","","","","","","","","","",""
"way/492455775","","yes","","","","","","","","","","",""
"way/492455776","","yes","","","","","","","","","","",""
"way/492455777","","yes","","","","","","","","","","",""
"way/492455778","","yes","","","","","","","","","","",""
"way/492455779","","yes","","","","","","","","","","",""
"way/492455780","","yes","","","","","","","","","","",""
"way/492455781","","yes","","","","","","","","","","",""
"way/492455782","","yes","","","","","","","","","","",""
"way/492455783","","yes","","","","","","","","","","",""
"way/492455784","","yes","","","","","","","","","","",""
"way/492455785","","yes","","","","","","","","","","",""
"way/492455786","","yes","","","","","","","","","","",""
"way/492455787","","yes","","","","","","","","","","",""
"way/492455788","","yes","","","","","","","","","","",""
"way/492455789","","yes","","","","","","","","","","",""
"way/492455790","","yes","","","","","","","","","","",""
"way/492455791","","yes","","","","","","","","","","",""
"way/492455792","","yes","","","","","","","","","","",""
"way/492455793","","yes","","","","","","","","","","",""
"way/492455794","","yes","","","","","","","","","","",""
"way/492455795","","yes","","","","","","","","","","",""
"way/492455796","","yes","","","","","","","","","","",""
"way/492455797","","yes","","","","","","","","","","",""
"way/492457109","","yes","","","","","","","","","","",""
"way/492457110","","yes","","","","","","","","","","",""
"way/492457111","","yes","","","","","","","","","","",""
"way/492457112","","yes","","","","","","","","","","",""
"way/492457113","","yes","","","","","","","","","","",""
"way/492457114","","yes","","","","","","","","","","",""
"way/492457115","","yes","","","","","","","","","","",""
"way/492457116","","yes","","","","","","","","","","",""
"way/492457117","","yes","","","","","","","","","","",""
"way/492457118","","yes","","","","","","","","","","",""
"way/492457119","","yes","","","","","","","","","","",""
"way/492457120","","yes","","","","","","","","","","",""
"way/492457121","","yes","","","","","","","","","","",""
"way/492457122","","yes","","","","","","","","","","",""
"way/492457123","","yes","","","","","","","","","","",""
"way/492457124","","yes","","","","","","","","","","",""
"way/492457125","","yes","","","","","","","","","","",""
"way/492457126","","yes","","","","","","","","","","",""
"way/492457127","","yes","","","","","","","","","","",""
"way/492457128","","yes","","","","","","","","","","",""
"way/492457129","","yes","","","","","","","","","","",""
"way/492457130","","yes","","","","","","","","","","",""
"way/492457131","","yes","","","","","","","","","","",""
"way/492457132","","yes","","","","","","","","","","",""
"way/492457133","","yes","","","","","","","","","","",""
"way/492457134","","yes","","","","","","","","","","",""
"way/492457135","","yes","","","","","","","","","","",""
"way/492457136","","yes","","","","","","","","","","",""
"way/492457137","","yes","","","","","","","","","","",""
"way/492457138","","yes","","","","","","","","","","",""
"way/492457139","","yes","","","","","","","","","","",""
"way/492457140","","yes","","","","","","","","","","",""
"way/492457141","","yes","","","","","","","","","","",""
"way/492457142","","yes","","","","","","","","","","",""
"way/492457143","","yes","","","","","","","","","","",""
"way/492457144","","yes","","","","","","","","","","",""
"way/492457145","","yes","","","","","","","","","","",""
"way/492457146","","yes","","","","","","","","","","",""
"way/492457147","","yes","","","","","","","","","","",""
"way/492457148","","yes","","","","","","","","","","",""
"way/492457149","","yes","","","","","","","","","","",""
"way/492457150","","yes","","","","","","","","","","",""
"way/492457151","","yes","","","","","","","","","","",""
"way/492457152","","yes","","","","","","","","","","",""
"way/492457153","","yes","","","","","","","","","","",""
"way/492457154","","yes","","","","","","","","","","",""
"way/492457155","","yes","","","","","","","","","","",""
"way/492457156","","yes","","","","","","","","","","",""
"way/492457157","","yes","","","","","","","","","","",""
"way/492457158","","yes","","","","","","","","","","",""
"way/492457159","","yes","","","","","","","","","","",""
"way/492457160","","yes","","","","","","","","","","",""
"way/492457161","","yes","","","","","","","","","","",""
"way/492457162","","yes","","","","","","","","","","",""
"way/492457163","","yes","","","","","","","","","","",""
"way/492457164","","yes","","","","","","","","","","",""
"way/492457165","","yes","","","","","","","","","","",""
"way/492457166","","yes","","","","","","","","","","",""
"way/492457167","","yes","","","","","","","","","","",""
"way/492458427","","yes","","","","","","","","","","",""
"way/492458428","","yes","","","","","","","","","","",""
"way/492458429","","yes","","","","","","","","","","",""
"way/492458430","","yes","","","","","","","","","","",""
"way/492458431","","yes","","","","","","","","","","",""
"way/492458432","","yes","","","","","","","","","","",""
"way/492458433","","yes","","","","","","","","","","",""
"way/492458434","","yes","","","","","","","","","","",""
"way/492458435","","yes","","","","","","","","","","",""
"way/492458436","","yes","","","","","","","","","","",""
"way/492458437","","yes","","","","","","","","","","",""
"way/492458438","","yes","","","","","","","","","","",""
"way/492458439","","yes","","","","","","","","","","",""
"way/492458440","","yes","","","","","","","","","","",""
"way/492458441","","yes","","","","","","","","","","",""
"way/492458442","","yes","","","","","","","","","","",""
"way/492458443","","yes","","","","","","","","","","",""
"way/492458444","","yes","","","","","","","","","","",""
"way/492458445","","yes","","","","","","","","","","",""
"way/492458446","","yes","","","","","","","","","","",""
"way/492458447","","yes","","","","","","","","","","",""
"way/492458448","","yes","","","","","","","","","","",""
"way/492458449","","yes","","","","","","","","","","",""
"way/492458450","","yes","","","","","","","","","","",""
"way/492458451","","yes","","","","","","","","","","",""
"way/492458452","","yes","","","","","","","","","","",""
"way/492458453","","yes","","","","","","","","","","",""
"way/492458454","","yes","","","","","","","","","","",""
"way/492458455","","yes","","","","","","","","","","",""
"way/492458456","","yes","","","","","","","","","","",""
"way/492458457","","yes","","","","","","","","","","",""
"way/492458458","","yes","","","","","","","","","","",""
"way/492458459","","yes","","","","","","","","","","",""
"way/492458460","","yes","","","","","","","","","","",""
"way/493782845","","yes","","","","","","","","","","",""
"way/493782846","","yes","","","","","","","","","","",""
"way/493782847","","yes","","","","","","","","","","",""
"way/493782849","","yes","","","","","","","","","","",""
"way/493782852","","yes","","","","","","","","","","",""
"way/493782853","","yes","","","","","","","","","","",""
"way/493782855","","yes","","","","","","","","","","",""
"way/493782856","","yes","","","","","","","","","","",""
"way/493782857","","yes","","","","","","","","","","",""
"way/493782858","","yes","","","","","","","","","","",""
"way/493782859","","yes","","","","","","","","","","",""
"way/493782860","","yes","","","","","","","","","","",""
"way/493782861","","yes","","","","","","","","","","",""
"way/493782862","","yes","","","","","","","","","","",""
"way/493782863","","yes","","","","","","","","","","",""
"way/493782865","","yes","","","","","","","","","","",""
"way/493782867","","yes","","","","","","","","","","",""
"way/493782868","","yes","","","","","","","","","","",""
"way/493782870","","yes","","","","","","","","","","",""
"way/493782871","","yes","","","","","","","","","","",""
"way/493782872","","yes","","","","","","","","","","",""
"way/493782873","","yes","","","","","","","","","","",""
"way/493782874","","yes","","","","","","","","","","",""
"way/493782876","","yes","","","","","","","","","","",""
"way/493782877","","yes","","","","","","","","","","",""
"way/493782880","Santa Kil","yes","","","","","","","","","","",""
"way/493783222","","yes","","","","","","","","","","",""
"way/493783223","","yes","","","","","","","","","","",""
"way/493783224","","yes","","","","","","","","","","",""
"way/493783225","","yes","","","","","","","","","","",""
"way/493783228","","yes","","","","","","","","","","",""
"way/493783229","","yes","","","","","","","","","","",""
"way/493783231","","yes","","","","","","","","","","",""
"way/493783233","","yes","","","","","","","","","","",""
"way/493783234","","yes","","","","","","","","","","",""
"way/493783235","","yes","","","","","","","","","","",""
"way/493783238","","yes","","","","","","","","","","",""
"way/493783240","","yes","","","","","","","","","","",""
"way/493783241","","yes","","","","","","","","","","",""
"way/493783242","","yes","","","","","","","","","","",""
"way/493783245","","yes","","","","","","","","","","",""
"way/494037216","","yes","","","","","","","","","","",""
"way/494037217","","yes","","","","","","","","","","",""
"way/494037218","","yes","","","","","","","","","","",""
"way/494037219","","yes","","","","","","","","","","",""
"way/494037220","","yes","","","","","","","","","","",""
"way/494037221","","yes","","","","","","","","","","",""
"way/494037222","","yes","","","","","","","","","","",""
"way/494037223","","yes","","","","","","","","","","",""
"way/494037224","","yes","","","","","","","","","","",""
"way/494037225","","yes","","","","","","","","","","",""
"way/494037226","","yes","","","","","","","","","","",""
"way/494037227","","yes","","","","","","","","","","",""
"way/494037228","","yes","","","","","","","","","","",""
"way/494037229","","yes","","","","","","","","","","",""
"way/494037230","","yes","","","","","","","","","","",""
"way/494037231","","yes","","","","","","","","","","",""
"way/494037232","","yes","","","","","","","","","","",""
"way/494037234","","yes","","","","","","","","","","",""
"way/494037235","","yes","","","","","","","","","","",""
"way/494037236","","yes","","","","","","","","","","",""
"way/494037237","","yes","","","","","","","","","","",""
"way/494037238","","yes","","","","","","","","","","",""
"way/494037239","","yes","","","","","","","","","","",""
"way/494037240","","yes","","","","","","","","","","",""
"way/494037241","","yes","","","","","","","","","","",""
"way/494037242","","yes","","","","","","","","","","",""
"way/494037243","","yes","","","","","","","","","","",""
"way/494037244","","yes","","","","","","","","","","",""
"way/494037245","","yes","","","","","","","","","","",""
"way/494037246","","yes","","","","","","","","","","",""
"way/494037247","","yes","","","","","","","","","","",""
"way/494037248","","yes","","","","","","","","","","",""
"way/494037249","","yes","","","","","","","","","","",""
"way/494037250","","yes","","","","","","","","","","",""
"way/494037251","","yes","","","","","","","","","","",""
"way/494037252","","yes","","","","","","","","","","",""
"way/494037253","","yes","","","","","","","","","","",""
"way/494037254","","yes","","","","","","","","","","",""
"way/494037255","","yes","","","","","","","","","","",""
"way/494037256","","yes","","","","","","","","","","",""
"way/494037257","","yes","","","","","","","","","","",""
"way/494037258","","yes","","","","","","","","","","",""
"way/494037259","","yes","","","","","","","","","","",""
"way/494037260","","yes","","","","","","","","","","",""
"way/494037261","","yes","","","","","","","","","","",""
"way/494037262","","yes","","","","","","","","","","",""
"way/494037271","","yes","","","","","","","","","","",""
"way/494041616","","yes","","","","","","","","","","",""
"way/494041618","","yes","","","","","","","","","","",""
"way/494041619","","yes","","","","","","","","","","",""
"way/494041622","","yes","","","","","","","","","","",""
"way/494041623","","yes","","","","","","","","","","",""
"way/494041624","","yes","","","","","","","","","","",""
"way/494041626","","yes","","","","","","","","","","",""
"way/494041627","","yes","","","","","","","","","","",""
"way/494041630","","yes","","","","","","","","","","",""
"way/494041632","","yes","","","","","","","","","","",""
"way/494041634","","yes","","","","","","","","","","",""
"way/494041636","","yes","","","","","","","","","","",""
"way/494041638","","yes","","","","","","","","","","",""
"way/494041639","","yes","","","","","","","","","","",""
"way/494041643","","yes","","","","","","","","","","",""
"way/494041644","","yes","","","","","","","","","","",""
"way/494041645","","yes","","","","","","","","","","",""
"way/494041647","","yes","","","","","","","","","","",""
"way/494041649","","yes","","","","","","","","","","",""
"way/494041652","","yes","","","","","","","","","","",""
"way/494041662","","yes","","","","","","","","","","",""
"way/494041664","","yes","","","","","","","","","","",""
"way/494041665","","yes","","","","","","","","","","",""
"way/494041666","","yes","","","","","","","","","","",""
"way/494041667","","yes","","","","","","","","","","",""
"way/494041668","","yes","","","","","","","","","","",""
"way/494041671","","yes","","","","","","","","","","",""
"way/494041676","","yes","","","","","","","","","","",""
"way/494041677","","yes","","","","","","","","","","",""
"way/494041679","","yes","","","","","","","","","","",""
"way/494041682","","yes","","","","","","","","","","",""
"way/494041683","","yes","","","","","","","","","","",""
"way/494042302","","yes","","","","","","","","","","",""
"way/494042305","","yes","","","","","","","","","","",""
"way/494042308","","yes","","","","","","","","","","",""
"way/494042312","","yes","","","","","","","","","","",""
"way/494042314","","yes","","","","","","","","","","",""
"way/494479582","","yes","","","","","","","","","","",""
"way/494479583","","yes","","","","","","","","","","",""
"way/494479584","","yes","","","","","","","","","","",""
"way/494479586","","yes","","","","","","","","","","",""
"way/494479587","","yes","","","","","","","","","","",""
"way/494479588","","yes","","","","","","","","","","",""
"way/494479589","","yes","","","","","","","","","","",""
"way/494479590","","yes","","","","","","","","","","",""
"way/494479591","","yes","","","","","","","","","","",""
"way/494479592","","yes","","","","","","","","","","",""
"way/494479593","","yes","","","","","","","","","","",""
"way/494479598","","yes","","","","","","","","","","",""
"way/494479599","","yes","","","","","","","","","","",""
"way/494479600","","yes","","","","","","","","","","",""
"way/494479601","","yes","","","","","","","","","","",""
"way/494479602","","yes","","","","","","","","","","",""
"way/494479604","","yes","","","","","","","","","","",""
"way/494479606","","yes","","","","","","","","","","",""
"way/494479608","","yes","","","","","","","","","","",""
"way/494512538","","yes","","","","","","","","","","",""
"way/494512539","","yes","","","","","","","","","","",""
"way/494512540","","yes","","","","","","","","","","",""
"way/494512543","","yes","","","","","","","","","","",""
"way/494512545","","yes","","","","","","","","","","",""
"way/494512546","","yes","","","","","","","","","","",""
"way/494512547","","yes","","","","","","","","","","",""
"way/494512548","","yes","","","","","","","","","","",""
"way/494512549","","yes","","","","","","","","","","",""
"way/494512550","","yes","","","","","","","","","","",""
"way/494512551","","yes","","","","","","","","","","",""
"way/494512552","","yes","","","","","","","","","","",""
"way/494512553","","yes","","","","","","","","","","",""
"way/494512557","","yes","","","","","","","","","","",""
"way/494512558","","yes","","","","","","","","","","",""
"way/494512561","","yes","","","","","","","","","","",""
"way/494512574","","yes","","","","","","","","","","",""
"way/494512577","","yes","","","","","","","","","","",""
"way/494512579","","yes","","","","","","","","","","",""
"way/494512580","","yes","","","","","","","","","","",""
"way/494512581","","yes","","","","","","","","","","",""
"way/494512585","","yes","","","","","","","","","","",""
"way/494512586","","yes","","","","","","","","","","",""
"way/494512587","","yes","","","","","","","","","","",""
"way/494512592","","yes","","","","","","","","","","",""
"way/494512593","","yes","","","","","","","","","","",""
"way/494512594","","yes","","","","","","","","","","",""
"way/494512595","","yes","","","","","","","","","","",""
"way/494512596","","yes","","","","","","","","","","",""
"way/494512609","","yes","","","","","","","","","","",""
"way/494512612","","yes","","","","","","","","","","",""
"way/494790867","","yes","","","","","","","","","","",""
"way/494790868","","yes","","","","","","","","","","",""
"way/494791942","","yes","","","","","","","","","","",""
"way/494791943","","yes","","","","","","","","","","",""
"way/494791944","","yes","","","","","","","","","","",""
"way/494791945","","yes","","","","","","","","","","",""
"way/494791946","","yes","","","","","","","","","","",""
"way/494791947","","yes","","","","","","","","","","",""
"way/494791948","","yes","","","","","","","","","","",""
"way/494791949","","yes","","","","","","","","","","",""
"way/494791950","","yes","","","","","","","","","","",""
"way/494791951","","yes","","","","","","","","","","",""
"way/494791952","","yes","","","","","","","","","","",""
"way/494791953","","yes","","","","","","","","","","",""
"way/494791956","","yes","","","","","","","","","","",""
"way/494791957","","yes","","","","","","","","","","",""
"way/494791958","","yes","","","","","","","","","","",""
"way/494791959","","yes","","","","","","","","","","",""
"way/494791960","","yes","","","","","","","","","","",""
"way/494797079","","yes","","","","","","","","","","",""
"way/494797080","Santa Fe Rockworks","yes","","","342","Otero Street","87501","","","","","",""
"way/494797081","","yes","","","","","","","","","","",""
"way/494797082","","yes","","","","","","","","","","",""
"way/494797083","","yes","","","","","","","","","","",""
"way/494797084","","yes","","","","","","","","","","",""
"way/494797085","","yes","","","","","","","","","","",""
"way/494797086","","yes","","","","","","","","","","",""
"way/494797087","","yes","","","","","","","","","","",""
"way/494797088","","yes","","","","","","","","","","",""
"way/494797089","","yes","","","","","","","","","","",""
"way/494797090","","yes","","","","","","","","","","",""
"way/494797091","","yes","","","","","","","","","","",""
"way/494797092","","yes","","","","","","","","","","",""
"way/494797093","","yes","","","","","","","","","","",""
"way/494797094","","yes","","","","","","","","","","",""
"way/494797095","","yes","","","","","","","","","","",""
"way/494797096","","yes","","","","","","","","","","",""
"way/494797097","","yes","","","","","","","","","","",""
"way/494797098","","yes","","","","","","","","","","",""
"way/494797099","","yes","","","","","","","","","","",""
"way/494797100","","yes","","","","","","","","","","",""
"way/494797101","","yes","","","","","","","","","","",""
"way/494797102","","yes","","","","","","","","","","",""
"way/494797103","","yes","","","","","","","","","","",""
"way/494797104","","yes","","","","","","","","","","",""
"way/494797105","","yes","","","","","","","","","","",""
"way/494797106","","yes","","","","","","","","","","",""
"way/494797107","","yes","","","","","","","","","","",""
"way/494797108","","yes","","","","","","","","","","",""
"way/494797109","","yes","","","","","","","","","","",""
"way/494797110","","yes","","","","","","","","","","",""
"way/494797111","","yes","","","","","","","","","","",""
"way/494797112","","yes","","","","","","","","","","",""
"way/494797115","","yes","","","","","","","","","","",""
"way/494797116","","yes","","","","","","","","","","",""
"way/494797117","","yes","","","","","","","","","","",""
"way/494797118","","yes","","","","","","","","","","",""
"way/494797119","","yes","","","","","","","","","","",""
"way/494797120","","yes","","","","","","","","","","",""
"way/494797121","","yes","","","","","","","","","","",""
"way/494797122","","yes","","","","","","","","","","",""
"way/494797123","","yes","","","","","","","","","","",""
"way/494797124","","yes","","","","","","","","","","",""
"way/494797125","","yes","","","","","","","","","","",""
"way/494797126","","yes","","","","","","","","","","",""
"way/494797127","","yes","","","","","","","","","","",""
"way/494797128","","yes","","","","","","","","","","",""
"way/494797129","","yes","","","","","","","","","","",""
"way/494797131","","yes","","","","","","","","","","",""
"way/494797132","","yes","","","","","","","","","","",""
"way/494797133","","yes","","","","","","","","","","",""
"way/494797134","","yes","","","","","","","","","","",""
"way/494797135","","yes","","","","","","","","","","",""
"way/494797136","","yes","","","","","","","","","","",""
"way/494797137","","yes","","","","","","","","","","",""
"way/494797138","","yes","","","","","","","","","","",""
"way/494797139","","yes","","","","","","","","","","",""
"way/494797140","","yes","","","","","","","","","","",""
"way/494797328","","yes","","","","","","","","","","",""
"way/494797329","","yes","","","","","","","","","","",""
"way/494797330","","yes","","","","","","","","","","",""
"way/494797331","","yes","","","","","","","","","","",""
"way/494797332","","yes","","","","","","","","","","",""
"way/494797850","","yes","","","","","","","","","","",""
"way/494797851","","yes","","","","","","","","","","",""
"way/494798267","","yes","","","","","","","","","","",""
"way/494799040","","yes","","","","","","","","","","",""
"way/494799041","","yes","","","","","","","","","","",""
"way/494799042","","yes","","","","","","","","","","",""
"way/494799043","","yes","","","","","","","","","","",""
"way/494799044","","yes","","","","","","","","","","",""
"way/494799045","","yes","","","","","","","","","","",""
"way/494799046","","yes","","","","","","","","","","",""
"way/494799047","","yes","","","","","","","","","","",""
"way/494799048","","yes","","","","","","","","","","",""
"way/494799049","","yes","","","","","","","","","","",""
"way/494799050","","yes","","","","","","","","","","",""
"way/494799051","","yes","","","","","","","","","","",""
"way/494799052","","yes","","","","","","","","","","",""
"way/494799053","","yes","","","","","","","","","","",""
"way/494799054","","yes","","","","","","","","","","",""
"way/494799055","","yes","","","","","","","","","","",""
"way/494799056","","yes","","","","","","","","","","",""
"way/494799057","","yes","","","","","","","","","","",""
"way/494799058","","yes","","","","","","","","","","",""
"way/494799059","","yes","","","","","","","","","","",""
"way/494799060","","yes","","","","","","","","","","",""
"way/494799061","","yes","","","","","","","","","","",""
"way/494799062","","yes","","","","","","","","","","",""
"way/494799063","","yes","","","","","","","","","","",""
"way/494951339","","yes","","","","","","","","","","",""
"way/494951340","","yes","","","","","","","","","","",""
"way/494951341","","yes","","","","","","","","","","",""
"way/494951342","","yes","","","","","","","","","","",""
"way/494951343","","yes","","","","","","","","","","",""
"way/494951344","","yes","","","","","","","","","","",""
"way/494951345","","yes","","","","","","","","","","",""
"way/494951346","","yes","","","","","","","","","","",""
"way/494951347","","yes","","","","","","","","","","",""
"way/494951348","","yes","","","","","","","","","","",""
"way/494951349","","yes","","","","","","","","","","",""
"way/494951350","","yes","","","","","","","","","","",""
"way/494951351","","yes","","","","","","","","","","",""
"way/494951352","","yes","","","","","","","","","","",""
"way/494951353","","yes","","","","","","","","","","",""
"way/494951354","","yes","","","","","","","","","","",""
"way/494951355","","yes","","","","","","","","","","",""
"way/494951356","","yes","","","","","","","","","","",""
"way/494951357","","yes","","","","","","","","","","",""
"way/494951358","","yes","","","","","","","","","","",""
"way/494951359","","yes","1","","","","","","","","","",""
"way/494951360","","hotel","","","","","","","","","","",""
"way/494951361","","yes","","","","","","","","","","",""
"way/494951362","","yes","","","","","","","","","","",""
"way/494951363","","yes","","","","","","","","","","",""
"way/494951364","","yes","","","","","","","","","","",""
"way/494951365","","yes","1","","","","","","","","","",""
"way/494951366","","yes","","","","","","","","","","",""
"way/494951367","","yes","","","","","","","","","","",""
"way/494951368","","yes","","","","","","","","","","",""
"way/494951369","","yes","","","","","","","","","","",""
"way/494951370","","yes","","","","","","","","","","",""
"way/494951371","","yes","","","","","","","","","","",""
"way/494951372","George Cuyler Preston House","yes","","","106","East Faithway Street","87501","","","","house","",""
"way/494951487","","yes","","","","","","","","","","",""
"way/494951488","","yes","","","","","","","","","","",""
"way/494951489","Delgado E","house","","","","","","","","","","",""
"way/494951490","","yes","","","","","","","","","","",""
"way/494951491","Delgado C4","house","","","","","","","","","","",""
"way/494951493","Delgado A","house","","","110","Delgado Street","87501","","","","","",""
"way/494951494","","yes","","","","","","","","","","",""
"way/494951495","","yes","","","","","","","","","","",""
"way/494951496","","yes","","","","","","","","","","",""
"way/494951497","","yes","","","","","","","","","","",""
"way/494951498","","yes","","","","","","","","","","",""
"way/494951499","","yes","","","","","","","","","","",""
"way/494951500","","yes","","","","","","","","","","",""
"way/494951501","","yes","","","","","","","","","","",""
"way/494951502","","yes","","","","","","","","","","",""
"way/494951503","","yes","","","","","","","","","","",""
"way/512417748","","house","","","","","","","","","","",""
"way/525046957","","yes","","","","","","","","","","",""
"way/525046958","","yes","","","","","","","","","","",""
"way/525046960","","yes","","","","","","","","","","",""
"way/525046963","","yes","","","","","","","","","","",""
"way/525046965","","yes","","","","","","","","","","",""
"way/525046967","","yes","","","","","","","","","","",""
"way/525046968","","yes","","","","","","","","","","",""
"way/525046969","","yes","","","","","","","","","","",""
"way/525046970","","yes","","","","","","","","","","",""
"way/525046971","","yes","","","","","","","","","","",""
"way/525046972","","yes","","","","","","","","","","",""
"way/525046973","","yes","","","","","","","","","","",""
"way/525046974","","yes","","","","","","","","","","",""
"way/525046975","","yes","","","","","","","","","","",""
"way/525046976","","yes","","","","","","","","","","",""
"way/525046977","","yes","","","","","","","","","","",""
"way/525046978","","yes","","","","","","","","","","",""
"way/525046979","","yes","","","","","","","","","","",""
"way/525046980","","yes","","","","","","","","","","",""
"way/525046981","","yes","","","","","","","","","","",""
"way/525046982","","yes","","","","","","","","","","",""
"way/525046983","","yes","","","","","","","","","","",""
"way/525046984","","yes","","","","","","","","","","",""
"way/525046985","","yes","","","","","","","","","","",""
"way/525046986","","yes","","","","","","","","","","",""
"way/525046987","","yes","","","","","","","","","","",""
"way/525046988","","yes","","","","","","","","","","",""
"way/525046989","","yes","","","","","","","","","","",""
"way/525046990","","yes","","","","","","","","","","",""
"way/525046991","","yes","","","","","","","","","","",""
"way/525046992","","yes","","","","","","","","","","",""
"way/525046993","","yes","","","","","","","","","","",""
"way/525046994","","yes","","","","","","","","","","",""
"way/525046995","","yes","","","","","","","","","","",""
"way/525046996","","yes","","","","","","","","","","",""
"way/525046997","","yes","","","","","","","","","","",""
"way/525046998","","yes","","","","","","","","","","",""
"way/525046999","","yes","","","","","","","","","","",""
"way/525047000","","yes","","","","","","","","","","",""
"way/525047001","","yes","","","","","","","","","","",""
"way/525047002","","yes","","","","","","","","","","",""
"way/525047003","","yes","","","","","","","","","","",""
"way/525047004","","yes","","","","","","","","","","",""
"way/525047005","","yes","","","","","","","","","","",""
"way/525047006","","yes","","","","","","","","","","",""
"way/525047007","","yes","","","","","","","","","","",""
"way/525047008","","yes","","","","","","","","","","",""
"way/525047009","","yes","","","","","","","","","","",""
"way/525047010","","yes","","","","","","","","","","",""
"way/525047011","","yes","","","","","","","","","","",""
"way/525047015","","yes","","","","","","","","","","",""
"way/525047016","","yes","","","","","","","","","","",""
"way/525047017","","yes","","","","","","","","","","",""
"way/525047018","","yes","","","","","","","","","","",""
"way/538536078","","yes","","","","","","","","","","",""
"way/558640994","","yes","","","","","","","","","","",""
"way/558640995","","yes","","","","","","","","","","",""
"way/558640996","","apartments","","","","","","","","","","",""
"way/558640997","","yes","","","","","","","","","","",""
"way/558640998","","yes","","","","","","","","","","",""
"way/558640999","","yes","","","","","","","","","","",""
"way/558641000","","yes","","","","","","","","","","",""
"way/558641001","","yes","","","","","","","","","","",""
"way/558641002","","yes","","","","","","","","","","",""
"way/558641003","","yes","","","","","","","","","","",""
"way/558641004","","yes","","","","","","","","","","",""
"way/558641005","","yes","","","","","","","","","","",""
"way/558641006","","yes","","","","","","","","","","",""
"way/558641007","","yes","","","","","","","","","","",""
"way/558641008","","yes","","","","","","","","","","",""
"way/558641009","","yes","","","","","","","","","","",""
"way/558641010","","yes","","","","","","","","","","",""
"way/558641011","","yes","","","","","","","","","","",""
"way/558641012","","yes","","","","","","","","","","",""
"way/558641013","","yes","","","","","","","","","","",""
"way/558641014","","yes","","","","","","","","","","",""
"way/558641015","","yes","","","","","","","","","","",""
"way/558641016","","yes","","","","","","","","","","",""
"way/558641017","","yes","","","","","","","","","","",""
"way/558641018","","yes","","","","","","","","","","",""
"way/558641019","","yes","","","","","","","","","","",""
"way/558641020","","yes","","","","","","","","","","",""
"way/558641021","","yes","","","","","","","","","","",""
"way/558641022","","yes","","","","","","","","","","",""
"way/558641023","","yes","","","","","","","","","","",""
"way/558641024","","yes","","","","","","","","","","",""
"way/558641025","","yes","","","","","","","","","","",""
"way/558641026","","yes","","","","","","","","","","",""
"way/558641027","","yes","","","","","","","","","","",""
"way/558641028","","yes","","","","","","","","","","",""
"way/558641029","","yes","","","","","","","","","","",""
"way/558641030","","yes","","","","","","","","","","",""
"way/558641031","","yes","","","","","","","","","","",""
"way/558641032","","yes","","","","","","","","","","",""
"way/558641033","","yes","","","","","","","","","","",""
"way/558641034","","yes","","","","","","","","","","",""
"way/558641035","","detached","","","407","Griffin Street","","","","","","",""
"way/558641036","","yes","","","","","","","","","","",""
"way/558641037","","yes","","","","","","","","","","",""
"way/558641038","","yes","","","","","","","","","","",""
"way/558641039","","yes","","","","","","","","","","",""
"way/558641040","","yes","","","","","","","","","","",""
"way/558641041","","yes","","","","","","","","","","",""
"way/558641042","","yes","","","","","","","","","","",""
"way/558641043","","yes","","","","","","","","","","",""
"way/558641044","","yes","","","","","","","","","","",""
"way/558641045","","yes","","","","","","","","","","",""
"way/558641046","","yes","","","","","","","","","","",""
"way/558641047","","yes","","","","","","","","","","",""
"way/558641048","","yes","","","","","","","","","","",""
"way/558641049","","yes","","","","","","","","","","",""
"way/558641050","","yes","","","","","","","","","","",""
"way/558642748","","yes","","","","","","","","","","",""
"way/558642749","","yes","","","","","","","","","","",""
"way/558642750","","yes","","","","","","","","","","",""
"way/558642751","","yes","","","","","","","","","","",""
"way/558642752","","yes","","","","","","","","","","",""
"way/558642753","","yes","","","","","","","","","","",""
"way/558642754","","yes","","","","","","","","","","",""
"way/558642755","","yes","","","","","","","","","","",""
"way/558642756","","yes","","","","","","","","","","",""
"way/558642757","","yes","","","","","","","","","","",""
"way/558642758","","yes","","","","","","","","","","",""
"way/558642759","","yes","","","","","","","","","","",""
"way/558642760","","yes","","","","","","","","","","",""
"way/558642761","","yes","","","","","","","","","","",""
"way/558642762","","yes","","","","","","","","","","",""
"way/558642763","","yes","","","","","","","","","","",""
"way/558642764","","yes","","","","","","","","","","",""
"way/558642765","","yes","","","","","","","","","","",""
"way/558642766","","yes","","","","","","","","","","",""
"way/558642776","","yes","","","","","","","","","","",""
"way/558642777","","yes","","","","","","","","","","",""
"way/558642778","","yes","","","","","","","","","","",""
"way/558642780","","yes","","","","","","","","","","",""
"way/558642781","","yes","","","","","","","","","","",""
"way/558642782","","yes","","","","","","","","","building","",""
"way/558642784","","yes","","","","","","","","","","",""
"way/558642785","","yes","","","","","","","","","","",""
"way/558642786","","yes","","","","","","","","","","",""
"way/558642787","","yes","","","","","","","","","","",""
"way/558642788","","yes","","","","","","","","","","",""
"way/558642789","","yes","","","","","","","","","","",""
"way/558642790","","yes","","","","","","","","","","",""
"way/558642791","","yes","","","","","","","","","","",""
"way/558642792","","yes","","","","","","","","","","",""
"way/558642793","","yes","","","","","","","","","","",""
"way/558642794","","yes","","","","","","","","","","",""
"way/558642795","","yes","","","","","","","","","","",""
"way/558642796","","yes","","","","","","","","","","",""
"way/558642797","","yes","","","","","","","","","","",""
"way/558642798","","yes","","","","","","","","","","",""
"way/558642799","","detached","","","404","Griffin Street","","","","","","",""
"way/558642800","","yes","","","","","","","","","","",""
"way/558642801","","yes","","","","","","","","","","",""
"way/558642802","","detached","","","410","Griffin Street","","","","","","",""
"way/558642803","","yes","","","","","","","","","","",""
"way/558642804","","detached","","","412","Griffin Street","","","","","","",""
"way/558642805","","detached","","","507","Griffin Street","","","","","","",""
"way/558642806","","yes","","","","","","","","","","",""
"way/558642807","","yes","","","","","","","","","","",""
"way/558642808","","yes","","","","","","","","","","",""
"way/558642809","","detached","","","509","Griffin Street","","","","","","",""
"way/558642810","","yes","","","","","","","","","","",""
"way/558642811","","yes","","","","","","","","","","",""
"way/558642812","","yes","","","","","","","","","","",""
"way/558642813","","yes","","","","","","","","","","",""
"way/558642814","","yes","","","","","","","","","","",""
"way/558642815","","yes","","","","","","","","","","",""
"way/558642816","","yes","","","","","","","","","","",""
"way/558642817","","yes","","","","","","","","","","",""
"way/558642818","","yes","","","","","","","","","","",""
"way/558642819","","yes","","","","","","","","","","",""
"way/558642820","","yes","","","","","","","","","","",""
"way/558642821","","yes","","","","","","","","","","",""
"way/558642822","","yes","","","","","","","","","","",""
"way/558642823","","detached","","","616","Griffin Street","","","","","","",""
"way/558642824","","yes","","","","","","","","","","",""
"way/559136707","","yes","","","","","","","","","","",""
"way/559136708","","yes","","","","","","","","","","",""
"way/559136709","","yes","","","","","","","","","","",""
"way/559136710","","yes","","","","","","","","","","",""
"way/559136711","","yes","","","","","","","","","","",""
"way/559136712","","yes","","","","","","","","","","",""
"way/559136713","","yes","","","","","","","","","","",""
"way/559136714","","yes","","","","","","","","","","",""
"way/559136715","","yes","","","","","","","","","","",""
"way/559136716","","yes","","","","","","","","","","",""
"way/559136717","","yes","","","","","","","","","","",""
"way/559136718","","yes","","","","","","","","","","",""
"way/559136719","","yes","","","","","","","","","","",""
"way/559136720","","house","","","","","","","","","","",""
"way/559136721","","yes","","","","","","","","","","",""
"way/559136722","","yes","","","","","","","","","","",""
"way/559136723","","yes","","","","","","","","","","",""
"way/559136724","","yes","","","","","","","","","","",""
"way/559136725","","yes","","","","","","","","","","",""
"way/559136726","","yes","","","","","","","","","","",""
"way/559136727","","yes","","","","","","","","","","",""
"way/559136728","","yes","","","","","","","","","","",""
"way/559136729","","yes","","","","","","","","","","",""
"way/559136730","","yes","","","","","","","","","","",""
"way/559136731","","yes","","","","","","","","","","",""
"way/559136732","","yes","","","","","","","","","","",""
"way/559136733","","yes","","","","","","","","","","",""
"way/559136734","","yes","","","","","","","","","","",""
"way/559136735","","yes","","","","","","","","","","",""
"way/559136736","","yes","","","","","","","","","","",""
"way/559136737","","yes","","","","","","","","","","",""
"way/559136738","","yes","","","","","","","","","","",""
"way/559136739","","yes","","","","","","","","","","",""
"way/559136740","","yes","","","","","","","","","","",""
"way/559136741","","yes","","","","","","","","","","",""
"way/559136742","","yes","","","","","","","","","","",""
"way/559136743","","yes","","","","","","","","","","",""
"way/559136744","","yes","","","","","","","","","","",""
"way/559136745","","yes","","","","","","","","","","",""
"way/559136746","","yes","","","","","","","","","","",""
"way/559136747","","yes","","","","","","","","","","",""
"way/559136748","","yes","","","","","","","","","","",""
"way/559136749","","yes","","","","","","","","","","",""
"way/559136750","","yes","","","","","","","","","","",""
"way/559136751","","yes","","","","","","","","","","",""
"way/559136752","","yes","","","","","","","","","","",""
"way/559136753","","yes","","","","","","","","","","",""
"way/559136754","","yes","","","","","","","","","","",""
"way/559136755","","yes","","","","","","","","","","",""
"way/559136756","","yes","","","","","","","","","","",""
"way/559136757","","yes","","","","","","","","","","",""
"way/559136758","","yes","","","","","","","","","","",""
"way/559136759","","yes","","","","","","","","","","",""
"way/559136760","","yes","","","","","","","","","","",""
"way/559136761","","yes","","","","","","","","","","",""
"way/559136762","","yes","","","","","","","","","","",""
"way/559136763","","yes","","","","","","","","","","",""
"way/559136764","","yes","","","","","","","","","","",""
"way/559136765","","yes","","","","","","","","","","",""
"way/559136766","","yes","","","","","","","","","","",""
"way/559136768","","yes","","","","","","","","","","",""
"way/559136769","","yes","","","","","","","","","","",""
"way/559136770","","yes","","","","","","","","","","",""
"way/559136771","","yes","","","","","","","","","","",""
"way/559136772","","yes","","","","","","","","","","",""
"way/559136773","","yes","","","","","","","","","","",""
"way/559136774","","yes","","","","","","","","","","",""
"way/559136775","","yes","","","","","","","","","","",""
"way/559136776","","yes","","","","","","","","","","",""
"way/559136777","","yes","","","","","","","","","","",""
"way/559136778","","yes","","","","","","","","","","",""
"way/559136779","","yes","","","","","","","","","","",""
"way/559136780","","yes","","","","","","","","","","",""
"way/559136781","","yes","","","","","","","","","","",""
"way/559153544","","yes","","","","","","","","","","",""
"way/559153545","","yes","","","","","","","","","","",""
"way/559153546","","yes","","","","","","","","","","",""
"way/559153547","","yes","","","","","","","","","","",""
"way/559153548","","yes","","","","","","","","","","",""
"way/559153549","","yes","","","","","","","","","","",""
"way/559153550","","yes","","","","","","","","","","",""
"way/559153551","","yes","","","","","","","","","","",""
"way/559153552","","yes","","","","","","","","","","",""
"way/559153553","","yes","","","","","","","","","","",""
"way/559153554","","yes","","","","","","","","","","",""
"way/559153555","","yes","","","","","","","","","","",""
"way/559153556","","yes","","","","","","","","","","",""
"way/559153557","","yes","","","","","","","","","","",""
"way/559153558","","yes","","","","","","","","","","",""
"way/559153559","","yes","","","","","","","","","","",""
"way/559153560","","yes","","","","","","","","","","",""
"way/559153561","","yes","","","","","","","","","","",""
"way/559153562","","yes","","","","","","","","","","",""
"way/559153563","","yes","","","","","","","","","","",""
"way/559153564","","yes","","","","","","","","","","",""
"way/559153565","","yes","","","","","","","","","","",""
"way/559153566","","yes","","","","","","","","","","",""
"way/559153567","","yes","","","","","","","","","","",""
"way/559153568","","yes","","","","","","","","","","",""
"way/559153569","","yes","","","","","","","","","","",""
"way/559153570","","yes","","","","","","","","","","",""
"way/559153571","","yes","","","","","","","","","","",""
"way/559153572","","yes","","","","","","","","","","",""
"way/559153573","","yes","","","","","","","","","","",""
"way/559153574","","yes","","","","","","","","","","",""
"way/559153575","","yes","","","","","","","","","","",""
"way/559153576","","yes","","","","","","","","","","",""
"way/559153577","","yes","","","","","","","","","","",""
"way/559153578","","yes","","","","","","","","","","",""
"way/559153579","","yes","","","","","","","","","","",""
"way/559153580","","yes","","","","","","","","","","",""
"way/559153581","","yes","","","","","","","","","","",""
"way/559153582","","yes","","","","","","","","","","",""
"way/559153583","","yes","","","","","","","","","","",""
"way/559153584","","yes","","","","","","","","","","",""
"way/559153585","","yes","","","","","","","","","","",""
"way/559153586","","yes","","","","","","","","","","",""
"way/559153587","","yes","","","","","","","","","","",""
"way/559153588","","yes","","","","","","","","","","",""
"way/559153589","","yes","","","","","","","","","","",""
"way/559153591","","yes","","","","","","","","","","",""
"way/559153592","","yes","","","","","","","","","","",""
"way/559153593","","yes","","","","","","","","","","",""
"way/559153594","","yes","","","","","","","","","","",""
"way/559153595","","yes","","","","","","","","","","",""
"way/559153596","","yes","","","","","","","","","","",""
"way/559153597","","yes","","","","","","","","","","",""
"way/559153598","","yes","","","","","","","","","","",""
"way/559153599","","yes","","","","","","","","","","",""
"way/559153600","","yes","","","","","","","","","","",""
"way/559153601","","yes","","","","","","","","","","",""
"way/559153602","","yes","","","","","","","","","","",""
"way/559153603","","yes","","","","","","","","","","",""
"way/559153604","","yes","","","","","","","","","","",""
"way/559153605","","yes","","","","","","","","","","",""
"way/559153606","","yes","","","","","","","","","","",""
"way/559153607","","yes","","","","","","","","","","",""
"way/559153608","","yes","","","","","","","","","","",""
"way/559153609","","yes","","","","","","","","","","",""
"way/559153610","","yes","","","","","","","","","","",""
"way/559153611","","yes","","","","","","","","","","",""
"way/559153612","","yes","","","","","","","","","","",""
"way/559153613","","yes","","","","","","","","","","",""
"way/559153614","","yes","","","","","","","","","","",""
"way/559153615","","yes","","","","","","","","","","",""
"way/559153616","","yes","","","","","","","","","","",""
"way/559153617","","yes","","","","","","","","","","",""
"way/559153618","","yes","","","","","","","","","","",""
"way/559153619","","yes","","","","","","","","","","",""
"way/559153620","","yes","","","","","","","","","","",""
"way/559153621","","yes","","","","","","","","","","",""
"way/559153622","","yes","","","","","","","","","","",""
"way/559153623","","yes","","","","","","","","","","",""
"way/559153624","","yes","","","","","","","","","","",""
"way/559153625","","yes","","","","","","","","","","",""
"way/559153626","","yes","","","","","","","","","","",""
"way/559153627","","yes","","","","","","","","","","",""
"way/559153628","","yes","","","","","","","","","","",""
"way/559153629","","yes","","","","","","","","","","",""
"way/559153630","","yes","","","","","","","","","","",""
"way/559153631","","yes","","","","","","","","","","",""
"way/559153632","","yes","","","","","","","","","","",""
"way/559153633","","yes","","","","","","","","","","",""
"way/559153634","","yes","","","","","","","","","","",""
"way/559153635","","yes","","","","","","","","","","",""
"way/559153636","","yes","","","","","","","","","","",""
"way/559153637","","yes","","","","","","","","","","",""
"way/559153638","","yes","","","","","","","","","","",""
"way/559153639","","yes","","","","","","","","","","",""
"way/559153640","","yes","","","","","","","","","","",""
"way/559153641","","yes","","","","","","","","","","",""
"way/559153642","","yes","","","","","","","","","","",""
"way/559153643","","yes","","","","","","","","","","",""
"way/559153644","","yes","","","","","","","","","","",""
"way/559153646","","yes","","","","","","","","","","",""
"way/559153647","","yes","","","","","","","","","","",""
"way/559153648","","yes","","","","","","","","","","",""
"way/559153650","","yes","","","","","","","","","","",""
"way/559153652","","yes","","","","","","","","","","",""
"way/559153653","","yes","","","","","","","","","","",""
"way/559153654","","yes","","","","","","","","","","",""
"way/559153655","","yes","","","","","","","","","","",""
"way/559153656","","yes","","","","","","","","","","",""
"way/559153657","","yes","","","","","","","","","","",""
"way/559153658","","yes","","","","","","","","","","",""
"way/559153659","","yes","","","","","","","","","","",""
"way/559153660","","yes","","","","","","","","","","",""
"way/559153661","","yes","","","","","","","","","","",""
"way/559153662","","yes","","","","","","","","","","",""
"way/559153663","","yes","","","","","","","","","","",""
"way/559153664","","yes","","","","","","","","","","",""
"way/559153665","","yes","","","","","","","","","","",""
"way/559153666","","yes","","","","","","","","","","",""
"way/559153667","","yes","","","","","","","","","","",""
"way/559153668","","yes","","","","","","","","","","",""
"way/559153669","","yes","","","","","","","","","","",""
"way/559153670","","yes","","","","","","","","","","",""
"way/559153671","","yes","","","","","","","","","","",""
"way/559153672","","yes","","","","","","","","","","",""
"way/559153673","","yes","","","","","","","","","","",""
"way/559153674","","yes","","","","","","","","","","",""
"way/559153675","","yes","","","","","","","","","","",""
"way/559153676","","yes","","","","","","","","","","",""
"way/559153677","","yes","","","","","","","","","","",""
"way/559153678","","yes","","","","","","","","","","",""
"way/559153679","","yes","","","","","","","","","","",""
"way/559153680","","yes","","","","","","","","","","",""
"way/559153681","","yes","","","","","","","","","","",""
"way/559153682","","yes","","","","","","","","","","",""
"way/559153683","","yes","","","","","","","","","","",""
"way/559153684","","yes","","","","","","","","","","",""
"way/559153685","","yes","","","","","","","","","","",""
"way/559153686","","yes","","","","","","","","","","",""
"way/559153687","","yes","","","","","","","","","","",""
"way/559153688","","yes","","","","","","","","","","",""
"way/559153689","","yes","","","","","","","","","","",""
"way/559153690","","yes","","","","","","","","","","",""
"way/559153691","","yes","","","","","","","","","","",""
"way/559153692","","yes","","","","","","","","","","",""
"way/559153693","","yes","","","","","","","","","","",""
"way/559153694","","yes","","","","","","","","","","",""
"way/559153695","","yes","","","","","","","","","","",""
"way/559153696","","yes","","","","","","","","","","",""
"way/559153697","","yes","","","","","","","","","","",""
"way/559153699","","yes","","","","","","","","","","",""
"way/559153701","","yes","","","","","","","","","","",""
"way/559153702","","yes","","","","","","","","","","",""
"way/559153704","","yes","","","","","","","","","","",""
"way/559153705","","yes","","","","","","","","","","",""
"way/559153706","","yes","","","","","","","","","","",""
"way/559153707","","yes","","","","","","","","","","",""
"way/559153708","","yes","","","","","","","","","","",""
"way/559153709","","yes","","","","","","","","","","",""
"way/559153710","","yes","","","","","","","","","","",""
"way/559153711","","yes","","","","","","","","","","",""
"way/559153712","","yes","","","","","","","","","","",""
"way/559153713","","yes","","","","","","","","","","",""
"way/559153714","","yes","","","","","","","","","","",""
"way/596682722","","yes","","","413","West Buena Vista Street","87505","","","","","",""
"way/596682723","","yes","","","415","West Buena Vista Street","87505","","","","","",""
"way/596682724","Brake Masters","yes","","","634","Cerrillos Road","87505","","car_repair","","","",""
"way/596682725","","yes","","","","","","","","","","",""
"way/596682726","Railyard Community Room","yes","","","701","Callejon","87505","community_centre","","","","",""
"way/596684689","","yes","","","","","","","","","","",""
"way/596684690","","yes","","","","","","","","","","",""
"way/596684691","","yes","","","","","","","","","","",""
"way/596684692","","yes","","","","","","","","","","",""
"way/596684693","","yes","","","","","","","","","","",""
"way/596684694","","yes","","","","","","","","","","",""
"way/596684695","","yes","","","","","","","","","","",""
"way/596684696","","yes","","","","","","","","","","",""
"way/596684697","","yes","","","","","","","","","","",""
"way/596684698","","yes","","","","","","","","","","",""
"way/596684699","","yes","","","","","","","","","","",""
"way/596684700","","yes","","","","","","","","","","",""
"way/596684701","","yes","","","","","","","","","","",""
"way/596684702","","yes","","","","","","","","","","",""
"way/596684703","","yes","","","","","","","","","","",""
"way/596684705","","yes","","","","","","","","","","",""
"way/596684708","","yes","","","","","","","","","","",""
"way/596684710","","yes","","","","","","","","","","",""
"way/596684715","","yes","","","","","","","","","","",""
"way/598535236","","roof","","","","","","","","","","",""
"way/598535241","Railyard Performance Center","yes","","","1611","Paseo de Peralta","87505","events_venue","","","","",""
"way/615472711","","yes","","","","","","shelter","","","","",""
"way/615472723","","yes","","","","","","shelter","","","","",""
"way/615472724","","yes","","","","","","shelter","","","","",""
"way/617026219","","roof","","","","","","","","","","",""
"way/617837230","","detached","","","","","","","","","","",""
"way/617837231","","yes","","","","","","","","","","",""
"way/617837232","","yes","","","","","","","","","","",""
"way/617837233","","yes","","","","","","","","","","",""
"way/617837234","","yes","","","","","","","","","","",""
"way/617837235","","yes","","","","","","","","","","",""
"way/617837236","","yes","","","","","","","","","","",""
"way/617837237","","yes","","","","","","","","","","",""
"way/617837238","","yes","","","","","","","","","","",""
"way/617837239","","yes","","","","","","","","","","",""
"way/617837240","","yes","","","","","","","","","","",""
"way/617837241","","yes","","","","","","","","","","",""
"way/617837242","","yes","","","","","","","","","","",""
"way/617837243","","yes","","","","","","","","","","",""
"way/617837244","","yes","","","","","","","","","","",""
"way/617837245","","yes","","","","","","","","","","",""
"way/617837246","","yes","","","","","","","","","","",""
"way/617837247","","yes","","","","","","","","","","",""
"way/617837248","","yes","","","","","","","","","","",""
"way/617837249","","yes","","","","","","","","","","",""
"way/617837250","","yes","","","","","","","","","","",""
"way/617837251","","yes","","","","","","","","","","",""
"way/617837253","","yes","","","","","","","","","","",""
"way/617837254","","yes","","","","","","","","","","",""
"way/617837256","","yes","","","","","","","","","","",""
"way/617837258","","yes","","","","","","","","","","",""
"way/617837259","","yes","","","","","","","","","","",""
"way/617837261","","yes","","","","","","","","","","",""
"way/617837262","","yes","","","","","","","","","","",""
"way/617837263","","yes","","","","","","","","","","",""
"way/617837266","","yes","","","","","","","","","","",""
"way/617837267","","yes","","","","","","","","","","",""
"way/617837268","","yes","","","","","","","","","","",""
"way/617837269","","yes","","","","","","","","","","",""
"way/617837270","","yes","","","","","","","","","","",""
"way/617837271","","yes","","","","","","","","","","",""
"way/617837272","","yes","","","","","","","","","","",""
"way/617837273","","yes","","","","","","","","","","",""
"way/618015960","","yes","","","","","","","","","","",""
"way/618015963","","yes","","","","","","","","","","",""
"way/618015964","","yes","","","","","","","","","","",""
"way/618015965","","yes","","","","","","","","","","",""
"way/618015966","","yes","","","","","","","","","","",""
"way/618015967","","yes","","","","","","","","","","",""
"way/618015968","","yes","","","","","","","","","","",""
"way/618015969","","yes","","","","","","","","","","",""
"way/618015970","","yes","","","","","","","","","","",""
"way/618015971","","yes","","","","","","","","","","",""
"way/618015972","","yes","","","","","","","","","","",""
"way/618015973","","yes","","","","","","","","","","",""
"way/618015974","","yes","","","","","","","","","","",""
"way/618015975","","yes","","","","","","","","","","",""
"way/618015976","","yes","","","","","","","","","","",""
"way/618015977","","yes","","","","","","","","","","",""
"way/618015978","","yes","","","","","","","","","","",""
"way/618015979","","yes","","","","","","","","","","",""
"way/618015980","","yes","","","","","","","","","","",""
"way/618015981","","yes","","","","","","","","","","",""
"way/618015982","","yes","","","","","","","","","","",""
"way/618015983","","yes","","","","","","","","","","",""
"way/618015984","","yes","","","","","","","","","","",""
"way/618015985","","yes","","","","","","","","","","",""
"way/618015986","","detached","","","739","West Manhattan Avenue","","","","","","",""
"way/618015987","","yes","","","","","","","","","","",""
"way/618015988","","yes","","","","","","","","","","",""
"way/618015990","","yes","","","","","","","","","","",""
"way/618015992","","yes","","","","","","","","","","",""
"way/618015995","","yes","","","","","","","","","","",""
"way/618015996","","yes","","","","","","","","","","",""
"way/618015998","","yes","","","","","","","","","","",""
"way/618016000","","yes","","","","","","","","","","",""
"way/618016001","","yes","","","","","","","","","","",""
"way/618016002","","yes","","","","","","","","","","",""
"way/618016003","","yes","","","","","","","","","","",""
"way/618016007","","yes","","","","","","","","","","",""
"way/618016008","","yes","","","","","","","","","","",""
"way/618016009","","yes","","","","","","","","","","",""
"way/618016010","","yes","","","","","","","","","","",""
"way/618016011","","yes","","","","","","","","","","",""
"way/618016012","","yes","","","","","","","","","","",""
"way/618016013","","yes","","","","","","","","","","",""
"way/618016014","","yes","","","","","","","","","","",""
"way/618016015","","yes","","","","","","","","","","",""
"way/618016016","","yes","","","","","","","","","","",""
"way/618016017","","yes","","","","","","","","","","",""
"way/618016018","","yes","","","","","","","","","","",""
"way/618016019","","yes","","","","","","","","","","",""
"way/618016020","","yes","","","","","","","","","","",""
"way/618016021","","yes","","","","","","","","","","",""
"way/618016022","","yes","","","","","","","","","","",""
"way/618016023","","yes","","","","","","","","","","",""
"way/618016024","","yes","","","","","","","","","","",""
"way/618016025","","yes","","","","","","","","","","",""
"way/618016026","","yes","","","","","","","","","","",""
"way/618016027","","yes","","","","","","","","","","",""
"way/618016028","","yes","","","","","","","","","","",""
"way/618016029","","yes","","","","","","","","","","",""
"way/618016030","","yes","","","","","","","","","","",""
"way/618016031","","yes","","","","","","","","","","",""
"way/618016032","","yes","","","","","","","","","","",""
"way/618016033","","yes","","","","","","","","","","",""
"way/618016034","","yes","","","","","","","","","","",""
"way/618016035","","yes","","","","","","","","","","",""
"way/618016036","","yes","","","","","","","","","","",""
"way/618016037","","yes","","","","","","","","","","",""
"way/618016038","","yes","","","","","","","","","","",""
"way/618016039","","yes","","","","","","","","","","",""
"way/618016040","","yes","","","","","","","","","","",""
"way/618016041","","yes","","","","","","","","","","",""
"way/618016042","","yes","","","","","","","","","","",""
"way/618016043","","yes","","","","","","","","","","",""
"way/618016044","","yes","","","","","","","","","","",""
"way/618016045","","yes","","","","","","","","","","",""
"way/618016046","","yes","","","","","","","","","","",""
"way/618016047","","yes","","","","","","","","","","",""
"way/618016048","","yes","","","","","","","","","","",""
"way/618016049","","yes","","","","","","","","","","",""
"way/618016050","","yes","","","","","","","","","","",""
"way/618016051","","yes","","","","","","","","","","",""
"way/618016052","","yes","","","","","","","","","","",""
"way/618016053","","yes","","","","","","","","","","",""
"way/618016054","","yes","","","","","","","","","","",""
"way/618016055","","yes","","","","","","","","","","",""
"way/618016056","","yes","","","","","","","","","","",""
"way/618016057","","yes","","","","","","","","","","",""
"way/618016058","","yes","","","","","","","","","","",""
"way/618016059","","yes","","","","","","","","","","",""
"way/618016060","","yes","","","","","","","","","","",""
"way/618016061","","yes","","","","","","","","","","",""
"way/618016062","","yes","","","","","","","","","","",""
"way/618016063","","yes","","","","","","","","","","",""
"way/618016064","","yes","","","","","","","","","","",""
"way/618016065","","yes","","","","","","","","","","",""
"way/618016066","","yes","","","","","","","","","","",""
"way/618016067","","yes","","","","","","","","","","",""
"way/618016068","","yes","","","632","Agua Fria Street","","","","","","",""
"way/618016069","","yes","","","","","","","","","","",""
"way/618016070","","yes","","","","","","","","","","",""
"way/618016071","","yes","","","","","","","","","","",""
"way/618016072","","yes","","","","","","","","","","",""
"way/618023168","","yes","","","","","","","","","","",""
"way/618023169","","yes","","","","","","","","","","",""
"way/618023170","","yes","","","","","","","","","","",""
"way/618023171","","yes","","","","","","","","","","",""
"way/618023172","","yes","","","","","","","","","","",""
"way/618023173","","yes","","","","","","","","","","",""
"way/618023174","","yes","","","","","","","","","","",""
"way/618023175","","yes","","","","","","","","","","",""
"way/618023176","","yes","","","","","","","","","","",""
"way/618023177","","yes","","","","","","","","","","",""
"way/618023178","","yes","","","","","","","","","","",""
"way/618023179","","yes","","","","","","","","","","",""
"way/618023180","","yes","","","","","","","","","","",""
"way/618023181","","yes","","","","","","","","","","",""
"way/618023182","","yes","","","","","","","","","","",""
"way/618023183","","yes","","","","","","","","","","",""
"way/618023184","","yes","","","","","","","","","","",""
"way/618023185","","yes","","","","","","","","","","",""
"way/618023186","","yes","","","","","","","","","","",""
"way/618023187","","yes","","","","","","","","","","",""
"way/618023188","","yes","","","","","","","","","","",""
"way/618047175","","yes","","","","","","","","","","",""
"way/618047176","","yes","","","","","","","","","","",""
"way/618047177","","yes","","","","","","","","","","",""
"way/618047178","","yes","","","","","","","","","","",""
"way/618047179","","yes","","","","","","","","","","",""
"way/618047180","","yes","","","","","","","","","","",""
"way/618054711","","detached","","","741","West Manhattan Avenue","","","","","","",""
"way/618054712","","yes","","","","","","","","","","",""
"way/618054713","","yes","","","","","","","","","","",""
"way/618054714","","yes","","","","","","","","","","",""
"way/618054715","","yes","","","","","","","","","","",""
"way/618054716","","yes","","","","","","","","","","",""
"way/618054717","","yes","","","","","","","","","","",""
"way/618054718","","yes","","","","","","","","","","",""
"way/618054719","","yes","","","","","","","","","","",""
"way/618054720","","yes","","","","","","","","","","",""
"way/618054721","","yes","","","","","","","","","","",""
"way/618054722","","yes","","","","","","","","","","",""
"way/618054723","","yes","","","","","","","","","","",""
"way/618054724","","yes","","","","","","","","","","",""
"way/618054725","","yes","","","","","","","","","","",""
"way/618054726","","yes","","","","","","","","","","",""
"way/618054727","","yes","","","","","","","","","","",""
"way/618054728","","yes","","","","","","","","","","",""
"way/618054729","","yes","","","","","","","","","","",""
"way/618054730","","yes","","","","","","","","","","",""
"way/618121919","","yes","","","","","","","","","","",""
"way/618121922","","yes","","","","","","","","","","",""
"way/618121923","","yes","","","","","","","","","","",""
"way/618121924","","yes","","","","","","","","","","",""
"way/618121931","","residential","","","","","","","","","","",""
"way/618121932","","yes","","","","","","","","","","",""
"way/618121933","","yes","","","","","","","","","","",""
"way/618121937","","yes","","","","","","","","","","",""
"way/618121938","","yes","","","","","","","","","","",""
"way/618121939","","yes","","","","","","","","","","",""
"way/618121940","","yes","","","","","","","","","","",""
"way/618121941","","yes","","","","","","","","","","",""
"way/618121942","","yes","","","","","","","","","","",""
"way/618121943","","yes","","","","","","","","","","",""
"way/618121944","","yes","","","","","","","","","","",""
"way/618121945","","yes","","","","","","","","","","",""
"way/618121946","","yes","","","","","","","","","","",""
"way/618121947","","yes","","","","","","","","","","",""
"way/618121948","","yes","","","","","","","","","","",""
"way/618121949","","yes","","","","","","","","","","",""
"way/618121950","","yes","","","","","","","","","","",""
"way/618121951","","yes","","","","","","","","","","",""
"way/618121952","","yes","","","","","","","","","","",""
"way/618121953","","yes","","","","","","","","","","",""
"way/618121954","","yes","","","","","","","","","","",""
"way/618121955","","yes","","","","","","","","","","",""
"way/618121956","","yes","","","","","","","","","","",""
"way/618121957","","yes","","","","","","","","","","",""
"way/618121958","","yes","","","","","","","","","","",""
"way/618121959","","yes","","","","","","","","","","",""
"way/618121981","","yes","","","","","","","","","","",""
"way/618121982","","yes","","","","","","","","","","",""
"way/618121983","","yes","","","","","","","","","","",""
"way/618121984","","yes","","","","","","","","","","",""
"way/618121985","","yes","","","","","","","","","","",""
"way/618121986","","yes","","","","","","","","","","",""
"way/618121987","","yes","","","","","","","","","","",""
"way/618121988","","yes","","","","","","","","","","",""
"way/618121989","","yes","","","","","","","","","","",""
"way/618121990","","yes","","","","","","","","","","",""
"way/618121991","","yes","","","","","","","","","","",""
"way/618121992","","yes","","","","","","","","","","",""
"way/618121993","","yes","","","","","","","","","","",""
"way/618121994","","yes","","","","","","","","","","",""
"way/618121995","","yes","","","","","","","","","","",""
"way/618121996","","yes","","","","","","","","","","",""
"way/618121997","","yes","","","","","","","","","","",""
"way/618121998","","yes","","","","","","","","","","",""
"way/618121999","","yes","","","","","","","","","","",""
"way/618122000","","yes","","","","","","","","","","",""
"way/618122001","","yes","","","","","","","","","","",""
"way/618122002","","yes","","","","","","","","","","",""
"way/618122003","","yes","","","","","","","","","","",""
"way/618122004","","yes","","","","","","","","","","",""
"way/618122005","","yes","","","","","","","","","","",""
"way/618122006","","yes","","","","","","","","","","",""
"way/618122007","","yes","","","","","","","","","","",""
"way/618122008","","yes","","","","","","","","","","",""
"way/618680331","","yes","","","","","","","","","","",""
"way/618680332","","yes","","","","","","","","","","",""
"way/618680333","","yes","","","","","","","","","","",""
"way/618680334","","yes","","","","","","","","","","",""
"way/618680335","","yes","","","","","","","","","","",""
"way/618680336","","yes","","","","","","","","","","",""
"way/618680337","","yes","","","","","","","","","","",""
"way/618680338","","yes","","","","","","","","","","",""
"way/618680339","","yes","","","","","","","","","","",""
"way/618680340","","yes","","","","","","","","","","",""
"way/618680341","","yes","","","","","","","","","","",""
"way/618680342","","yes","","","","","","","","","","",""
"way/618680343","","yes","","","","","","","","","","",""
"way/618680344","","yes","","","","","","","","","","",""
"way/618680345","","yes","","","","","","","","","","",""
"way/618680346","","yes","","","","","","","","","","",""
"way/618680347","","yes","","","","","","","","","","",""
"way/618680348","","yes","","","","","","","","","","",""
"way/618680349","","yes","","","","","","","","","","",""
"way/618680350","","yes","","","","","","","","","","",""
"way/618680351","","yes","","","","","","","","","","",""
"way/618680352","","yes","","","","","","","","","","",""
"way/618680353","","yes","","","","","","","","","","",""
"way/618680354","","yes","","","","","","","","","","",""
"way/618680355","","yes","","","","","","","","","","",""
"way/618680356","","yes","","","","","","","","","","",""
"way/618680357","","yes","","","","","","","","","","",""
"way/618680358","","yes","","","","","","","","","","",""
"way/618680359","","yes","","","","","","","","","","",""
"way/618680360","","yes","","","","","","","","","","",""
"way/618680361","","yes","","","","","","","","","","",""
"way/618680362","","yes","","","","","","","","","","",""
"way/618680363","","yes","","","","","","","","","","",""
"way/618680364","","yes","","","","","","","","","","",""
"way/618680365","","yes","","","","","","","","","","",""
"way/618680366","","yes","","","","","","","","","","",""
"way/618680367","","yes","","","","","","","","","","",""
"way/618680368","","yes","","","","","","","","","","",""
"way/618680369","","yes","","","","","","","","","","",""
"way/618680370","","yes","","","","","","","","","","",""
"way/618680371","","yes","","","","","","","","","","",""
"way/618680372","","yes","","","","","","","","","","",""
"way/618680373","","yes","","","","","","","","","","",""
"way/618680374","","yes","","","","","","","","","","",""
"way/618680375","","yes","","","","","","","","","","",""
"way/618680376","","yes","","","","","","","","","","",""
"way/618680377","","yes","","","","","","","","","","",""
"way/618680378","","yes","","","","","","","","","","",""
"way/618680379","","yes","","","","","","","","","","",""
"way/618680380","","yes","","","","","","","","","","",""
"way/618680381","","yes","","","","","","","","","","",""
"way/618680382","","yes","","","","","","","","","","",""
"way/618680383","","yes","","","","","","","","","","",""
"way/618680384","","yes","","","","","","","","","","",""
"way/618680385","","yes","","","","","","","","","","",""
"way/618680386","","yes","","","","","","","","","","",""
"way/618680387","","yes","","","","","","","","","","",""
"way/618680388","","yes","","","","","","","","","","",""
"way/618680389","","yes","","","","","","","","","","",""
"way/618680390","","yes","","","","","","","","","","",""
"way/618680391","","yes","","","","","","","","","","",""
"way/618680392","","yes","","","","","","","","","","",""
"way/618680393","","yes","","","","","","","","","","",""
"way/618680394","","yes","","","","","","","","","","",""
"way/618680395","","yes","","","","","","","","","","",""
"way/618680396","","yes","","","","","","","","","","",""
"way/618680397","","yes","","","","","","","","","","",""
"way/618680398","","yes","","","","","","","","","","",""
"way/618680399","","yes","","","","","","","","","","",""
"way/618680400","","yes","","","","","","","","","","",""
"way/618690187","","yes","","","","","","","","","","",""
"way/618690188","","yes","","","","","","","","","","",""
"way/618690189","","yes","","","","","","","","","","",""
"way/618690190","","yes","","","","","","","","","","",""
"way/618690191","","yes","","","","","","","","","","",""
"way/618690192","","yes","","","","","","","","","","",""
"way/618690193","","yes","","","","","","","","","","",""
"way/618690194","","yes","","","","","","","","","","",""
"way/618690195","","yes","","","","","","","","","","",""
"way/618690196","","yes","","","","","","","","","","",""
"way/618690197","","yes","","","","","","","","","","",""
"way/618690198","","yes","","","","","","","","","","",""
"way/618690199","","yes","","","","","","","","","","",""
"way/618690200","","yes","","","","","","","","","","",""
"way/618690201","","yes","","","","","","","","","","",""
"way/618690202","","yes","","","","","","","","","","",""
"way/618690203","","yes","","","","","","","","","","",""
"way/618690204","","yes","","","","","","","","","","",""
"way/618690205","","yes","","","","","","","","","","",""
"way/618690206","","yes","","","","","","","","","","",""
"way/618690207","","yes","","","","","","","","","","",""
"way/618690208","","yes","","","","","","","","","","",""
"way/618690209","","yes","","","","","","","","","","",""
"way/618690210","","yes","","","","","","","","","","",""
"way/618690211","","yes","","","","","","","","","","",""
"way/618690212","","yes","","","","","","","","","","",""
"way/618690213","","yes","","","","","","","","","","",""
"way/618690214","","yes","","","","","","","","","","",""
"way/618690215","","yes","","","","","","","","","","",""
"way/618690216","","yes","","","","","","","","","","",""
"way/618690217","","yes","","","","","","","","","","",""
"way/618690218","","yes","","","","","","","","","","",""
"way/618690219","","yes","","","","","","","","","","",""
"way/618690220","","yes","","","","","","","","","","",""
"way/618690221","","yes","","","","","","","","","","",""
"way/618690222","","yes","","","","","","","","","","",""
"way/618690223","","yes","","","","","","","","","","",""
"way/618690224","","yes","","","","","","","","","","",""
"way/618690225","","yes","","","","","","","","","","",""
"way/618690226","","yes","","","","","","","","","","",""
"way/618690227","","yes","","","","","","","","","","",""
"way/618690228","","yes","","","","","","","","","","",""
"way/618690229","","yes","","","","","","","","","","",""
"way/618690230","","yes","","","","","","","","","","",""
"way/618690231","","yes","","","","","","","","","","",""
"way/618690232","","yes","","","","","","","","","","",""
"way/618690233","","yes","","","","","","","","","","",""
"way/618690234","","yes","","","","","","","","","","",""
"way/618690235","","yes","","","","","","","","","","",""
"way/618690236","","yes","","","","","","","","","","",""
"way/618690237","","yes","","","","","","","","","","",""
"way/618690238","","yes","","","","","","","","","","",""
"way/618690239","","yes","","","","","","","","","","",""
"way/618690240","","yes","","","","","","","","","","",""
"way/618690241","","yes","","","","","","","","","","",""
"way/618690242","","yes","","","","","","","","","","",""
"way/618690243","","yes","","","","","","","","","","",""
"way/618690244","","yes","","","","","","","","","","",""
"way/618690245","","yes","","","","","","","","","","",""
"way/618690246","","yes","","","","","","","","","","",""
"way/618690247","","yes","","","","","","","","","","",""
"way/618690248","","yes","","","","","","","","","","",""
"way/618690249","","yes","","","","","","","","","","",""
"way/618690250","","yes","","","","","","","","","","",""
"way/618690251","","yes","","","","","","","","","","",""
"way/618690252","","yes","","","","","","","","","","",""
"way/618690253","","yes","","","","","","","","","","",""
"way/618690254","","yes","","","","","","","","","","",""
"way/618690255","","yes","","","","","","","","","","",""
"way/618690256","","yes","","","","","","","","","","",""
"way/618690257","","yes","","","","","","","","","","",""
"way/618690258","","yes","","","","","","","","","","",""
"way/618690259","","yes","","","","","","","","","","",""
"way/618695222","","yes","2","","","","","","","","","",""
"way/618695223","","yes","2","","","","","","","","","",""
"way/633585398","","roof","","","","","","","","","","",""
"way/633585400","","roof","","","","","","","","","","",""
"way/646758473","REI","yes","2","","500","Market Street","87501","","outdoor","","","",""
"way/646758477","","shed","","","","","","","","","","",""
"way/646758505","","yes","","","","","","","mall","","","",""
"way/646758510","","roof","","","","","","","","","","",""
"way/646758512","Santa Fe Farmers Market","civic","2","","1607","Paseo de Peralta","87501","marketplace","","","","",""
"way/646758517","","roof","","","","","","","","","","",""
"way/646758518","Second Street Brewery at The Railyard","no","2","","1607","Paseo de Peralta","87501","restaurant","","","","",""
"way/646758532","","shed","","","","","","","","","","",""
"way/646758533","Santa Fe Artists Market","no","","","1607","Paseo de Peralta","87501","marketplace","","","","",""
"way/648326684","","yes","","","","","","","","","","",""
"way/661060415","","roof","","","","","","","","","","",""
"way/670055383","","roof","","","","","","","","","","",""
"way/670055384","","yes","","","","","","shelter","","","","",""
"way/675724921","","roof","","","","","","","","","","",""
"way/678069168","","roof","","","","","","","","","","",""
"way/679165314","","no","2","","","","","","","","","",""
"way/679165315","","no","3","","","","","","","","","",""
"way/679165321","","roof","","","","","","","","","","",""
"way/679172768","","roof","","","","","","","","","","",""
"way/682544376","","no","","","","","","","","information","","",""
"way/682544377","","no","","","","","","","","information","","",""
"way/682544378","","no","","","","","","","","information","","",""
"way/682544379","","no","","","","","","","","information","","",""
"way/682544399","Fort Marcy (ruins)","no","","","","","","","","","ruins","","Q5471587"
"way/688078797","","yes","","","","","","","","","","",""
"way/689043005","","roof","","","","","","","","","","",""
"way/691164189","Santa Fe County Administration Complex","yes","2","","240","Grant Avenue","87501","","","","","2019","Q135726132"
"way/691516277","","roof","","","","","","","","","","",""
"way/691516296","","roof","","","","","","","","","","",""
"way/695867834","","parking","2","","","","","parking","","","","",""
"way/696786026","","yes","","","","","","","","","","",""
"way/696786288","","yes","","","","","","shelter","","","","",""
"way/696788053","","yes","","","","","","shelter","","","","",""
"way/697648979","Railyard Flats","apartments","3","10","701","Camino de la Familia","87501","","","","","",""
"way/698441456","","roof","","","","","","","","","","",""
"way/698441459","","yes","4","","","","","","","","","",""
"way/700445585","","yes","","","","","","","","","","",""
"way/702153917","","yes","","","","","","","","","","",""
"way/702191467","","yes","3","25","","","","","","","","",""
"way/703276191","","yes","5","15","","","","","","","","",""
"way/703795455","","yes","","","","","","","","","","",""
"way/703795456","","yes","","","","","","","","","","",""
"way/704242345","","yes","","","","","","","","","","",""
"way/704242348","","hotel","","","","","","","","","","",""
"way/704246650","","yes","","","","","","","","","","",""
"way/704246651","","yes","","","","","","","","","","",""
"way/704246653","","yes","","","","","","","","","","",""
"way/704246654","","yes","","","","","","","","","","",""
"way/704246655","","residential","2","","520","Don Gaspar Avenue","87505","","","","","",""
"way/704248123","","yes","","","","","","","","","","",""
"way/704433254","","yes","","","","","","","","","","",""
"way/704433255","","yes","","","","","","","","","","",""
"way/704433256","","yes","","","","","","","","","","",""
"way/704433268","","yes","2","","","","","","","","","",""
"way/705647479","","retail","2","","","","","","","","","",""
"way/706093284","","yes","","","","","","","","","","",""
"way/708348593","","greenhouse","","","","","","","","","","",""
"way/708348595","","yes","","","","","","","","","","",""
"way/708348596","","yes","","","","","","","","","","",""
"way/709087548","","yes","","","","","","","","","","",""
"way/710575593","","yes","","","","","","","","","","",""
"way/712398624","","yes","","","","","","","","","","",""
"way/713885389","","yes","","","","","","shelter","","","","",""
"way/713885391","","yes","","","","","","","","","","",""
"way/713885392","","yes","","","","","","","","","","",""
"way/714118681","","yes","","","","","","","","","","",""
"way/717480205","","yes","","","","","","","","","","",""
"way/717480206","","yes","","","","","","","","","","",""
"way/717480213","","yes","","","","","","","","","","",""
"way/717480214","","yes","","","","","","","","","","",""
"way/717816419","","yes","","","","","","","","","","",""
"way/729362234","Girls Club","no","","","301","Hillside Avenue","","community_centre","","","","",""
"way/741335520","","yes","","","","","","shelter","","","","",""
"way/741335602","","yes","","","","","","shelter","","","","",""
"way/741335617","","roof","","","","","","","","","","",""
"way/742718086","Delgado B1,B2, B3","house","","","110","Delgado Street","87501","","","","","",""
"way/742718087","Delgado D","house","","","120","Delgado Street","87501","","","","","",""
"way/746588445","","yes","","","","","","shelter","","","","",""
"way/746588461","Piñon Court","yes","2","","320","Galisteo Street","","","","motel","","",""
"way/757103455","","yes","","","","","","shelter","","","","",""
"way/757103456","","yes","","","","","","shelter","","","","",""
"way/766367878","","roof","","","","","","","","","","",""
"way/766367884","","roof","","","","","","","","","","",""
"way/773891583","","roof","","","","","","","","","","",""
"way/776692795","","yes","","","","","","","","","","",""
"way/778195327","","parking","2","","","","","parking","","","","",""
"way/807649096","","no","","","","","","shelter","newsagent","","","",""
"way/814012759","","shed","","","","","","","","","","",""
"way/814012766","","yes","","","","","","shelter","","","","",""
"way/814012773","","yes","","","","","","shelter","","","","",""
"way/825239876","","yes","","","","","","shelter","","","","",""
"way/828259241","","roof","","","","","","","","","","",""
"way/833186818","","roof","","","","","","","","","","",""
"way/833197794","","yes","","","","","","","","","","",""
"way/833197795","","yes","","","","","","","","","","",""
"way/833197799","","yes","","","","","","","","","","",""
"way/833197800","","yes","","","","","","","","","","",""
"way/833197802","","yes","","","","","","","","","","",""
"way/833197803","","yes","","","","","","","","","","",""
"way/833197806","","yes","","","","","","","","","","",""
"way/840621446","","residential","","","","","","","","","","",""
"way/841063748","","yes","","","","","","","","","","",""
"way/841063751","","roof","","","","","","","","","","",""
"way/843723910","","roof","","","","","","","","","","",""
"way/843723918","Hayt-Wientge Mansion","house","","","620","Paseo de la Cuma","87501","","","","","","Q98839129"
"way/844679346","","yes","","","","","","","","","","",""
"way/844679348","Elliot Barker House","house","2","","343","East Palace Avenue","87501","","","","house","1908",""
"way/844679349","","yes","","","","","","","","","","",""
"way/844679354","","yes","","","","","","","","","","",""
"way/844679355","","yes","","","","","","","","","","",""
"way/844679356","","yes","","","","","","","","","","",""
"way/844679357","","yes","","","","","","","","","","",""
"way/844679358","","carport","","","","","","","","","","",""
"way/844679362","","yes","","","","","","","","","","",""
"way/844679363","","yes","","","","","","","","","","",""
"way/844679364","","yes","","","","","","","","","","",""
"way/844679365","","yes","","","","","","","","","","",""
"way/844679366","","yes","","","","","","","","","","",""
"way/844679367","","yes","","","","","","","","","","",""
"way/844679368","","yes","","","","","","","","","","",""
"way/844679369","","yes","","","","","","","","","","",""
"way/844679370","","yes","","","","","","","","","","",""
"way/844679371","","carport","","","","","","","","","","",""
"way/844679372","","shed","","","","","","","","","","",""
"way/844679373","","yes","","","","","","","","","","",""
"way/844679374","","yes","","","","","","","","guest_house","","",""
"way/844679375","","yes","","","","","","","","","","",""
"way/844679376","","roof","","","","","","","","","","",""
"way/847819896","","yes","","","","","","","","","","",""
"way/847819897","","yes","","","","","","","","","","",""
"way/863653806","","roof","","","","","","","","","","",""
"way/863653807","","roof","","","","","","","","","","",""
"way/863670947","","yes","","","","","","","","","","",""
"way/863670948","","yes","","","","","","","","","","",""
"way/863670949","","yes","","","","","","","","","","",""
"way/863670950","","yes","","","","","","","","","","",""
"way/863670951","","yes","","","","","","","","","","",""
"way/863670958","","yes","","","","","","","","","","",""
"way/863676022","","roof","","","","","","","","","","",""
"way/864060751","","roof","","","","","","","","","","",""
"way/867922813","","yes","","","","","","","","","","",""
"way/867941734","","yes","","","","","","","","","","",""
"way/867941754","","yes","","","","","","","","","","",""
"way/867941762","","roof","","","","","","","","","","",""
"way/867941763","","roof","","","","","","","","","","",""
"way/867957961","","roof","","","","","","","","","","",""
"way/868484265","","roof","","","","","","","","","","",""
"way/870335308","","yes","","","","","","","","","","",""
"way/870335309","","yes","","","","","","","","","","",""
"way/870335310","","yes","","","","","","","","","","",""
"way/874977520","","yes","","","","","","","","","","",""
"way/874977521","","yes","","","","","","","","","","",""
"way/874977522","","yes","","","","","","","","","","",""
"way/874977523","","yes","","","","","","","","","","",""
"way/890883271","","residential","","","","","","","","","","",""
"way/890883272","","residential","","","","","","","","","","",""
"way/890883273","","residential","","","","","","","","","","",""
"way/890883274","","residential","","","","","","","","","","",""
"way/890883275","","residential","","","","","","","","","","",""
"way/890883276","","residential","","","","","","","","","","",""
"way/917674201","","yes","","","","","","","","","","",""
"way/917674204","","roof","","","","","","","","","","",""
"way/960904011","","church","","","","","","","","","","",""
"way/960904014","","church","","","","","","","","","","",""
"way/970597145","","yes","","","","","","","","","","",""
"way/970597146","","yes","","","","","","","","","","",""
"way/970597147","","yes","","","","","","","","","","",""
"way/970597148","","yes","","","","","","","","","","",""
"way/970597149","","yes","","","","","","","","","","",""
"way/970597150","","yes","","","","","","","","","","",""
"way/970597151","","yes","","","","","","","","","","",""
"way/970597152","","yes","","","","","","","","","","",""
"way/970597153","","yes","","","","","","","","","","",""
"way/970597632","","yes","","","","","","","","","","",""
"way/970597633","","yes","","","","","","","","","","",""
"way/970597634","","yes","","","","","","","","","","",""
"way/970597635","","yes","","","","","","","","","","",""
"way/970597636","","yes","","","","","","","","","","",""
"way/970597637","","yes","","","","","","","","","","",""
"way/970597638","","yes","","","","","","","","","","",""
"way/970597639","","yes","","","","","","","","","","",""
"way/970597640","","yes","","","","","","","","","","",""
"way/970597641","","yes","","","","","","","","","","",""
"way/970597642","","yes","","","","","","","","","","",""
"way/970597643","","yes","","","","","","","","","","",""
"way/970597644","","yes","","","","","","","","","","",""
"way/970597645","","yes","","","","","","","","","","",""
"way/970597647","","yes","","","","","","","","","","",""
"way/970597648","","yes","","","","","","","","","","",""
"way/970597649","","yes","","","","","","","","","","",""
"way/970597650","","yes","","","","","","","","","","",""
"way/970597653","","yes","","","","","","","","","","",""
"way/970597658","","yes","","","","","","","","","","",""
"way/970597659","","yes","","","","","","","","","","",""
"way/970597660","","yes","","","","","","","","","","",""
"way/970597661","","yes","","","","","","","","","","",""
"way/970597662","","yes","","","","","","","","","","",""
"way/970597663","","yes","","","","","","","","","","",""
"way/970597664","","yes","","","","","","","","","","",""
"way/970597665","","yes","","","","","","","","","","",""
"way/970597666","","yes","","","","","","","","","","",""
"way/970597667","","yes","","","","","","","","","","",""
"way/970597669","","yes","","","","","","","","","","",""
"way/970597671","","yes","","","","","","","","","","",""
"way/970597672","","yes","","","","","","","","","","",""
"way/970597673","","yes","","","","","","","","","","",""
"way/970597674","","yes","","","","","","","","","","",""
"way/970597675","","yes","","","","","","","","","","",""
"way/970597676","","yes","","","","","","","","","","",""
"way/970597677","","yes","","","","","","","","","","",""
"way/970597678","","yes","","","","","","","","","","",""
"way/970597679","","yes","","","","","","","","","","",""
"way/970597680","","garages","","","","","","","","","","",""
"way/970597681","","house","","","","","","","","","","",""
"way/970599394","","house","","","501","Rio Grande Avenue","","","","","","",""
"way/970599395","","yes","","","","","","","","","","",""
"way/970599396","","yes","","","","","","","","","","",""
"way/970599397","","yes","","","","","","","","","","",""
"way/970599398","","yes","","","","","","","","","","",""
"way/970599399","","yes","","","","","","","","","","",""
"way/970599401","","yes","","","","","","","","","","",""
"way/970599402","","yes","","","","","","","","","","",""
"way/970599403","","yes","","","","","","","","","","",""
"way/970599406","","yes","","","","","","","","","","",""
"way/970599407","","yes","","","","","","","","","","",""
"way/970599412","","yes","","","","","","","","","","",""
"way/970599413","","yes","","","","","","","","","","",""
"way/970599414","","yes","","","","","","","","","","",""
"way/970599415","","yes","","","","","","","","","","",""
"way/970599416","","yes","","","","","","","","","","",""
"way/970599417","","yes","","","","","","","","","","",""
"way/970599418","","yes","","","","","","","","","","",""
"way/970599419","","yes","","","","","","","","","","",""
"way/970599420","","yes","","","","","","","","","","",""
"way/970599421","","yes","","","","","","","","","","",""
"way/970599422","","yes","","","","","","","","","","",""
"way/970599423","","yes","","","","","","","","","","",""
"way/970599424","","yes","","","","","","","","","","",""
"way/970599425","","yes","","","","","","","","","","",""
"way/970599426","","yes","","","","","","","","","","",""
"way/970599427","","yes","","","","","","","","","","",""
"way/970599428","","yes","","","","","","","","","","",""
"way/970599429","","yes","","","","","","","","","","",""
"way/970599430","","yes","","","","","","","","","","",""
"way/970599431","","yes","","","","","","","","","","",""
"way/970599432","","yes","","","","","","","","","","",""
"way/970599433","","yes","","","","","","","","","","",""
"way/970599434","","yes","","","","","","","","","","",""
"way/970599435","","yes","","","","","","","","","","",""
"way/970599436","","yes","","","","","","","","","","",""
"way/970599437","","yes","","","","","","","","","","",""
"way/970599438","","yes","","","","","","","","","","",""
"way/970599439","","yes","","","","","","","","","","",""
"way/970599440","","yes","","","","","","","","","","",""
"way/970599441","","yes","","","","","","","","","","",""
"way/970599442","","yes","","","","","","","","","","",""
"way/970599443","","yes","","","","","","","","","","",""
"way/970599444","","yes","","","","","","","","","","",""
"way/970599445","","yes","","","","","","","","","","",""
"way/970599446","","yes","","","","","","","","","","",""
"way/970599447","","yes","","","","","","","","","","",""
"way/970599448","","yes","","","","","","","","","","",""
"way/970599449","","yes","","","","","","","","","","",""
"way/970599821","","yes","","","","","","","","","","",""
"way/970599824","","yes","","","","","","","","","","",""
"way/970599829","","yes","","","","","","","","","","",""
"way/970599831","","yes","","","","","","","","","","",""
"way/970599832","","yes","","","","","","","","","","",""
"way/970599833","","yes","","","","","","","","","","",""
"way/970599834","","yes","","","","","","","","","","",""
"way/970599835","","yes","","","","","","","","","","",""
"way/970599836","","yes","","","","","","","","","","",""
"way/970599837","","yes","","","","","","","","","","",""
"way/970599838","","yes","","","","","","","","","","",""
"way/970599839","","yes","","","","","","","","","","",""
"way/970599840","","yes","","","","","","","","","","",""
"way/970599841","","yes","","","","","","","","","","",""
"way/970599842","","yes","","","","","","","","","","",""
"way/970599843","","yes","","","","","","","","","","",""
"way/970599844","","yes","","","","","","","","","","",""
"way/970599845","","yes","","","","","","","","","","",""
"way/970599846","","yes","","","","","","","","","","",""
"way/970599847","","yes","","","","","","","","","","",""
"way/970599848","","yes","","","","","","","","","","",""
"way/970599849","","yes","","","","","","","","","","",""
"way/970599850","","yes","","","","","","","","","","",""
"way/970599851","","yes","","","","","","","","","","",""
"way/970599852","","yes","","","","","","","","","","",""
"way/970599853","","yes","","","","","","","","","","",""
"way/970599854","","yes","","","","","","","","","","",""
"way/970599855","","house","","","","","","","","","","",""
"way/970599856","","yes","","","","","","","","","","",""
"way/970599857","","yes","","","","","","","","","","",""
"way/970599858","","yes","","","","","","","","","","",""
"way/970599859","","yes","","","","","","","","","","",""
"way/970599860","","yes","","","","","","","","","","",""
"way/970599861","","yes","","","","","","","","","","",""
"way/970599862","","yes","","","","","","","","","","",""
"way/970599863","","yes","","","","","","","","","","",""
"way/970601209","","yes","","","","","","","","","","",""
"way/970602058","","yes","","","","","","","","","","",""
"way/970602059","","yes","","","","","","","","","","",""
"way/975479605","","yes","","","","","","","","","","",""
"way/976497595","","yes","","","","","","","","","","",""
"way/976497596","","yes","","","","","","","","","","",""
"way/976497597","","yes","","","","","","","","","","",""
"way/976497598","","yes","","","","","","","","","","",""
"way/977361724","","yes","","","","","","","","","","",""
"way/979941520","","roof","","","","","","","","","","",""
"way/981882816","","roof","","","","","","","","","","",""
"way/987873926","Supreme Body Shop Historic Site","no","","","326","South Guadalupe Street","","","","","building","",""
"way/991022581","","yes","","","","","","","","","","",""
"way/991022582","","yes","","","","","","","","","","",""
"way/991022583","","yes","","","","","","","","","","",""
"way/991022584","","yes","","","","","","","","","","",""
"way/991022597","","yes","","","","","","","","","","",""
"way/991022599","","yes","","","","","","","","","","",""
"way/991022600","","yes","","","","","","","","","","",""
"way/991022602","","yes","","","","","","","","","","",""
"way/991022603","","yes","","","","","","","","","","",""
"way/991022604","","yes","","","","","","","","","","",""
"way/991022605","","yes","","","","","","","","","","",""
"way/991022606","","yes","","","","","","","","","","",""
"way/993054556","","house","","","","","","","","","","",""
"way/993054557","","house","","","","","","","","","","",""
"way/993054558","","house","","","","","","","","","","",""
"way/993054559","","house","","","","","","","","","","",""
"way/993054560","","house","","","","","","","","","","",""
"way/993054561","","house","","","","","","","","","","",""
"way/993054562","","house","","","","","","","","","","",""
"way/993054563","","house","","","","","","","","","","",""
"way/993054564","","house","","","","","","","","","","",""
"way/993054565","","house","","","","","","","","","","",""
"way/993061258","","yes","","","","","","","","","","",""
"way/993071429","","yes","","","","","","","","","","",""
"way/993071430","","yes","","","","","","","","","","",""
"way/993071431","","yes","","","","","","","","","","",""
"way/993071435","","yes","","","","","","","","","","",""
"way/993071436","","yes","","","","","","","","","","",""
"way/993071437","","yes","","","","","","","","","","",""
"way/993071451","","yes","","","","","","","","","","",""
"way/993071452","","yes","","","","","","","","","","",""
"way/993071453","","yes","","","","","","","","","","",""
"way/993071454","","yes","","","","","","","","","","",""
"way/993071476","","yes","","","","","","","","","","",""
"way/993080684","","yes","","","","","","","","","","",""
"way/993080685","","yes","","","","","","","","","","",""
"way/993080686","","yes","","","","","","","","","","",""
"way/993342707","","yes","","","","","","","","","","",""
"way/993357813","","house","","","","","","","","","","",""
"way/993357814","","house","","","","","","","","","","",""
"way/993357815","","house","","","","","","","","","","",""
"way/993357816","","house","","","","","","","","","","",""
"way/993357817","","house","","","","","","","","","","",""
"way/993357818","","house","","","","","","","","","","",""
"way/993357819","","house","","","","","","","","","","",""
"way/993357820","","house","","","","","","","","","","",""
"way/993357821","","house","","","","","","","","","","",""
"way/993361869","","house","","","833","","","","","","","",""
"way/993361870","","house","","","","","","","","","","",""
"way/993361871","","house","","","841","","","","","","","",""
"way/993361872","","house","","","","","","","","","","",""
"way/993361873","","house","","","","","","","","","","",""
"way/993361874","","house","","","","","","","","","","",""
"way/993361877","","house","","","","","","","","","","",""
"way/993361880","","house","","","","","","","","","","",""
"way/993361881","","house","","","","","","","","","","",""
"way/993361882","","house","","","","","","","","","","",""
"way/993361885","","house","","","","","","","","","","",""
"way/993361890","","house","","","","","","","","","","",""
"way/993361891","","house","","","","","","","","","","",""
"way/993361892","","house","","","","","","","","","","",""
"way/993361893","","house","","","","","","","","","","",""
"way/993361894","","house","","","","","","","","","","",""
"way/993361895","","house","","","","","","","","","","",""
"way/993361896","","house","","","","","","","","","","",""
"way/993361897","","house","","","","","","","","","","",""
"way/993455408","","house","","","","","","","","","","",""
"way/993455409","","house","","","","","","","","","","",""
"way/993455410","","house","","","","","","","","","","",""
"way/993455411","","house","","","","","","","","","","",""
"way/993455412","","house","","","","","","","","","","",""
"way/993455413","","house","","","","","","","","","","",""
"way/993455414","","house","","","","","","","","","","",""
"way/993455415","","house","","","","","","","","","","",""
"way/993455416","","house","","","","","","","","","","",""
"way/993455417","","house","","","","","","","","","","",""
"way/993455418","","house","","","","","","","","","","",""
"way/993455419","","house","","","","","","","","","","",""
"way/993455420","","house","","","","","","","","","","",""
"way/993455421","","house","","","","","","","","","","",""
"way/993455422","","house","","","","","","","","","","",""
"way/993455423","","house","","","","","","","","","","",""
"way/993455424","","house","","","","","","","","","","",""
"way/993455425","","house","","","","","","","","","","",""
"way/993455426","","house","","","","","","","","","","",""
"way/993455427","","house","","","","","","","","","","",""
"way/993455428","","house","","","","","","","","","","",""
"way/993455454","","house","","","","","","","","","","",""
"way/998599090","","house","","","","","","","","","","",""
"way/998599091","","house","","","","","","","","","","",""
"way/998599092","","house","","","","","","","","","","",""
"way/998599093","","house","","","","","","","","","","",""
"way/1000880280","","hut","","","","","","","","","","",""
"way/1007423594","","roof","","","","","","","","","","",""
"way/1007490298","","roof","","","","","","","","","","",""
"way/1039986317","","yes","","","","","","","","","","",""
"way/1039986318","","yes","","","","","","","","","","",""
"way/1039986319","","yes","","","","","","","","","","",""
"way/1039986320","","yes","","","","","","","","","","",""
"way/1039986321","","yes","","","","","","","","","","",""
"way/1039986322","","yes","","","","","","","","","","",""
"way/1039986323","","yes","","","","","","","","","","",""
"way/1039986324","","yes","","","","","","","","","","",""
"way/1039986325","","yes","","","","","","","","","","",""
"way/1039986326","","yes","","","","","","","","","","",""
"way/1039986327","","yes","","","","","","","","","","",""
"way/1039986328","","yes","","","","","","","","","","",""
"way/1039986329","","yes","","","","","","","","","","",""
"way/1039986330","","yes","","","","","","","","","","",""
"way/1039986331","","yes","","","","","","","","","","",""
"way/1039986332","","yes","","","","","","","","","","",""
"way/1039986333","","yes","","","","","","","","","","",""
"way/1039986334","","yes","","","","","","","","","","",""
"way/1039986335","","yes","","","","","","","","","","",""
"way/1039986336","","yes","","","","","","","","","","",""
"way/1039986337","","yes","","","","","","","","","","",""
"way/1039986338","","yes","","","","","","","","","","",""
"way/1039986339","","yes","","","","","","","","","","",""
"way/1039986340","","yes","","","","","","","","","","",""
"way/1039986341","","yes","","","","","","","","","","",""
"way/1039986342","","yes","","","","","","","","","","",""
"way/1039986343","","yes","","","","","","","","","","",""
"way/1039986344","","yes","","","","","","","","","","",""
"way/1039986345","","yes","","","","","","","","","","",""
"way/1039986346","","yes","","","","","","","","","","",""
"way/1039986347","","yes","","","","","","","","","","",""
"way/1039986348","","yes","","","","","","","","","","",""
"way/1039986349","","yes","","","","","","","","","","",""
"way/1039986350","","yes","","","","","","","","","","",""
"way/1039986351","","yes","","","","","","","","","","",""
"way/1052523301","","yes","1","","100","East Water Street","87501","toilets","","","","",""
"way/1052542395","","yes","2","","222","Otero Street","87501","","","","","",""
"way/1052542398","","yes","","","","","","shelter","","","","",""
"way/1052542400","","greenhouse","","","","","","","","","","",""
"way/1052542402","","yes","","","","","","","","","","",""
"way/1052542403","","yes","","","","","","","","","","",""
"way/1052542411","","yes","","","","","","","","","","",""
"way/1059809057","","yes","","","","","","","","","","",""
"way/1110890809","","yes","","","","","","","","","","",""
"way/1110890810","","yes","","","","","","","","","","",""
"way/1110890811","","yes","","","","","","","","","","",""
"way/1110890812","","yes","","","","","","","","","","",""
"way/1110890816","","yes","","","","","","","","","","",""
"way/1110890817","","yes","","","","","","","","","","",""
"way/1110890820","","yes","","","","","","","","","","",""
"way/1110890822","","yes","","","","","","","","","","",""
"way/1110890823","","yes","","","","","","","","","","",""
"way/1110890825","","yes","","","","","","","","","","",""
"way/1110890826","","yes","","","","","","","","","","",""
"way/1111544024","","house","1","","835","Camino Haciendas","87501","","","","","",""
"way/1111544025","","house","1","","533","Calle Mirasol","87501","","","","","",""
"way/1111544026","","house","1","","865","Camino Haciendas","87501","","","","","",""
"way/1111544027","","house","1","","514","Calle Mirasol","87501","","","","","",""
"way/1111544028","","house","1","","880","Camino Haciendas","87501","","","","","",""
"way/1111544029","","yes","","","","","","","","","","",""
"way/1111544030","","yes","","","","","","","","","","",""
"way/1111544031","","yes","","","","","","","","","","",""
"way/1111544032","","yes","","","","","","","","","","",""
"way/1111544033","","yes","","","","","","","","","","",""
"way/1111544034","","yes","","","","","","","","","","",""
"way/1112518768","","roof","","","","","","","","","","",""
"way/1115624455","","yes","","","","","","","","","","",""
"way/1116162755","","yes","2","","","","","","","","","",""
"way/1116178918","","yes","1","","","","","","","","","",""
"way/1122897153","","yes","","","","","","","","","","",""
"way/1122897154","","yes","","","","","","","","","","",""
"way/1122897155","","yes","","","","","","","","","","",""
"way/1122897156","","yes","","","","","","","","","","",""
"way/1122897157","","yes","","","","","","","","","","",""
"way/1122897158","","yes","","","","","","","","","","",""
"way/1122897159","","yes","","","","","","","","","","",""
"way/1122897160","","yes","","","","","","","","","","",""
"way/1122897161","","yes","","","","","","","","","","",""
"way/1122897162","","yes","","","","","","","","","","",""
"way/1122897163","","yes","","","","","","","","","","",""
"way/1122897164","","yes","","","","","","","","","","",""
"way/1122897165","","yes","","","","","","","","","","",""
"way/1122897166","","yes","","","","","","","","","","",""
"way/1122897167","","yes","","","","","","","","","","",""
"way/1122897168","","yes","","","","","","","","","","",""
"way/1122897169","","yes","","","","","","","","","","",""
"way/1122897170","","yes","","","","","","","","","","",""
"way/1122897171","","yes","","","","","","","","","","",""
"way/1122897172","","yes","","","","","","","","","","",""
"way/1122897173","","yes","","","","","","","","","","",""
"way/1122897174","","yes","","","","","","","","","","",""
"way/1122897175","","yes","","","","","","","","","","",""
"way/1122897176","","yes","","","","","","","","","","",""
"way/1122897177","","yes","","","","","","","","","","",""
"way/1122897178","","yes","","","","","","","","","","",""
"way/1122897179","","yes","","","","","","","","","","",""
"way/1122897180","","yes","","","","","","","","","","",""
"way/1122897181","","yes","","","","","","","","","","",""
"way/1122897182","","yes","","","","","","","","","","",""
"way/1122897183","","yes","","","","","","","","","","",""
"way/1122897184","","yes","","","","","","","","","","",""
"way/1122897185","","yes","","","","","","","","","","",""
"way/1122897186","","yes","","","","","","","","","","",""
"way/1122897187","","yes","","","","","","","","","","",""
"way/1122897188","","yes","","","","","","","","","","",""
"way/1122897189","","yes","","","","","","","","","","",""
"way/1122897190","","yes","","","","","","","","","","",""
"way/1122897191","","yes","","","","","","","","","","",""
"way/1122897192","","yes","","","","","","","","","","",""
"way/1122897193","","yes","","","","","","","","","","",""
"way/1122897194","","yes","","","","","","","","","","",""
"way/1122897195","","yes","","","","","","","","","","",""
"way/1122897196","","yes","","","","","","","","","","",""
"way/1122897828","","yes","","","","","","","","","","",""
"way/1122897829","","yes","","","","","","","","","","",""
"way/1122897830","","yes","","","","","","","","","","",""
"way/1122897831","","yes","","","","","","","","","","",""
"way/1122897832","","yes","","","","","","","","","","",""
"way/1122897833","","yes","","","","","","","","","","",""
"way/1122897834","","yes","","","","","","","","","","",""
"way/1122897835","","yes","","","","","","","","","","",""
"way/1122897836","","yes","","","","","","","","","","",""
"way/1122897837","","yes","","","","","","","","","","",""
"way/1122897841","","yes","","","","","","","","","","",""
"way/1122897842","","yes","","","","","","","","","","",""
"way/1122897843","","yes","","","","","","","","","","",""
"way/1122897844","","yes","","","","","","","","","","",""
"way/1122897845","","yes","","","","","","","","","","",""
"way/1122897846","","yes","","","","","","","","","","",""
"way/1122897847","","yes","","","","","","","","","","",""
"way/1122897848","","yes","","","","","","","","","","",""
"way/1122897849","","yes","","","","","","","","","","",""
"way/1122897850","","yes","","","","","","","","","","",""
"way/1122897851","","yes","","","","","","","","","","",""
"way/1122897852","","yes","","","","","","","","","","",""
"way/1122897853","","yes","","","","","","","","","","",""
"way/1122897854","","yes","","","","","","","","","","",""
"way/1122897855","","yes","","","","","","","","","","",""
"way/1122897856","","yes","","","","","","","","","","",""
"way/1122897857","","yes","","","","","","","","","","",""
"way/1122897858","","yes","","","","","","","","","","",""
"way/1122897859","","yes","","","","","","","","","","",""
"way/1122897860","","yes","","","","","","","","","","",""
"way/1122897861","","yes","","","","","","","","","","",""
"way/1122897862","","yes","","","","","","","","","","",""
"way/1122897863","","yes","","","","","","","","","","",""
"way/1122897864","","yes","","","","","","","","","","",""
"way/1122897865","","yes","","","","","","","","","","",""
"way/1122897866","","yes","","","","","","","","","","",""
"way/1122897867","","yes","","","","","","","","","","",""
"way/1122897868","","yes","","","","","","","","","","",""
"way/1122897869","","yes","","","","","","","","","","",""
"way/1122897870","","yes","","","","","","","","","","",""
"way/1122898195","","yes","","","","","","","","","","",""
"way/1122898196","","yes","","","","","","","","","","",""
"way/1122898197","","yes","","","","","","","","","","",""
"way/1122898198","","yes","","","","","","","","","","",""
"way/1122898199","","yes","","","","","","","","","","",""
"way/1122898200","","yes","","","","","","","","","","",""
"way/1122898201","","yes","","","","","","","","","","",""
"way/1122898202","","yes","","","","","","","","","","",""
"way/1122898203","","yes","","","","","","","","","","",""
"way/1122898204","","yes","","","","","","","","","","",""
"way/1122898205","","yes","","","","","","","","","","",""
"way/1122898206","","yes","","","","","","","","","","",""
"way/1122898207","","yes","","","","","","","","","","",""
"way/1122898208","","yes","","","","","","","","","","",""
"way/1122898209","","yes","","","","","","","","","","",""
"way/1122898210","","yes","","","","","","","","","","",""
"way/1122898211","","yes","","","","","","","","","","",""
"way/1122898212","","yes","","","","","","","","","","",""
"way/1122898213","","yes","","","","","","","","","","",""
"way/1122898214","","yes","","","","","","","","","","",""
"way/1122898215","","yes","","","","","","","","","","",""
"way/1122898216","","yes","","","","","","","","","","",""
"way/1122898217","","yes","","","","","","","","","","",""
"way/1122898218","","yes","","","","","","","","","","",""
"way/1122898219","","yes","","","","","","","","","","",""
"way/1122898220","","yes","","","","","","","","","","",""
"way/1122898221","","yes","","","","","","","","","","",""
"way/1122898222","","yes","","","","","","","","","","",""
"way/1122898223","","yes","","","","","","","","","","",""
"way/1122898224","","yes","","","","","","","","","","",""
"way/1122898225","","yes","","","","","","","","","","",""
"way/1122898226","","yes","","","","","","","","","","",""
"way/1122898227","","yes","","","","","","","","","","",""
"way/1122898228","","yes","","","","","","","","","","",""
"way/1122898229","","yes","","","","","","","","","","",""
"way/1122898230","","yes","","","","","","","","","","",""
"way/1122898231","","yes","","","","","","","","","","",""
"way/1122898232","","yes","","","","","","","","","","",""
"way/1122898233","","yes","","","","","","","","","","",""
"way/1122898234","","yes","","","","","","","","","","",""
"way/1122898235","","yes","","","","","","","","","","",""
"way/1122898236","","yes","","","","","","","","","","",""
"way/1122898237","","yes","","","","","","","","","","",""
"way/1122898238","","yes","","","","","","","","","","",""
"way/1122898239","","yes","","","","","","","","","","",""
"way/1122898240","","yes","","","","","","","","","","",""
"way/1122898241","","yes","","","","","","","","","","",""
"way/1122898242","","yes","","","","","","","","","","",""
"way/1122898243","","yes","","","","","","","","","","",""
"way/1122898244","","yes","","","","","","","","","","",""
"way/1122898572","","yes","","","","","","","","","","",""
"way/1122898573","","yes","","","","","","","","","","",""
"way/1122898574","","yes","","","","","","","","","","",""
"way/1122898575","","yes","","","","","","","","","","",""
"way/1122898576","","yes","","","","","","","","","","",""
"way/1122898577","","yes","","","","","","","","","","",""
"way/1122898578","","yes","","","","","","","","","","",""
"way/1122898579","","yes","","","","","","","","","","",""
"way/1122898580","","yes","","","","","","","","","","",""
"way/1122898581","","yes","","","","","","","","","","",""
"way/1122898582","","yes","","","","","","","","","","",""
"way/1122898583","","yes","","","","","","","","","","",""
"way/1122900268","","yes","","","","","","","","","","",""
"way/1122900269","","yes","","","","","","","","","","",""
"way/1122900270","","yes","","","","","","","","","","",""
"way/1122900271","","yes","","","","","","","","","","",""
"way/1122900272","","yes","","","","","","","","","","",""
"way/1122900273","","yes","","","","","","","","","","",""
"way/1122900274","","yes","","","","","","","","","","",""
"way/1122900275","","yes","","","","","","","","","","",""
"way/1122900276","","yes","","","","","","","","","","",""
"way/1122900277","","yes","","","","","","","","","","",""
"way/1122900278","","yes","","","","","","","","","","",""
"way/1122900279","","yes","","","","","","","","","","",""
"way/1122900280","","yes","","","","","","","","","","",""
"way/1122900281","","yes","","","","","","","","","","",""
"way/1122900282","","yes","","","","","","","","","","",""
"way/1122900283","","yes","","","","","","","","","","",""
"way/1122900284","","yes","","","","","","","","","","",""
"way/1122900285","","yes","","","","","","","","","","",""
"way/1122900286","","yes","","","","","","","","","","",""
"way/1122900287","","yes","","","","","","","","","","",""
"way/1122900288","","yes","","","","","","","","","","",""
"way/1122900289","","yes","","","","","","","","","","",""
"way/1122900290","","yes","","","","","","","","","","",""
"way/1122900291","","yes","","","","","","","","","","",""
"way/1122923951","","yes","","","","","","","","","","",""
"way/1122923952","","yes","","","","","","","","","","",""
"way/1122923953","","yes","","","","","","","","","","",""
"way/1122923954","","yes","","","","","","","","","","",""
"way/1122923955","","yes","","","","","","","","","","",""
"way/1122923956","","yes","","","","","","","","","","",""
"way/1122923957","","yes","","","","","","","","","","",""
"way/1122923958","","yes","","","","","","","","","","",""
"way/1122923959","","yes","","","","","","","","","","",""
"way/1122923960","","yes","","","","","","","","","","",""
"way/1122923961","","yes","","","","","","","","","","",""
"way/1122923962","","yes","","","","","","","","","","",""
"way/1122923963","","yes","","","","","","","","","","",""
"way/1122923964","","yes","","","","","","","","","","",""
"way/1122923972","","yes","","","","","","","","","","",""
"way/1122923973","","yes","","","","","","","","","","",""
"way/1122923974","","yes","","","","","","","","","","",""
"way/1122923975","","yes","","","","","","","","","","",""
"way/1122923976","","yes","","","","","","","","","","",""
"way/1122923977","","yes","","","","","","","","","","",""
"way/1122923978","","yes","","","","","","","","","","",""
"way/1122923979","","yes","","","","","","","","","","",""
"way/1122923980","","yes","","","","","","","","","","",""
"way/1122923981","","yes","","","","","","","","","","",""
"way/1122923982","","yes","","","","","","","","","","",""
"way/1122923983","","yes","","","","","","","","","","",""
"way/1122923984","","yes","","","","","","","","","","",""
"way/1122923985","","yes","","","","","","","","","","",""
"way/1122923986","","yes","","","","","","","","","","",""
"way/1122923990","","yes","","","","","","","","","","",""
"way/1122923991","","yes","","","","","","","","","","",""
"way/1122926614","","yes","","","","","","","","","","",""
"way/1122926615","","yes","","","","","","","","","","",""
"way/1122926616","","yes","","","","","","","","","","",""
"way/1122926617","","yes","","","","","","","","","","",""
"way/1122926618","","yes","","","","","","","","","","",""
"way/1122926619","","yes","","","","","","","","","","",""
"way/1122926625","","yes","","","","","","","","","","",""
"way/1122927077","","yes","","","","","","","","","","",""
"way/1122927078","","yes","","","","","","","","","","",""
"way/1122927079","","yes","","","","","","","","","","",""
"way/1122927080","","yes","","","","","","","","","","",""
"way/1122927081","","yes","","","","","","","","","","",""
"way/1122927082","","yes","","","","","","","","","","",""
"way/1122927083","","yes","","","","","","","","","","",""
"way/1122927084","","yes","","","","","","","","","","",""
"way/1135523999","","yes","","","","","","","","","","",""
"way/1154636381","","yes","","","","","","","","","","",""
"way/1159028355","","detached","","","","","","","","","","",""
"way/1159028356","","detached","","","","","","","","","","",""
"way/1159028357","","detached","","","","","","","","","","",""
"way/1182691152","","yes","","","","","","","","","","",""
"way/1183649678","","roof","","","","","","","","","","",""
"way/1193442399","NMSA Dorms","dormitory","2","","500","Montezuma Avenue","","","","","","",""
"way/1211925063","","roof","","","","","","","","","","",""
"way/1213983343","","roof","","","","","","","","","","",""
"way/1220369266","","residential","","","","","","","","","","",""
"way/1272976787","","no","","","502","Old Santa Fe Trail","87505","food_court","","","","",""
"way/1279240241","Cake's Cafe","no","","","227","Galisteo Street","87501","cafe","","","","2023-01",""
"way/1281854566","","yes","","","","","","","","","","",""
"way/1287223848","","roof","","","","","","","","","","",""
"way/1300876867","","yes","2","","","Otero Street","","","","","","",""
"way/1303194412","","roof","","","","","","","","","","",""
"way/1303651579","","yes","","","","","","","","","","",""
"way/1314062344","La Posada de Santa Fe, a Tribute Portfolio Resort & Spa","no","","","330","East Palace Avenue","87501","","","hotel","","",""
"way/1327954596","","roof","","","","","","","","","","",""
"way/1376371613","","shed","","","","","","","","","","",""
"way/1376371614","","shed","","","","","","","","","","",""
"way/1451292138","","yes","1","","100","East Water Street","87501","","","","","",""
"way/1452019782","Chopstix","yes","1","","238","North Guadalupe Street","87501","restaurant","","","","",""
"way/1483498818","","house","1","","648","West San Francisco Street","87501","","","","","",""
"way/1483498819","","house","2","","107","Villa Alegre Street","87501","","","","","",""
"way/1483498820","","house","2","","105","Villa Alegre Street","87501","","","","","",""
"way/1483498821","","house","2","","104","Villa Alegre Street","87501","","","","","",""
"way/1483498822","","house","2","","103","Villa Alegre Street","87501","","","","","",""
"way/1483498823","","house","2","","102","Villa Alegre Street","87501","","","","","",""
"way/1483498824","","house","2","","109","Villa Alegre Street","87501","","","","","",""
"way/1483498825","","house","2","","108","Villa Alegre Street","87501","","","","","",""
"way/1483498826","","house","2","","111","Villa Alegre Street","87501","","","","","",""
"way/1483498827","","house","2","","110","Villa Alegre Street","87501","","","","","",""
"way/1483498829","","house","2","","112","Villa Alegre Street","87501","","","","","",""
"way/1483498830","","house","2","","113","Villa Alegre Street","87501","","","","","",""
"way/1483498831","","house","2","","115","Villa Alegre Street","87501","","","","","",""
"way/1483498832","","house","2","","114","Villa Alegre Street","87501","","","","","",""
"way/1483498833","","house","2","","116","Villa Alegre Street","87501","","","","","",""
"way/1483498834","","house","2","","117","Villa Alegre Street","87501","","","","","",""
"way/1483498835","","house","2","","119","Villa Alegre Street","87501","","","","","",""
"way/1483498836","","house","2","","118","Villa Alegre Street","87501","","","","","",""
"way/1483498837","","house","2","","125","Villa Alegre Street","87501","","","","","",""
"way/1483498838","","house","2","","124","Villa Alegre Street","87501","","","","","",""
"way/1483498839","","house","2","","121","Villa Alegre Street","87501","","","","","",""
"way/1483498840","","house","2","","120","Villa Alegre Street","87501","","","","","",""
"way/1483498841","","house","2","","122","Villa Alegre Street","87501","","","","","",""
"way/1483498842","","house","2","","123","Villa Alegre Street","87501","","","","","",""
"way/1483498843","","house","2","","129","Villa Alegre Street","87501","","","","","",""
"way/1483498844","","house","2","","128","Villa Alegre Street","87501","","","","","",""
"way/1483498845","","house","2","","126","Villa Alegre Street","87501","","","","","",""
"way/1483498846","","house","2","","127","Villa Alegre Street","87501","","","","","",""
"way/1483911700","","house","2","","131","Villa Alegre Street","87501","","","","","",""
"way/1483911701","","house","2","","130","Villa Alegre Street","87501","","","","","",""
"way/1483911702","","house","2","","132","Villa Alegre Street","87501","","","","","",""
"way/1483911703","","house","2","","133","Villa Alegre Street","87501","","","","","",""
"way/1483911704","","house","2","","134","Villa Alegre Street","87501","","","","","",""
"way/1483911705","","house","2","","135","Villa Alegre Street","87501","","","","","",""
"way/1483911706","","house","2","","144","Villa Alegre Street","87501","","","","","",""
"way/1483911707","","house","2","","144","Villa Alegre Street","87501","","","","","",""
"way/1483911708","","house","2","","150","Villa Alegre Street","87501","","","","","",""
"way/1483911709","","house","2","","151","Villa Alegre Street","87501","","","","","",""
"way/1483911710","","house","2","","148","Villa Alegre Street","87501","","","","","",""
"way/1483911712","","house","2","","146","Villa Alegre Street","87501","","","","","",""
"way/1483911713","","house","2","","147","Villa Alegre Street","87501","","","","","",""
"way/1483911714","","house","2","","143","Villa Alegre Street","87501","","","","","",""
"way/1483911715","","house","2","","142","Villa Alegre Street","87501","","","","","",""
"way/1483911716","","house","2","","141","Villa Alegre Street","87501","","","","","",""
"way/1483911717","","house","2","","140","Villa Alegre Street","87501","","","","","",""
"way/1483911718","","house","2","","139","Villa Alegre Street","87501","","","","","",""
"way/1483911720","","house","2","","137","Villa Alegre Street","87501","","","","","",""
"way/1483911721","","house","2","","136","Villa Alegre Street","87501","","","","","",""
"way/1509640849","","yes","","","","","","","","","","",""
"way/1513072079","","roof","","","","","","","","","","",""
"way/1513278417","","yes","1","","","","","","","","","",""
"way/1513278418","","yes","1","","","","","","","","","",""
"way/1513278419","","carport","1","","","","","","","","","",""
"way/1513278420","","yes","1","","","","","","","","","",""
"way/1513278421","","shed","1","","","","","","","","","",""
"way/1513316563","","house","1","","400","Osa Mayor","87501","","","","","",""
"way/1513316564","","house","1","","604","Solo Viaje","87501","","","","","",""
"way/1513316566","","house","1","","804","Calle Correos","87501","","","","","",""
"way/1513316567","","house","1","","803","Calle Correos","87501","","","","","",""
"way/1513316568","","house","1","","601","Solo Viaje","87501","","","","","",""
"way/1513316569","","house","1","","538","Calle Mirasol","87501","","","","","",""
"way/1513316570","","house","1","","540","Calle Mirasol","87501","","","","","",""
"way/1513316571","","yes","1","","","","","","","","","",""
"way/1513316572","","house","1","","835","Camino Haciendas","87501","","","","","",""
"way/1514034639","","retail","1","","","West San Francisco Street","87501","","","","","",""
"way/1514034640","","retail","","","","","","","","","","",""
"way/1514034641","","yes","1","","","West San Francisco Street","87501","","","","","",""
"way/1514034642","","yes","1","","","Burro Alley","87501","","","","","",""
"way/1514034643","","retail","1","","","","","","","","","",""
"way/1514068983","","yes","1","","","","","","","","","",""
"way/1516632857","","yes","2","","","West Palace Avenue","87501","","","","","",""
"way/1530308458","","roof","","","","","","","","","","",""
"relation/6819954","Bokum Building","office","3","","142","West Palace Avenue","87501","","","","","",""
"relation/6819955","","yes","","","","","","","","","","",""
"relation/6819957","New Mexico Museum of Art","yes","2","","","","","","","museum","","","Q559229"
"relation/6819991","La Fonda","hotel","4","","100","East San Francisco Street","87501","","","","","","Q22060896"
"relation/6819994","Sena Plaza","retail","2","","125","East Palace Avenue","87501","","","","","",""
"relation/6819995","Worrell Gallery","yes","","","103","Washington Avenue","87501","","","gallery","","",""
"relation/6819996","Prince Plaza","retail","","","107-117","East Palace Avenue","87501","","","","","",""
"relation/6820013","","yes","","","","","","","","","","",""
"relation/6820027","","residential","2","","","","","","","","","",""
"relation/6820028","","residential","2","","","","","","","","","",""
"relation/6820215","","residential","2","","","","","","","","","",""
"relation/6820278","Bataan Memorial Building","yes","2","","407","Galisteo Street","87501","","","","","",""
"relation/6820302","El Centro","retail","2","","102","East Water Street","87501","","","","","",""
"relation/6820303","","yes","","","","","","","","","","",""
"relation/6820322","","retail","","","","","","","","","","",""
"relation/6820720","El Farolito","yes","","","","","","","","guest_house","","",""
"relation/6820721","","hotel","3","","","","","","","","","",""
"relation/6820722","New Mexico Assoication of Realtors","yes","2","","549","South Guadalupe Street","","","","","","",""
"relation/6824240","Scottish Rite Temple","yes","2","","463","Paseo de Peralta","87501","","","","","",""
"relation/6824360","","apartments","","","","","","","","","","",""
"relation/6824404","Los Alamos National Bank","yes","","","301","Griffin Street","87501","bank","","","","",""
"relation/6827071","","yes","","","","","","","","","","",""
"relation/6836281","Plaza Mercado","yes","2","","112","West San Francisco Street","","","","","","",""
"relation/6978543","","roof","1","","","","","","","","","",""
"relation/7034658","","yes","","","","","","","","","","",""
"relation/7041440","","yes","","","","","","","","","","",""
"relation/7085901","Hilton Santa Fe Historic Plaza","yes","3","","100","Sandoval Street","87501","","","hotel","","","Q56427654"
"relation/7205777","","yes","","","","","","","","","","",""
"relation/7223052","","yes","","","","","","","","","","",""
"relation/7231563","","yes","","","","","","","","","","",""
"relation/7231564","","yes","","","","","","","","","","",""
"relation/7231565","","yes","","","","","","","","","","",""
"relation/7231566","","yes","","","","","","","","","","",""
"relation/7261442","","yes","","","","","","","","","","",""
"relation/7261444","","yes","","","","","","","","","","",""
"relation/7261445","","yes","","","","","","","","","","",""
"relation/7578216","","yes","","","","","","","","","","",""
"relation/8546650","","yes","","","","","","","","","","",""
"relation/9773072","Palacio Francisco","commercial","2","","129","West San Francisco Street","","","","","","",""
"relation/9786125","","yes","","","","","","","","","","",""
"relation/9792036","","yes","","","","","","","","","","",""
"relation/9966319","","office","3","","1613","Paseo de Peralta","87501","","","","","",""
"relation/9982848","","yes","2","","","","","","","","","",""
"relation/11058319","","yes","","","","","","","","","","",""
"relation/11058331","","yes","","","","","","","","","","",""
"relation/11587260","","yes","","","","","","","","","","",""
"relation/11846658","215 Lincoln","office","2","","215","Lincoln Avenue","","","","","","",""
"relation/14920092","","yes","3","","401","Old Taos Highway","87501","retirement_home","","","","",""
"relation/15513350","New Mexico State Capitol","yes","3","15","490","Old Santa Fe Trail","87501","","","","","","Q3694507"
"relation/15513417","","yes","","","","","","","","","","",""
"relation/15513419","Capitol North","yes","2","","325","Don Gaspar Avenue","87501","","","","","","Q133354765"
"relation/17647242","","roof","","","","","","","","","","",""
"relation/20690053","Museum of Contemporary Native Arts","yes","","","108","Cathedral Place","87501","","","museum","","","Q72031682"
"relation/20704371","Palace Court","commercial","3","","135","West Palace Avenue","87501","","","","","",""
