{"type":"FeatureCollection","crs":{"type":"name","properties":{"name":"EPSG:4326"}},"features":[{"type":"Feature","geometry":{"type":"MultiPolygon","coordinates":[[[[-106.3602,34.82249],[-106.35922,34.82254],[-106.35903,34.82276],[-106.35857,34.82259],[-106.35826,34.82307],[-106.35685,34.82311],[-106.35646,34.82248],[-106.35628,34.8228],[-106.35584,34.82289],[-106.35462,34.82284],[-106.35437,34.8225],[-106.35401,34.82261],[-106.35314,34.8225],[-106.35282,34.82257],[-106.3525,34.82296],[-106.35193,34.82259],[-106.35137,34.8227],[-106.35107,34.8224],[-106.34956,34.82209],[-106.34907,34.82225],[-106.34896,34.82218],[-106.34925,34.82206],[-106.34812,34.82144],[-106.34772,34.82144],[-106.3477,34.82131],[-106.34816,34.82127],[-106.34748,34.82108],[-106.34731,34.82109],[-106.34723,34.82131],[-106.34683,34.82128],[-106.34615,34.82078],[-106.34611,34.82051],[-106.34575,34.82079],[-106.34548,34.82071],[-106.34549,34.8204],[-106.34495,34.82064],[-106.34445,34.82051],[-106.3443,34.82026],[-106.34439,34.81923],[-106.34479,34.81856],[-106.34516,34.81846],[-106.34513,34.81796],[-106.34606,34.81746],[-106.34647,34.81682],[-106.34738,34.8171],[-106.34795,34.81615],[-106.34901,34.81584],[-106.34934,34.81585],[-106.3501,34.81624],[-106.35035,34.8162],[-106.35092,34.81555],[-106.35049,34.81486],[-106.35071,34.81446],[-106.35133,34.81431],[-106.35295,34.81443],[-106.35304,34.81407],[-106.3535,34.81405],[-106.35348,34.81324],[-106.35418,34.81279],[-106.35486,34.8127],[-106.35618,34.81221],[-106.35624,34.81186],[-106.35761,34.81182],[-106.35852,34.81119],[-106.35936,34.81116],[-106.35921,34.81148],[-106.35942,34.81148],[-106.36023,34.81072],[-106.36059,34.81074],[-106.3607,34.81046],[-106.36148,34.81031],[-106.36159,34.81004],[-106.36261,34.81017],[-106.3633,34.81007],[-106.36349,34.81032],[-106.36362,34.81007],[-106.36426,34.80986],[-106.36563,34.81003],[-106.36601,34.80982],[-106.36756,34.80991],[-106.36829,34.80938],[-106.3699,34.80918],[-106.37048,34.8094],[-106.37074,34.80919],[-106.37109,34.80919],[-106.37141,34.80947],[-106.37211,34.80955],[-106.37239,34.80979],[-106.37289,34.80969],[-106.37359,34.80905],[-106.37454,34.80891],[-106.37538,34.80898],[-106.37735,34.80973],[-106.37736,34.81014],[-106.37774,34.81049],[-106.37755,34.81064],[-106.37761,34.81097],[-106.37741,34.81117],[-106.37785,34.81184],[-106.37753,34.81246],[-106.37727,34.81252],[-106.3773,34.81281],[-106.37702,34.81289],[-106.37764,34.81344],[-106.3777,34.8138],[-106.37575,34.81393],[-106.37534,34.81488],[-106.37501,34.81492],[-106.37432,34.81558],[-106.37431,34.81574],[-106.37359,34.81564],[-106.37298,34.81608],[-106.37052,34.81674],[-106.37069,34.8171],[-106.37033,34.81728],[-106.36924,34.81718],[-106.36907,34.81754],[-106.36881,34.8175],[-106.36791,34.81792],[-106.36791,34.81821],[-106.36734,34.81839],[-106.3671,34.81831],[-106.36708,34.81854],[-106.36624,34.81851],[-106.36604,34.81903],[-106.36585,34.81912],[-106.36555,34.81907],[-106.36554,34.81859],[-106.36522,34.81838],[-106.36505,34.8187],[-106.36518,34.81996],[-106.36487,34.82015],[-106.36482,34.82042],[-106.36452,34.82041],[-106.36441,34.82064],[-106.36422,34.82064],[-106.36434,34.82101],[-106.36387,34.82119],[-106.36353,34.82172],[-106.36384,34.82213],[-106.36384,34.82271],[-106.36366,34.82289],[-106.36277,34.82283],[-106.36249,34.82299],[-106.36224,34.82287],[-106.36161,34.82305],[-106.36112,34.82275],[-106.36125,34.82242],[-106.36097,34.82256],[-106.36104,34.82304],[-106.36076,34.82308],[-106.36045,34.82291],[-106.3602,34.82249]]],[[[-106.34587,34.82105],[-106.34607,34.82107],[-106.34616,34.82137],[-106.34594,34.82153],[-106.34554,34.82153],[-106.34549,34.82129],[-106.34587,34.82105]]],[[[-106.35403,34.82295],[-106.35429,34.82291],[-106.35436,34.82304],[-106.35412,34.8231],[-106.35403,34.82295]]],[[[-106.36492,34.82202],[-106.36505,34.82197],[-106.3651,34.82213],[-106.36495,34.82218],[-106.36492,34.82202]]],[[[-106.35337,34.82282],[-106.35352,34.82296],[-106.35331,34.82299],[-106.35337,34.82282]]],[[[-106.34999,34.82255],[-106.3502,34.82265],[-106.35001,34.82268],[-106.34999,34.82255]]],[[[-106.34806,34.82183],[-106.34818,34.82185],[-106.34806,34.82196],[-106.34806,34.82183]]],[[[-106.34629,34.82152],[-106.34642,34.82151],[-106.34632,34.82162],[-106.34629,34.82152]]]]},"properties":{"incidentname":"Dog Head","perimeterdatetime":1465958700000,"gisacres":682.34,"state":"NM"}},{"type":"Feature","geometry":{"type":"MultiPolygon","coordinates":[[[[-106.28557,34.90009],[-106.2853,34.89963],[-106.28546,34.8995],[-106.285,34.89951],[-106.28454,34.89898],[-106.28447,34.8986],[-106.28478,34.89848],[-106.28458,34.89839],[-106.28459,34.89819],[-106.28508,34.89741],[-106.28453,34.89689],[-106.28478,34.89658],[-106.28474,34.89639],[-106.28442,34.89631],[-106.28382,34.89573],[-106.2841,34.89501],[-106.28388,34.89462],[-106.28427,34.89442],[-106.28457,34.89353],[-106.28507,34.89329],[-106.28505,34.89257],[-106.28484,34.89228],[-106.28503,34.89135],[-106.2859,34.89095],[-106.28639,34.89092],[-106.28643,34.89073],[-106.28574,34.89001],[-106.28583,34.88987],[-106.28562,34.88973],[-106.28553,34.88924],[-106.28599,34.88892],[-106.28605,34.88787],[-106.28633,34.88784],[-106.2862,34.88757],[-106.28645,34.88712],[-106.28626,34.88679],[-106.28673,34.88589],[-106.28661,34.88561],[-106.28696,34.8854],[-106.28666,34.88465],[-106.28703,34.88452],[-106.28712,34.88418],[-106.28751,34.88423],[-106.28767,34.88404],[-106.28745,34.88368],[-106.28718,34.88369],[-106.28708,34.8832],[-106.2866,34.88297],[-106.28695,34.88275],[-106.28651,34.88165],[-106.28705,34.88037],[-106.28679,34.88025],[-106.28625,34.88053],[-106.28593,34.88007],[-106.28609,34.87959],[-106.28541,34.87936],[-106.2854,34.87922],[-106.28579,34.87899],[-106.28574,34.87879],[-106.28639,34.87826],[-106.28592,34.87805],[-106.28591,34.87787],[-106.28651,34.87761],[-106.28649,34.87695],[-106.28688,34.87675],[-106.28651,34.8764],[-106.28657,34.87619],[-106.28729,34.8758],[-106.28712,34.87561],[-106.28743,34.8752],[-106.28738,34.87503],[-106.28772,34.87497],[-106.2878,34.87462],[-106.28805,34.8744],[-106.28773,34.87375],[-106.28803,34.87349],[-106.2882,34.87345],[-106.28836,34.87362],[-106.28857,34.87346],[-106.28841,34.87314],[-106.28859,34.8731],[-106.28866,34.87262],[-106.28838,34.87202],[-106.28853,34.8715],[-106.28816,34.87151],[-106.28795,34.87213],[-106.28734,34.87209],[-106.28763,34.8724],[-106.2875,34.87246],[-106.28727,34.8725],[-106.2872,34.87209],[-106.28681,34.87194],[-106.28687,34.87176],[-106.28729,34.87189],[-106.28744,34.8715],[-106.28762,34.8698],[-106.28828,34.86929],[-106.28836,34.86875],[-106.28883,34.86817],[-106.28884,34.86759],[-106.29003,34.86634],[-106.29061,34.86615],[-106.29085,34.86624],[-106.29069,34.86603],[-106.2912,34.86554],[-106.29045,34.8655],[-106.29015,34.86533],[-106.29012,34.86456],[-106.29034,34.86417],[-106.29001,34.86378],[-106.29141,34.86355],[-106.29154,34.86322],[-106.29155,34.86287],[-106.29132,34.86252],[-106.29042,34.86234],[-106.29048,34.86183],[-106.29007,34.86121],[-106.29009,34.86107],[-106.29113,34.86092],[-106.29087,34.85983],[-106.29122,34.85929],[-106.29134,34.85856],[-106.29087,34.85791],[-106.29101,34.8572],[-106.29157,34.85702],[-106.29182,34.85668],[-106.2918,34.85591],[-106.29192,34.85547],[-106.29218,34.8552],[-106.29214,34.85442],[-106.2923,34.85426],[-106.29342,34.85343],[-106.29405,34.85351],[-106.29444,34.85399],[-106.29446,34.85375],[-106.29488,34.85331],[-106.2946,34.85286],[-106.29531,34.85246],[-106.29523,34.85211],[-106.29582,34.85194],[-106.29575,34.85149],[-106.29668,34.85142],[-106.29731,34.85085],[-106.29724,34.85045],[-106.29766,34.8504],[-106.29763,34.84958],[-106.29819,34.84927],[-106.29833,34.84885],[-106.29902,34.84851],[-106.29904,34.84832],[-106.29952,34.84788],[-106.29971,34.84786],[-106.30005,34.84827],[-106.30033,34.84821],[-106.30024,34.84773],[-106.30064,34.84768],[-106.30038,34.847],[-106.30142,34.84657],[-106.30195,34.84669],[-106.30285,34.84572],[-106.30312,34.84568],[-106.30334,34.84602],[-106.30348,34.84591],[-106.30349,34.84566],[-106.30305,34.84527],[-106.30325,34.84489],[-106.30411,34.84517],[-106.30383,34.8448],[-106.30402,34.8447],[-106.30422,34.84417],[-106.3042,34.84383],[-106.30474,34.84355],[-106.30513,34.84103],[-106.30662,34.84005],[-106.30715,34.84007],[-106.30689,34.83941],[-106.30738,34.83941],[-106.30791,34.83988],[-106.30787,34.84026],[-106.30768,34.84035],[-106.30697,34.84033],[-106.30738,34.84052],[-106.30694,34.84067],[-106.3071,34.84123],[-106.30745,34.84139],[-106.30775,34.84184],[-106.30811,34.84163],[-106.30821,34.8419],[-106.30858,34.84194],[-106.3091,34.84163],[-106.30916,34.84084],[-106.30856,34.83973],[-106.30804,34.8393],[-106.30699,34.83887],[-106.30708,34.83866],[-106.30782,34.83846],[-106.30829,34.8389],[-106.30907,34.83911],[-106.30937,34.83873],[-106.30994,34.83841],[-106.31065,34.8366],[-106.31199,34.8363],[-106.31188,34.83586],[-106.31224,34.83571],[-106.31229,34.83525],[-106.31261,34.83507],[-106.31275,34.83466],[-106.31321,34.83449],[-106.3133,34.83404],[-106.31359,34.83388],[-106.31384,34.83327],[-106.31396,34.83246],[-106.31455,34.83183],[-106.31537,34.83163],[-106.31583,34.83175],[-106.31586,34.83159],[-106.3163,34.83146],[-106.31634,34.83109],[-106.31746,34.83074],[-106.31909,34.83087],[-106.32066,34.83055],[-106.32146,34.82968],[-106.32187,34.82772],[-106.32207,34.82756],[-106.32334,34.82746],[-106.32495,34.82599],[-106.32815,34.82444],[-106.32997,34.82453],[-106.33132,34.82399],[-106.33184,34.82416],[-106.33213,34.82384],[-106.33274,34.8238],[-106.33326,34.82322],[-106.33399,34.8232],[-106.33365,34.82302],[-106.33348,34.82273],[-106.3342,34.82232],[-106.33485,34.8211],[-106.33602,34.82085],[-106.33615,34.82114],[-106.33641,34.82119],[-106.33685,34.82052],[-106.3376,34.82016],[-106.33781,34.81957],[-106.33812,34.81933],[-106.3387,34.81921],[-106.33875,34.81883],[-106.34008,34.8189],[-106.34106,34.81775],[-106.34126,34.81796],[-106.34155,34.81794],[-106.34164,34.81775],[-106.34138,34.81768],[-106.34182,34.81744],[-106.34211,34.81701],[-106.34272,34.81671],[-106.34345,34.81697],[-106.34472,34.81673],[-106.34846,34.81543],[-106.34926,34.81557],[-106.34989,34.81545],[-106.35091,34.81555],[-106.35049,34.81486],[-106.35071,34.81446],[-106.35133,34.81431],[-106.35295,34.81443],[-106.35304,34.81407],[-106.3535,34.81405],[-106.35348,34.81324],[-106.35404,34.81274],[-106.35518,34.81243],[-106.35553,34.81247],[-106.35618,34.81221],[-106.35624,34.81186],[-106.35761,34.81182],[-106.35852,34.81119],[-106.35936,34.81116],[-106.35921,34.81148],[-106.35942,34.81148],[-106.36023,34.81072],[-106.36059,34.81074],[-106.3607,34.81046],[-106.36131,34.81031],[-106.36145,34.81006],[-106.36207,34.81],[-106.36244,34.80979],[-106.36333,34.80993],[-106.36349,34.81032],[-106.36362,34.81007],[-106.36426,34.80986],[-106.36563,34.81003],[-106.36601,34.80982],[-106.36756,34.80991],[-106.36829,34.80938],[-106.3699,34.80918],[-106.37048,34.8094],[-106.37074,34.80919],[-106.37109,34.80919],[-106.37141,34.80947],[-106.37211,34.80955],[-106.37239,34.80979],[-106.37289,34.80969],[-106.37372,34.809],[-106.37511,34.80891],[-106.37735,34.80973],[-106.37736,34.81014],[-106.37774,34.81049],[-106.37755,34.81064],[-106.37761,34.81097],[-106.37741,34.81117],[-106.37785,34.81184],[-106.37753,34.81246],[-106.37727,34.81252],[-106.3773,34.81281],[-106.37702,34.81289],[-106.37764,34.81344],[-106.3777,34.8138],[-106.37575,34.81393],[-106.37534,34.81488],[-106.37501,34.81492],[-106.37432,34.81558],[-106.37431,34.81574],[-106.37359,34.81564],[-106.37298,34.81608],[-106.37052,34.81674],[-106.37069,34.8171],[-106.37035,34.81724],[-106.37047,34.81733],[-106.37023,34.81763],[-106.36929,34.81751],[-106.36883,34.81796],[-106.36861,34.81766],[-106.36791,34.81792],[-106.36791,34.81821],[-106.36763,34.81823],[-106.367,34.81871],[-106.36625,34.81947],[-106.36561,34.81969],[-106.3654,34.81962],[-106.36535,34.81919],[-106.36559,34.81882],[-106.36548,34.81851],[-106.36522,34.81838],[-106.36506,34.81882],[-106.36519,34.81982],[-106.36536,34.82007],[-106.36487,34.82049],[-106.3645,34.82043],[-106.36441,34.82064],[-106.36422,34.82064],[-106.36434,34.82101],[-106.36387,34.82119],[-106.36375,34.82154],[-106.3648,34.82173],[-106.3651,34.82213],[-106.36485,34.82209],[-106.3646,34.8224],[-106.36387,34.82261],[-106.36366,34.82289],[-106.36319,34.82301],[-106.36307,34.82284],[-106.3629,34.823],[-106.36224,34.82287],[-106.36206,34.82301],[-106.36137,34.82293],[-106.36076,34.82308],[-106.36045,34.82291],[-106.3595,34.82291],[-106.35933,34.82252],[-106.35903,34.8229],[-106.35855,34.82299],[-106.35842,34.82284],[-106.35812,34.82309],[-106.35441,34.82303],[-106.35438,34.82314],[-106.3502,34.82346],[-106.34995,34.8231],[-106.34985,34.82241],[-106.34958,34.82288],[-106.34879,34.82299],[-106.34877,34.8233],[-106.34836,34.82321],[-106.34797,34.8235],[-106.34726,34.8236],[-106.34715,34.82343],[-106.34755,34.82336],[-106.34742,34.82309],[-106.34757,34.82286],[-106.34808,34.82252],[-106.34885,34.82239],[-106.34856,34.82185],[-106.34806,34.82196],[-106.34796,34.82178],[-106.34754,34.8222],[-106.34668,34.82244],[-106.34637,34.82237],[-106.34635,34.82218],[-106.34562,34.82214],[-106.34478,34.82373],[-106.34457,34.82507],[-106.34426,34.8258],[-106.34414,34.82679],[-106.34439,34.82695],[-106.34433,34.8278],[-106.34402,34.8283],[-106.34292,34.8291],[-106.34238,34.82915],[-106.34218,34.82962],[-106.34206,34.83003],[-106.34244,34.8302],[-106.34253,34.83066],[-106.34236,34.83106],[-106.342,34.83127],[-106.34194,34.83175],[-106.34207,34.83209],[-106.34165,34.83217],[-106.34204,34.83274],[-106.34203,34.83318],[-106.34196,34.83332],[-106.34148,34.83323],[-106.34126,34.83372],[-106.34089,34.83369],[-106.34091,34.8344],[-106.34047,34.83429],[-106.34034,34.83396],[-106.34022,34.83423],[-106.34054,34.83457],[-106.34026,34.83516],[-106.34062,34.83545],[-106.34074,34.83592],[-106.34047,34.83646],[-106.34063,34.83726],[-106.33976,34.83773],[-106.33989,34.83805],[-106.33981,34.83842],[-106.33898,34.83936],[-106.3387,34.83938],[-106.33896,34.83976],[-106.33827,34.84033],[-106.3382,34.84078],[-106.33773,34.8412],[-106.3375,34.842],[-106.33723,34.84232],[-106.33688,34.84245],[-106.3371,34.84257],[-106.33668,34.84284],[-106.33669,34.84329],[-106.33612,34.844],[-106.33526,34.84445],[-106.33517,34.84468],[-106.33555,34.84498],[-106.3355,34.8455],[-106.33502,34.84563],[-106.33479,34.84499],[-106.33447,34.84499],[-106.33321,34.84563],[-106.33288,34.84606],[-106.33168,34.84637],[-106.33141,34.84658],[-106.33167,34.84685],[-106.33091,34.8468],[-106.33021,34.84811],[-106.32935,34.84876],[-106.32939,34.8491],[-106.32893,34.84991],[-106.329,34.85021],[-106.32846,34.85066],[-106.32855,34.8509],[-106.32802,34.85131],[-106.32773,34.85133],[-106.32724,34.85217],[-106.32686,34.8524],[-106.32658,34.85283],[-106.32599,34.85301],[-106.32614,34.85363],[-106.3247,34.85363],[-106.32469,34.85387],[-106.32447,34.85403],[-106.32544,34.85416],[-106.32556,34.85471],[-106.32449,34.8559],[-106.32411,34.85677],[-106.32365,34.85688],[-106.32374,34.85708],[-106.3234,34.85735],[-106.32306,34.858],[-106.32314,34.85824],[-106.32279,34.85837],[-106.32299,34.85868],[-106.32293,34.85902],[-106.32205,34.85983],[-106.32211,34.86014],[-106.32184,34.86055],[-106.32188,34.86078],[-106.32157,34.86096],[-106.32168,34.86126],[-106.32091,34.86136],[-106.32086,34.86158],[-106.32106,34.86171],[-106.32053,34.86221],[-106.31968,34.86232],[-106.32013,34.8629],[-106.31955,34.86292],[-106.31897,34.86269],[-106.31864,34.86276],[-106.31861,34.86311],[-106.31915,34.86352],[-106.31911,34.86386],[-106.31827,34.86469],[-106.3187,34.86547],[-106.31856,34.86562],[-106.31828,34.86553],[-106.31791,34.86567],[-106.31751,34.86627],[-106.31738,34.86681],[-106.31704,34.86673],[-106.31667,34.86698],[-106.31573,34.86693],[-106.3156,34.86714],[-106.31483,34.86715],[-106.31494,34.86729],[-106.31595,34.86727],[-106.31611,34.86761],[-106.31639,34.86769],[-106.31671,34.86807],[-106.31555,34.8685],[-106.31552,34.8694],[-106.31536,34.8697],[-106.31477,34.87013],[-106.31488,34.87014],[-106.31471,34.87031],[-106.3148,34.8706],[-106.31436,34.87077],[-106.31438,34.87138],[-106.31395,34.87124],[-106.31354,34.87163],[-106.31369,34.87195],[-106.31298,34.87205],[-106.31302,34.87242],[-106.31269,34.87234],[-106.3123,34.87196],[-106.31183,34.87188],[-106.31176,34.87133],[-106.31119,34.87096],[-106.31152,34.87084],[-106.31146,34.87025],[-106.31213,34.86947],[-106.31231,34.86893],[-106.31219,34.86859],[-106.31269,34.86735],[-106.31315,34.86736],[-106.3142,34.86783],[-106.31352,34.86715],[-106.31284,34.86685],[-106.31328,34.86673],[-106.31334,34.86638],[-106.31282,34.86616],[-106.31309,34.86586],[-106.31357,34.86455],[-106.31318,34.86431],[-106.31318,34.86406],[-106.31371,34.86369],[-106.31378,34.86309],[-106.31409,34.86264],[-106.31411,34.86131],[-106.31495,34.86106],[-106.31518,34.86071],[-106.31588,34.86109],[-106.31595,34.86094],[-106.31541,34.86028],[-106.31449,34.85986],[-106.31379,34.8593],[-106.31234,34.85937],[-106.31179,34.8592],[-106.30994,34.85906],[-106.30962,34.85868],[-106.30814,34.8579],[-106.3077,34.85744],[-106.30813,34.85667],[-106.30725,34.85715],[-106.30595,34.85701],[-106.30582,34.85711],[-106.30571,34.8574],[-106.30581,34.85761],[-106.30727,34.8582],[-106.30845,34.85904],[-106.30856,34.85943],[-106.30848,34.85958],[-106.30695,34.85965],[-106.30719,34.85986],[-106.30829,34.85973],[-106.30827,34.86043],[-106.30761,34.86123],[-106.30741,34.86213],[-106.30605,34.86249],[-106.30601,34.86264],[-106.3063,34.86267],[-106.3061,34.86297],[-106.30621,34.86319],[-106.30663,34.86304],[-106.30719,34.86313],[-106.30693,34.86356],[-106.30688,34.86473],[-106.30653,34.86529],[-106.3067,34.86572],[-106.30689,34.86564],[-106.30718,34.86484],[-106.30761,34.8646],[-106.30758,34.86426],[-106.30805,34.86406],[-106.3081,34.86377],[-106.30854,34.86325],[-106.30909,34.86314],[-106.30939,34.86365],[-106.3097,34.86347],[-106.30966,34.86325],[-106.31012,34.86303],[-106.30926,34.86272],[-106.30829,34.86208],[-106.30829,34.86157],[-106.30864,34.86109],[-106.30928,34.8611],[-106.30936,34.86196],[-106.31002,34.86199],[-106.31029,34.86224],[-106.31047,34.86216],[-106.31016,34.86178],[-106.31079,34.8617],[-106.31093,34.8615],[-106.31078,34.86101],[-106.30968,34.86033],[-106.30955,34.85986],[-106.31007,34.85981],[-106.31073,34.86048],[-106.3109,34.86092],[-106.31139,34.86063],[-106.31122,34.86018],[-106.31141,34.86005],[-106.31164,34.86046],[-106.31245,34.86086],[-106.31232,34.86175],[-106.31185,34.86229],[-106.31179,34.86326],[-106.31138,34.86373],[-106.31144,34.86412],[-106.31116,34.8645],[-106.31125,34.86475],[-106.31092,34.86543],[-106.31022,34.86593],[-106.31015,34.8664],[-106.30991,34.86653],[-106.30992,34.86717],[-106.30932,34.86811],[-106.30912,34.86894],[-106.30889,34.86928],[-106.30894,34.86989],[-106.3086,34.87027],[-106.30838,34.87164],[-106.30758,34.87249],[-106.30748,34.87286],[-106.30735,34.87288],[-106.30733,34.87325],[-106.30696,34.87343],[-106.30663,34.87332],[-106.30639,34.87368],[-106.30606,34.87375],[-106.30593,34.87443],[-106.30621,34.87461],[-106.30622,34.87489],[-106.30566,34.87549],[-106.3057,34.87586],[-106.30484,34.87654],[-106.30477,34.87708],[-106.30497,34.87721],[-106.30472,34.87736],[-106.30456,34.87761],[-106.30461,34.878],[-106.30421,34.87841],[-106.30429,34.8786],[-106.30405,34.87925],[-106.30423,34.87937],[-106.30379,34.87993],[-106.30365,34.88075],[-106.30341,34.88083],[-106.30334,34.88106],[-106.30271,34.8813],[-106.30271,34.88223],[-106.30253,34.88245],[-106.30203,34.88249],[-106.30157,34.88343],[-106.30109,34.88395],[-106.30109,34.88419],[-106.30042,34.88482],[-106.29983,34.88568],[-106.29856,34.88633],[-106.29812,34.88622],[-106.29786,34.88704],[-106.29736,34.88731],[-106.29725,34.88765],[-106.29696,34.8878],[-106.29669,34.8887],[-106.29667,34.88894],[-106.29681,34.88903],[-106.29665,34.88922],[-106.29629,34.88917],[-106.29581,34.89025],[-106.29522,34.89077],[-106.29546,34.89104],[-106.29514,34.89098],[-106.295,34.89126],[-106.29433,34.89144],[-106.29391,34.89179],[-106.29383,34.89195],[-106.29429,34.89232],[-106.29404,34.89233],[-106.29375,34.89206],[-106.29346,34.89227],[-106.29366,34.89275],[-106.29298,34.89264],[-106.2929,34.89305],[-106.29256,34.89308],[-106.29251,34.89294],[-106.2923,34.89313],[-106.29195,34.8931],[-106.29163,34.89361],[-106.29087,34.89433],[-106.29084,34.89462],[-106.29119,34.89475],[-106.29084,34.89475],[-106.2908,34.89493],[-106.29054,34.89501],[-106.28899,34.89727],[-106.28763,34.8984],[-106.28651,34.90001],[-106.28628,34.90019],[-106.28606,34.90006],[-106.28587,34.90034],[-106.28557,34.90009]]],[[[-106.2848,34.86175],[-106.28499,34.86105],[-106.28583,34.86029],[-106.28575,34.85998],[-106.28619,34.85977],[-106.2862,34.85953],[-106.28597,34.85939],[-106.286,34.85909],[-106.28768,34.85759],[-106.28765,34.85724],[-106.28793,34.85689],[-106.28794,34.85662],[-106.28857,34.85641],[-106.28854,34.85588],[-106.28945,34.85579],[-106.28978,34.85641],[-106.28987,34.85718],[-106.28936,34.85917],[-106.28986,34.85994],[-106.2899,34.86039],[-106.28901,34.86111],[-106.28796,34.86098],[-106.28694,34.86164],[-106.28569,34.86215],[-106.28518,34.86209],[-106.2848,34.86175]]],[[[-106.30879,34.83838],[-106.30843,34.83843],[-106.30815,34.83823],[-106.30836,34.83727],[-106.30909,34.83624],[-106.3094,34.83619],[-106.30993,34.83659],[-106.30996,34.837],[-106.30973,34.83737],[-106.30937,34.83742],[-106.30906,34.83847],[-106.30879,34.83838]]],[[[-106.30935,34.86918],[-106.30987,34.86916],[-106.30974,34.86866],[-106.30989,34.86817],[-106.31078,34.86755],[-106.31089,34.86786],[-106.31071,34.86808],[-106.31056,34.86956],[-106.30989,34.86996],[-106.30957,34.86996],[-106.30973,34.86971],[-106.30935,34.86918]]],[[[-106.33063,34.8486],[-106.33083,34.84882],[-106.33058,34.84906],[-106.33022,34.8491],[-106.33013,34.84899],[-106.33025,34.84866],[-106.33063,34.8486]]],[[[-106.31063,34.86586],[-106.31092,34.86587],[-106.31101,34.86608],[-106.31052,34.86627],[-106.31063,34.86586]]],[[[-106.34961,34.82323],[-106.34983,34.82341],[-106.34958,34.82348],[-106.34961,34.82323]]]]},"properties":{"incidentname":"Dog Head","perimeterdatetime":1466025600000,"gisacres":5077.18,"state":"NM"}},{"type":"Feature","geometry":{"type":"Polygon","coordinates":[[[-106.35906,34.82504],[-106.35889,34.8295],[-106.36,34.8333],[-106.35666,34.83793],[-106.34102,34.83756],[-106.33588,34.83777],[-106.33055,34.83716],[-106.32656,34.8363],[-106.30637,34.84005],[-106.30049,34.83939],[-106.29624,34.83419],[-106.29842,34.82567],[-106.302,34.82195],[-106.31391,34.82161],[-106.32765,34.82249],[-106.33421,34.82023],[-106.33656,34.81533],[-106.33999,34.81253],[-106.34776,34.81164],[-106.35229,34.81091],[-106.35395,34.80775],[-106.35701,34.80642],[-106.35915,34.80418],[-106.36595,34.8059],[-106.36827,34.80783],[-106.37123,34.80927],[-106.37523,34.80894],[-106.3774,34.80982],[-106.3773,34.81281],[-106.37501,34.81492],[-106.36675,34.8188],[-106.36564,34.82204],[-106.35906,34.82504]],[[-106.34587,34.82105],[-106.34549,34.82129],[-106.34554,34.82153],[-106.34594,34.82153],[-106.34616,34.82137],[-106.34607,34.82107],[-106.34587,34.82105]],[[-106.35403,34.82295],[-106.35412,34.8231],[-106.35436,34.82304],[-106.35429,34.82291],[-106.35403,34.82295]],[[-106.36492,34.82202],[-106.36486,34.82212],[-106.3651,34.82213],[-106.36505,34.82197],[-106.36492,34.82202]],[[-106.35337,34.82282],[-106.35331,34.82299],[-106.35352,34.82296],[-106.35337,34.82282]],[[-106.34999,34.82255],[-106.35001,34.82268],[-106.3502,34.82265],[-106.34999,34.82255]],[[-106.34806,34.82183],[-106.34806,34.82196],[-106.34818,34.82185],[-106.34806,34.82183]],[[-106.34629,34.82152],[-106.34632,34.82162],[-106.34642,34.82151],[-106.34629,34.82152]]]},"properties":{"incidentname":"Dog Head","perimeterdatetime":1466026200000,"gisacres":3662.45,"state":"NM"}},{"type":"Feature","geometry":{"type":"MultiPolygon","coordinates":[[[[-106.27043,34.90221],[-106.26966,34.90147],[-106.26996,34.90101],[-106.26978,34.9007],[-106.2687,34.90008],[-106.26801,34.90043],[-106.26759,34.90029],[-106.26751,34.89989],[-106.26724,34.89986],[-106.26734,34.90015],[-106.26704,34.90061],[-106.26672,34.90036],[-106.26647,34.90001],[-106.26682,34.89984],[-106.2674,34.89912],[-106.26708,34.89906],[-106.26584,34.89968],[-106.26563,34.89965],[-106.26539,34.89926],[-106.26497,34.89972],[-106.2645,34.89984],[-106.26378,34.89954],[-106.26256,34.89941],[-106.26213,34.89973],[-106.26079,34.89912],[-106.25945,34.89887],[-106.25947,34.8983],[-106.26008,34.89822],[-106.25978,34.89763],[-106.25865,34.89709],[-106.25812,34.89707],[-106.256,34.8964],[-106.25547,34.89567],[-106.2557,34.89545],[-106.25468,34.89539],[-106.25187,34.89358],[-106.2518,34.8928],[-106.25218,34.89255],[-106.25365,34.89232],[-106.25547,34.89233],[-106.25601,34.89297],[-106.25629,34.89294],[-106.25614,34.89261],[-106.2564,34.89244],[-106.25776,34.89228],[-106.25885,34.89177],[-106.25923,34.89148],[-106.25893,34.89077],[-106.2584,34.8903],[-106.25744,34.89016],[-106.25646,34.89058],[-106.25562,34.89054],[-106.25582,34.89025],[-106.25718,34.88993],[-106.25757,34.88949],[-106.25865,34.89001],[-106.25944,34.89007],[-106.26108,34.8897],[-106.26102,34.88951],[-106.25945,34.88931],[-106.25936,34.88902],[-106.25956,34.88885],[-106.25938,34.8885],[-106.25883,34.88824],[-106.25691,34.88776],[-106.25659,34.88752],[-106.25615,34.88753],[-106.25593,34.88789],[-106.25526,34.88778],[-106.25494,34.88744],[-106.25439,34.88759],[-106.25411,34.88816],[-106.25289,34.88876],[-106.25179,34.88969],[-106.25135,34.89044],[-106.2495,34.8922],[-106.24677,34.89299],[-106.24607,34.89283],[-106.24579,34.89307],[-106.24527,34.8932],[-106.24506,34.8927],[-106.24368,34.89154],[-106.24356,34.89131],[-106.24367,34.89116],[-106.24312,34.89076],[-106.24243,34.8911],[-106.2413,34.89121],[-106.23975,34.89037],[-106.23846,34.88933],[-106.23834,34.88905],[-106.23848,34.88883],[-106.2411,34.88935],[-106.24249,34.88941],[-106.24286,34.88917],[-106.24286,34.88886],[-106.24233,34.8885],[-106.24259,34.88841],[-106.24323,34.88857],[-106.24311,34.88823],[-106.24133,34.88756],[-106.24109,34.88723],[-106.24197,34.88607],[-106.24247,34.8864],[-106.24397,34.8857],[-106.24455,34.88576],[-106.24472,34.88595],[-106.24521,34.88556],[-106.24553,34.88559],[-106.24588,34.88599],[-106.24605,34.88577],[-106.24596,34.88537],[-106.24688,34.88476],[-106.24783,34.88454],[-106.2494,34.88476],[-106.24982,34.88406],[-106.25031,34.88399],[-106.2506,34.88377],[-106.25076,34.88319],[-106.25148,34.88273],[-106.25217,34.88268],[-106.25248,34.88282],[-106.25358,34.88249],[-106.25494,34.88244],[-106.25501,34.88265],[-106.25547,34.88283],[-106.25725,34.8831],[-106.25826,34.88302],[-106.25834,34.88281],[-106.25788,34.88267],[-106.25766,34.88191],[-106.25768,34.88152],[-106.25811,34.88066],[-106.25804,34.88045],[-106.25676,34.87984],[-106.25658,34.87913],[-106.25613,34.87863],[-106.25642,34.87832],[-106.2574,34.87788],[-106.25896,34.8781],[-106.25959,34.87754],[-106.26003,34.87759],[-106.25952,34.87852],[-106.26004,34.87873],[-106.26051,34.87877],[-106.26169,34.87848],[-106.26361,34.87872],[-106.26486,34.87911],[-106.2653,34.87956],[-106.26567,34.8796],[-106.2659,34.87943],[-106.26601,34.87893],[-106.26574,34.87822],[-106.26658,34.87821],[-106.26678,34.87792],[-106.26671,34.87749],[-106.26566,34.87674],[-106.26479,34.87658],[-106.26418,34.87673],[-106.26348,34.87626],[-106.26227,34.87628],[-106.26119,34.87595],[-106.26088,34.87486],[-106.26262,34.87482],[-106.26329,34.87519],[-106.26355,34.8749],[-106.26389,34.8749],[-106.26433,34.87523],[-106.26633,34.87547],[-106.2677,34.87584],[-106.26801,34.87507],[-106.2676,34.87336],[-106.26815,34.8733],[-106.26898,34.87418],[-106.26941,34.87403],[-106.26941,34.87385],[-106.2699,34.87395],[-106.27014,34.87428],[-106.27077,34.87385],[-106.27181,34.87417],[-106.27214,34.87453],[-106.27246,34.87459],[-106.27329,34.87418],[-106.27367,34.87437],[-106.27376,34.87458],[-106.27407,34.87412],[-106.27571,34.87356],[-106.27836,34.87413],[-106.27937,34.87412],[-106.28087,34.8737],[-106.28139,34.87393],[-106.28192,34.87457],[-106.2823,34.87466],[-106.28328,34.87427],[-106.28336,34.87405],[-106.28397,34.87397],[-106.28399,34.87366],[-106.28324,34.87331],[-106.28332,34.87286],[-106.28236,34.8728],[-106.28239,34.87258],[-106.28218,34.87239],[-106.28146,34.87242],[-106.28096,34.87221],[-106.2809,34.87174],[-106.28057,34.87138],[-106.27994,34.87141],[-106.27969,34.87082],[-106.27777,34.87163],[-106.27699,34.8718],[-106.27589,34.87177],[-106.27483,34.87099],[-106.27403,34.87114],[-106.27402,34.87093],[-106.27376,34.87076],[-106.27387,34.87017],[-106.27352,34.87005],[-106.27345,34.86976],[-106.27299,34.8696],[-106.27273,34.86987],[-106.27247,34.86966],[-106.27252,34.86932],[-106.272,34.8694],[-106.27119,34.86905],[-106.27035,34.8693],[-106.27017,34.86911],[-106.2696,34.86957],[-106.26922,34.8695],[-106.26864,34.86908],[-106.26818,34.86953],[-106.26674,34.86974],[-106.26666,34.86998],[-106.26605,34.87025],[-106.26594,34.87068],[-106.26618,34.87084],[-106.26643,34.8707],[-106.26678,34.87074],[-106.26676,34.87088],[-106.26627,34.87124],[-106.26572,34.87127],[-106.26458,34.87217],[-106.2634,34.87259],[-106.26312,34.87357],[-106.26187,34.87313],[-106.26163,34.87289],[-106.26259,34.87279],[-106.26243,34.87269],[-106.2629,34.87224],[-106.26262,34.87131],[-106.26165,34.8717],[-106.26103,34.87152],[-106.2597,34.87151],[-106.25867,34.87214],[-106.25754,34.8721],[-106.25751,34.8717],[-106.25788,34.87143],[-106.259,34.87108],[-106.25894,34.87066],[-106.25862,34.87047],[-106.25645,34.87056],[-106.25598,34.87038],[-106.25635,34.87013],[-106.256,34.86987],[-106.25469,34.86936],[-106.25492,34.86912],[-106.25584,34.86907],[-106.25584,34.86878],[-106.25543,34.86838],[-106.25601,34.86823],[-106.256,34.86801],[-106.2551,34.86786],[-106.25504,34.86757],[-106.25623,34.86751],[-106.25512,34.86716],[-106.2547,34.86617],[-106.25522,34.86638],[-106.2554,34.86671],[-106.25595,34.86677],[-106.25629,34.86601],[-106.25757,34.86638],[-106.25884,34.86593],[-106.25892,34.86565],[-106.26042,34.86565],[-106.2608,34.86551],[-106.26082,34.86486],[-106.26001,34.8648],[-106.26,34.86458],[-106.26133,34.86452],[-106.26297,34.86343],[-106.26333,34.86295],[-106.2635,34.86245],[-106.26318,34.86207],[-106.26251,34.86208],[-106.26122,34.8625],[-106.2602,34.86251],[-106.25973,34.86192],[-106.25949,34.86123],[-106.26006,34.8611],[-106.26048,34.86143],[-106.26045,34.862],[-106.2606,34.86224],[-106.26098,34.86209],[-106.26209,34.86043],[-106.26249,34.86048],[-106.26264,34.86076],[-106.26299,34.8609],[-106.26405,34.86034],[-106.26616,34.86011],[-106.26688,34.85989],[-106.26734,34.85959],[-106.26747,34.859],[-106.26738,34.85862],[-106.2666,34.85858],[-106.26617,34.85906],[-106.26326,34.8599],[-106.26274,34.85981],[-106.26385,34.85863],[-106.26382,34.85846],[-106.26281,34.85876],[-106.26212,34.85941],[-106.26172,34.85939],[-106.26139,34.85906],[-106.26102,34.85897],[-106.25952,34.85979],[-106.259,34.8599],[-106.25816,34.85964],[-106.25801,34.8594],[-106.25826,34.85873],[-106.25762,34.8581],[-106.25678,34.85815],[-106.25567,34.8579],[-106.25538,34.85743],[-106.25462,34.85696],[-106.25418,34.85687],[-106.25384,34.85699],[-106.25349,34.85685],[-106.2534,34.85657],[-106.25411,34.8562],[-106.25339,34.8559],[-106.25332,34.85545],[-106.25387,34.85525],[-106.25428,34.85582],[-106.25515,34.85605],[-106.25556,34.85592],[-106.25549,34.85537],[-106.25626,34.85444],[-106.25573,34.85363],[-106.25262,34.85288],[-106.25215,34.85231],[-106.25217,34.85183],[-106.25045,34.85118],[-106.25039,34.85075],[-106.25009,34.85056],[-106.24882,34.85039],[-106.24872,34.8505],[-106.2487,34.85003],[-106.24806,34.84994],[-106.2475,34.84966],[-106.24667,34.848],[-106.24689,34.8473],[-106.24847,34.84686],[-106.25076,34.84669],[-106.25087,34.84716],[-106.25402,34.84776],[-106.25485,34.84763],[-106.2559,34.84819],[-106.25614,34.84847],[-106.25724,34.84841],[-106.25756,34.84872],[-106.25819,34.84843],[-106.25836,34.848],[-106.25865,34.84799],[-106.25886,34.84845],[-106.25924,34.84863],[-106.25939,34.84937],[-106.25989,34.84941],[-106.26099,34.84985],[-106.26085,34.85019],[-106.26051,34.85043],[-106.26046,34.85079],[-106.26087,34.85117],[-106.26174,34.85128],[-106.26215,34.85185],[-106.26225,34.85232],[-106.26254,34.85258],[-106.2637,34.85267],[-106.2643,34.85235],[-106.26433,34.85204],[-106.26336,34.85152],[-106.26318,34.85088],[-106.26251,34.85032],[-106.26296,34.84967],[-106.26304,34.84926],[-106.26268,34.84874],[-106.26146,34.8482],[-106.26125,34.84773],[-106.26023,34.84724],[-106.25996,34.84633],[-106.25952,34.84622],[-106.25884,34.84549],[-106.25921,34.84493],[-106.2614,34.84448],[-106.26208,34.84491],[-106.26399,34.8451],[-106.26443,34.84533],[-106.26466,34.84578],[-106.26516,34.84611],[-106.26583,34.84604],[-106.26586,34.84463],[-106.26469,34.84385],[-106.26437,34.84328],[-106.26323,34.84282],[-106.26181,34.8429],[-106.25853,34.84237],[-106.25864,34.84196],[-106.25733,34.84123],[-106.2568,34.84076],[-106.25683,34.84057],[-106.25793,34.84053],[-106.25846,34.84096],[-106.25904,34.84107],[-106.25934,34.84026],[-106.25878,34.83926],[-106.25852,34.83929],[-106.25815,34.83989],[-106.25777,34.83984],[-106.2573,34.83949],[-106.25632,34.83953],[-106.25603,34.83924],[-106.2555,34.83908],[-106.25537,34.83975],[-106.2544,34.84048],[-106.25333,34.84061],[-106.25217,34.84026],[-106.2519,34.83979],[-106.25106,34.83953],[-106.25128,34.83922],[-106.25203,34.83912],[-106.25185,34.83883],[-106.25208,34.83859],[-106.25332,34.83789],[-106.2534,34.83753],[-106.25403,34.83704],[-106.25333,34.83691],[-106.25238,34.8372],[-106.25171,34.83664],[-106.25139,34.83652],[-106.25066,34.83667],[-106.25032,34.83658],[-106.25014,34.83622],[-106.24973,34.83613],[-106.24875,34.83631],[-106.24666,34.83612],[-106.24659,34.83582],[-106.24593,34.83531],[-106.24598,34.83505],[-106.24624,34.83483],[-106.2468,34.83538],[-106.24703,34.8354],[-106.24717,34.83528],[-106.24713,34.83456],[-106.24861,34.83479],[-106.24882,34.83495],[-106.24882,34.83516],[-106.24951,34.83518],[-106.25036,34.83546],[-106.25163,34.83537],[-106.25175,34.8358],[-106.25207,34.83599],[-106.25294,34.83584],[-106.25309,34.83641],[-106.25332,34.83648],[-106.25343,34.83607],[-106.25488,34.83601],[-106.25624,34.83635],[-106.25633,34.83604],[-106.25595,34.83571],[-106.25591,34.83531],[-106.2555,34.835],[-106.25492,34.83494],[-106.25483,34.8347],[-106.25517,34.83446],[-106.25639,34.83468],[-106.25638,34.83404],[-106.25565,34.83359],[-106.25463,34.8326],[-106.25419,34.83282],[-106.25373,34.83256],[-106.25326,34.83259],[-106.25293,34.83333],[-106.25267,34.83336],[-106.2522,34.83274],[-106.2493,34.83263],[-106.24889,34.83249],[-106.24924,34.83215],[-106.24923,34.8318],[-106.24714,34.8312],[-106.24687,34.83087],[-106.24633,34.83102],[-106.24346,34.83112],[-106.24291,34.83105],[-106.24288,34.83072],[-106.24625,34.83013],[-106.24701,34.83032],[-106.24809,34.83109],[-106.24864,34.8308],[-106.24875,34.83037],[-106.24946,34.83003],[-106.24951,34.82919],[-106.24974,34.829],[-106.25116,34.82901],[-106.254,34.82979],[-106.25586,34.82994],[-106.25594,34.8298],[-106.25536,34.82937],[-106.25426,34.82945],[-106.25367,34.8287],[-106.25351,34.82794],[-106.25227,34.82776],[-106.25178,34.82798],[-106.25022,34.82812],[-106.25027,34.82778],[-106.24954,34.82755],[-106.24992,34.8274],[-106.25064,34.82765],[-106.25151,34.82731],[-106.25217,34.82728],[-106.2522,34.82702],[-106.25175,34.82647],[-106.25207,34.82602],[-106.25341,34.82667],[-106.25444,34.82607],[-106.25525,34.8261],[-106.25572,34.82634],[-106.25577,34.82619],[-106.25525,34.82599],[-106.25542,34.8257],[-106.25626,34.82583],[-106.25667,34.82614],[-106.25684,34.82609],[-106.25684,34.82575],[-106.25761,34.82544],[-106.25804,34.82507],[-106.25859,34.825],[-106.25865,34.82521],[-106.25842,34.8254],[-106.25909,34.82554],[-106.26272,34.82457],[-106.26292,34.82436],[-106.26291,34.82395],[-106.26248,34.82391],[-106.26211,34.82417],[-106.26104,34.82423],[-106.2595,34.82413],[-106.25583,34.82424],[-106.25542,34.82391],[-106.25564,34.82352],[-106.25558,34.82321],[-106.2552,34.82312],[-106.25492,34.82348],[-106.25446,34.82356],[-106.25416,34.82323],[-106.25433,34.82261],[-106.25386,34.82216],[-106.25423,34.82204],[-106.25432,34.82172],[-106.25469,34.82153],[-106.25547,34.82155],[-106.25575,34.82116],[-106.25639,34.82127],[-106.25649,34.82159],[-106.25675,34.8217],[-106.25776,34.82178],[-106.25914,34.82129],[-106.25989,34.82124],[-106.25964,34.822],[-106.25939,34.82224],[-106.25977,34.82274],[-106.26003,34.82248],[-106.26027,34.82171],[-106.26433,34.82212],[-106.26499,34.82161],[-106.26461,34.82131],[-106.26489,34.82097],[-106.26556,34.82074],[-106.26618,34.82015],[-106.26595,34.81989],[-106.26444,34.81975],[-106.26458,34.81957],[-106.26457,34.81907],[-106.26509,34.8188],[-106.265,34.81842],[-106.26435,34.81785],[-106.26361,34.81815],[-106.26302,34.81796],[-106.26429,34.81726],[-106.26501,34.81746],[-106.26521,34.81736],[-106.26538,34.81701],[-106.26514,34.81644],[-106.26482,34.8163],[-106.2641,34.81633],[-106.26397,34.81566],[-106.26286,34.81503],[-106.26106,34.81464],[-106.25974,34.8148],[-106.25958,34.81406],[-106.25859,34.81393],[-106.25824,34.81372],[-106.25791,34.81296],[-106.25716,34.81265],[-106.25593,34.81171],[-106.25508,34.81131],[-106.25496,34.81101],[-106.25447,34.81068],[-106.25302,34.80885],[-106.25235,34.80836],[-106.25171,34.8082],[-106.25156,34.80796],[-106.25217,34.80791],[-106.25225,34.80762],[-106.25095,34.80737],[-106.25045,34.80712],[-106.24977,34.80595],[-106.24975,34.80559],[-106.24927,34.80534],[-106.24891,34.80489],[-106.24905,34.80474],[-106.24949,34.80479],[-106.24999,34.80532],[-106.25132,34.80544],[-106.25205,34.80583],[-106.25303,34.80559],[-106.25367,34.80579],[-106.25445,34.80579],[-106.255,34.80554],[-106.25676,34.80583],[-106.25761,34.80659],[-106.2576,34.80745],[-106.25818,34.80787],[-106.25859,34.80765],[-106.25908,34.80767],[-106.25964,34.80824],[-106.25965,34.80846],[-106.26046,34.80914],[-106.26167,34.80908],[-106.26171,34.80931],[-106.26131,34.80951],[-106.26145,34.80972],[-106.2625,34.81028],[-106.26484,34.81207],[-106.26624,34.81282],[-106.26703,34.813],[-106.26849,34.81251],[-106.27063,34.81437],[-106.27168,34.81491],[-106.27439,34.81603],[-106.27547,34.81635],[-106.27613,34.81637],[-106.27711,34.81621],[-106.27719,34.81581],[-106.27684,34.81536],[-106.27507,34.81476],[-106.27362,34.81458],[-106.27355,34.81415],[-106.27262,34.81397],[-106.27122,34.81306],[-106.26977,34.81245],[-106.26953,34.81212],[-106.26943,34.8116],[-106.26984,34.81173],[-106.27005,34.81202],[-106.26995,34.81142],[-106.26963,34.811],[-106.26908,34.81081],[-106.27024,34.80954],[-106.27082,34.8092],[-106.27137,34.80911],[-106.27264,34.80937],[-106.27483,34.81037],[-106.27492,34.81082],[-106.27724,34.81151],[-106.27836,34.81234],[-106.27879,34.81231],[-106.27923,34.81118],[-106.27913,34.81004],[-106.27823,34.80955],[-106.27757,34.80831],[-106.2768,34.80739],[-106.27674,34.80701],[-106.27706,34.80693],[-106.27779,34.80743],[-106.27935,34.8077],[-106.28,34.80819],[-106.28038,34.80878],[-106.2802,34.81031],[-106.28031,34.81122],[-106.28068,34.81124],[-106.28088,34.81078],[-106.28067,34.81021],[-106.28069,34.80974],[-106.28094,34.8093],[-106.28251,34.80943],[-106.28243,34.80932],[-106.28276,34.80924],[-106.2832,34.80949],[-106.28398,34.80949],[-106.28502,34.80905],[-106.28556,34.80899],[-106.28624,34.80972],[-106.28659,34.80989],[-106.2885,34.80987],[-106.28998,34.80931],[-106.29015,34.80905],[-106.28977,34.80871],[-106.28849,34.80895],[-106.28814,34.80881],[-106.28724,34.80886],[-106.28677,34.80872],[-106.28654,34.80848],[-106.28668,34.80831],[-106.28596,34.80808],[-106.28595,34.80772],[-106.28654,34.80672],[-106.28628,34.80646],[-106.2852,34.80597],[-106.28448,34.806],[-106.2843,34.80569],[-106.28432,34.80533],[-106.28333,34.80467],[-106.28303,34.80425],[-106.2816,34.80324],[-106.2807,34.80308],[-106.28139,34.8018],[-106.28121,34.80121],[-106.28133,34.801],[-106.2795,34.8],[-106.27943,34.79908],[-106.2791,34.79893],[-106.27916,34.79871],[-106.27997,34.79886],[-106.28111,34.79953],[-106.2818,34.79925],[-106.28227,34.7996],[-106.28227,34.79994],[-106.28274,34.80051],[-106.28341,34.80093],[-106.28387,34.80042],[-106.28416,34.80037],[-106.28512,34.80103],[-106.28525,34.80184],[-106.28577,34.80167],[-106.28668,34.80235],[-106.28807,34.80248],[-106.28886,34.80302],[-106.28955,34.80296],[-106.2904,34.80364],[-106.29135,34.80373],[-106.29179,34.80406],[-106.29287,34.80422],[-106.29331,34.80483],[-106.29404,34.80506],[-106.29505,34.80498],[-106.29665,34.80601],[-106.2975,34.80631],[-106.29958,34.80791],[-106.30007,34.80798],[-106.29998,34.80775],[-106.30047,34.80786],[-106.30091,34.80823],[-106.30143,34.80835],[-106.30117,34.8078],[-106.30029,34.8074],[-106.30016,34.80652],[-106.29963,34.80605],[-106.29969,34.80567],[-106.29918,34.80496],[-106.29932,34.80474],[-106.2999,34.80457],[-106.3003,34.80459],[-106.30072,34.80492],[-106.29994,34.80347],[-106.29993,34.80311],[-106.29912,34.80276],[-106.29897,34.80246],[-106.29839,34.80208],[-106.29691,34.80186],[-106.29696,34.80159],[-106.29756,34.80133],[-106.29872,34.80122],[-106.30046,34.80149],[-106.30163,34.80217],[-106.30203,34.80214],[-106.30463,34.80359],[-106.30535,34.80368],[-106.30591,34.80417],[-106.30678,34.80438],[-106.30783,34.80513],[-106.30868,34.80543],[-106.30971,34.80643],[-106.30987,34.80686],[-106.31088,34.80748],[-106.31144,34.8075],[-106.31211,34.80793],[-106.31374,34.80822],[-106.3134,34.8086],[-106.31358,34.8088],[-106.31441,34.80899],[-106.31467,34.80953],[-106.31662,34.81017],[-106.31711,34.81062],[-106.3167,34.81103],[-106.3166,34.81134],[-106.31647,34.81189],[-106.31662,34.81243],[-106.31693,34.81248],[-106.31721,34.81219],[-106.31794,34.8123],[-106.31891,34.81209],[-106.31862,34.81149],[-106.31876,34.81132],[-106.32001,34.81139],[-106.32063,34.8115],[-106.32099,34.81184],[-106.322,34.81214],[-106.32235,34.81251],[-106.32343,34.81276],[-106.32368,34.81295],[-106.32375,34.81338],[-106.32417,34.81369],[-106.32452,34.81369],[-106.32511,34.8136],[-106.32569,34.81328],[-106.32611,34.81327],[-106.32652,34.81292],[-106.32607,34.81261],[-106.32547,34.81248],[-106.32537,34.81233],[-106.32547,34.81205],[-106.32693,34.81226],[-106.32767,34.813],[-106.32812,34.81316],[-106.32833,34.81305],[-106.32814,34.81228],[-106.32845,34.81207],[-106.32883,34.81207],[-106.32949,34.81157],[-106.3298,34.81157],[-106.3306,34.81176],[-106.33099,34.81224],[-106.33099,34.81253],[-106.33045,34.81311],[-106.33045,34.81328],[-106.33073,34.81339],[-106.33128,34.81324],[-106.33159,34.81292],[-106.33228,34.8128],[-106.33298,34.81294],[-106.33438,34.81593],[-106.33449,34.81641],[-106.33433,34.81707],[-106.33479,34.81773],[-106.33494,34.81861],[-106.33585,34.81895],[-106.33603,34.81929],[-106.33608,34.82003],[-106.33647,34.8204],[-106.3363,34.821],[-106.33641,34.8214],[-106.33697,34.82134],[-106.33741,34.82079],[-106.33824,34.82038],[-106.33785,34.81998],[-106.3378,34.81947],[-106.33829,34.81926],[-106.33894,34.8186],[-106.3389,34.81846],[-106.33931,34.81826],[-106.3395,34.81888],[-106.34008,34.8189],[-106.34106,34.81775],[-106.34126,34.81796],[-106.34155,34.81794],[-106.34164,34.81775],[-106.34138,34.81768],[-106.34182,34.81744],[-106.34211,34.81701],[-106.34272,34.81671],[-106.34345,34.81697],[-106.34472,34.81673],[-106.34846,34.81543],[-106.34926,34.81557],[-106.34981,34.81546],[-106.34985,34.81487],[-106.35051,34.8148],[-106.35071,34.81446],[-106.35133,34.81431],[-106.35217,34.81442],[-106.35268,34.81398],[-106.3535,34.81405],[-106.35336,34.81331],[-106.35373,34.81285],[-106.35444,34.81258],[-106.35553,34.81247],[-106.35618,34.81221],[-106.35624,34.81186],[-106.35761,34.81182],[-106.35824,34.81127],[-106.3591,34.81111],[-106.35936,34.81116],[-106.35921,34.81148],[-106.35942,34.81148],[-106.36023,34.81072],[-106.36059,34.81074],[-106.3607,34.81046],[-106.36131,34.81031],[-106.36145,34.81006],[-106.36207,34.81],[-106.36244,34.80979],[-106.36333,34.80993],[-106.36349,34.81032],[-106.36362,34.81007],[-106.36426,34.80986],[-106.36563,34.81003],[-106.36601,34.80982],[-106.36684,34.80977],[-106.36716,34.80995],[-106.36765,34.80988],[-106.36845,34.80935],[-106.3699,34.80918],[-106.37062,34.80937],[-106.37091,34.80919],[-106.37085,34.80905],[-106.36997,34.80835],[-106.36979,34.80786],[-106.36995,34.80714],[-106.37019,34.80683],[-106.37064,34.80685],[-106.37132,34.8081],[-106.3728,34.80897],[-106.37284,34.80929],[-106.37329,34.80936],[-106.37359,34.80905],[-106.374,34.80894],[-106.37511,34.80891],[-106.37735,34.80973],[-106.37736,34.81014],[-106.37774,34.81049],[-106.37755,34.81064],[-106.37761,34.81097],[-106.37741,34.81117],[-106.37785,34.81184],[-106.37753,34.81246],[-106.37727,34.81252],[-106.3773,34.81281],[-106.37702,34.81289],[-106.37764,34.81344],[-106.3777,34.8138],[-106.37575,34.81393],[-106.37534,34.81488],[-106.37501,34.81492],[-106.37432,34.81558],[-106.37431,34.81574],[-106.37359,34.81564],[-106.37298,34.81608],[-106.37052,34.81674],[-106.37069,34.8171],[-106.37035,34.81724],[-106.37047,34.81733],[-106.37023,34.81763],[-106.36929,34.81751],[-106.36883,34.81796],[-106.36824,34.8178],[-106.36791,34.81792],[-106.36791,34.81821],[-106.36763,34.81823],[-106.367,34.81871],[-106.36653,34.8193],[-106.3664,34.82029],[-106.36583,34.82024],[-106.36571,34.81963],[-106.3654,34.81962],[-106.36535,34.81919],[-106.36559,34.81882],[-106.36548,34.81851],[-106.36522,34.81838],[-106.36506,34.81882],[-106.36519,34.81982],[-106.3654,34.81996],[-106.3652,34.82025],[-106.36551,34.82054],[-106.36554,34.82077],[-106.3647,34.82174],[-106.3651,34.82213],[-106.36485,34.82209],[-106.3646,34.8224],[-106.36387,34.82261],[-106.36366,34.82289],[-106.36319,34.82301],[-106.36307,34.82284],[-106.3629,34.823],[-106.36224,34.82287],[-106.36206,34.82301],[-106.36137,34.82293],[-106.36076,34.82308],[-106.35988,34.82289],[-106.35963,34.82308],[-106.35933,34.82252],[-106.35903,34.8229],[-106.35855,34.82299],[-106.35842,34.82284],[-106.35812,34.82309],[-106.35441,34.82303],[-106.35438,34.82314],[-106.34964,34.82351],[-106.34836,34.82321],[-106.34797,34.8235],[-106.34726,34.8236],[-106.34715,34.82343],[-106.34755,34.82336],[-106.34742,34.82309],[-106.34757,34.82286],[-106.34808,34.82252],[-106.34885,34.82239],[-106.34856,34.82185],[-106.34806,34.82196],[-106.34796,34.82178],[-106.34754,34.8222],[-106.34656,34.82244],[-106.34618,34.82316],[-106.34573,34.82303],[-106.34507,34.82313],[-106.34478,34.82373],[-106.34457,34.82507],[-106.34413,34.82642],[-106.34414,34.82679],[-106.34439,34.82695],[-106.34433,34.8278],[-106.34402,34.8283],[-106.34292,34.8291],[-106.34238,34.82915],[-106.3422,34.8296],[-106.34289,34.82999],[-106.34288,34.83039],[-106.34249,34.83062],[-106.34236,34.83106],[-106.342,34.83127],[-106.34194,34.83175],[-106.34207,34.83209],[-106.34165,34.83217],[-106.34204,34.83274],[-106.34197,34.8333],[-106.34214,34.83364],[-106.34244,34.83383],[-106.34252,34.8344],[-106.34205,34.835],[-106.3415,34.83533],[-106.34132,34.83596],[-106.34153,34.83621],[-106.3437,34.83698],[-106.34368,34.83725],[-106.34253,34.83772],[-106.3421,34.8382],[-106.34249,34.83927],[-106.34245,34.83996],[-106.3413,34.84155],[-106.34165,34.84212],[-106.34224,34.84261],[-106.34201,34.84294],[-106.34105,34.84344],[-106.34085,34.844],[-106.34083,34.84444],[-106.34136,34.84541],[-106.34058,34.84566],[-106.3404,34.84614],[-106.34003,34.84634],[-106.33959,34.8464],[-106.33866,34.84586],[-106.33827,34.84601],[-106.33897,34.84646],[-106.33875,34.84694],[-106.33929,34.84753],[-106.33934,34.84801],[-106.33898,34.84843],[-106.33829,34.84889],[-106.33794,34.84896],[-106.33783,34.84913],[-106.33804,34.84939],[-106.33789,34.84957],[-106.33752,34.84965],[-106.33692,34.85026],[-106.33566,34.8506],[-106.33519,34.85057],[-106.33439,34.85102],[-106.33409,34.85106],[-106.33373,34.85059],[-106.3333,34.85065],[-106.33259,34.85133],[-106.33258,34.85218],[-106.33224,34.85249],[-106.33222,34.85272],[-106.33197,34.85301],[-106.33103,34.85348],[-106.33083,34.854],[-106.33034,34.85425],[-106.33,34.85475],[-106.33003,34.85521],[-106.32981,34.85553],[-106.32931,34.85598],[-106.32838,34.85605],[-106.32836,34.85631],[-106.32894,34.85646],[-106.32842,34.85671],[-106.32768,34.85678],[-106.32747,34.85677],[-106.32742,34.85657],[-106.3267,34.8569],[-106.32661,34.85702],[-106.32673,34.85711],[-106.32755,34.85756],[-106.32793,34.85815],[-106.32789,34.85853],[-106.32766,34.85863],[-106.32699,34.86018],[-106.32578,34.86103],[-106.32579,34.86172],[-106.32458,34.86324],[-106.32275,34.86311],[-106.32229,34.86314],[-106.32211,34.86329],[-106.32087,34.86296],[-106.32009,34.86297],[-106.31954,34.86322],[-106.31945,34.86349],[-106.31957,34.86368],[-106.32103,34.86401],[-106.32228,34.8652],[-106.32219,34.86568],[-106.32159,34.86599],[-106.32099,34.86603],[-106.32107,34.86628],[-106.32165,34.86658],[-106.32161,34.86723],[-106.32111,34.8676],[-106.3211,34.86815],[-106.32068,34.86836],[-106.32046,34.86885],[-106.32056,34.86917],[-106.32001,34.86971],[-106.32029,34.87014],[-106.31954,34.87069],[-106.31882,34.87077],[-106.31855,34.87123],[-106.31791,34.87133],[-106.31766,34.87206],[-106.3172,34.8722],[-106.31711,34.87243],[-106.31756,34.87263],[-106.31754,34.87294],[-106.31626,34.87437],[-106.31553,34.87485],[-106.31523,34.87487],[-106.31516,34.87512],[-106.31533,34.87548],[-106.31494,34.8757],[-106.31518,34.87606],[-106.315,34.87631],[-106.31413,34.87693],[-106.31295,34.87711],[-106.31281,34.87727],[-106.313,34.87749],[-106.31239,34.87859],[-106.31148,34.87913],[-106.31098,34.87926],[-106.31043,34.88042],[-106.30783,34.88161],[-106.30722,34.88265],[-106.30694,34.88357],[-106.30648,34.88398],[-106.30547,34.88439],[-106.30529,34.88475],[-106.30564,34.88504],[-106.30574,34.88534],[-106.30501,34.88644],[-106.30411,34.88669],[-106.30373,34.8875],[-106.30323,34.88802],[-106.30319,34.88833],[-106.30264,34.88847],[-106.30232,34.88816],[-106.30201,34.88853],[-106.30167,34.88862],[-106.30151,34.88948],[-106.30123,34.88983],[-106.30118,34.89072],[-106.30074,34.89121],[-106.30033,34.89204],[-106.29851,34.89352],[-106.29786,34.8937],[-106.29615,34.89378],[-106.29581,34.89401],[-106.29558,34.89453],[-106.29603,34.89681],[-106.29559,34.89745],[-106.2949,34.89797],[-106.2948,34.89837],[-106.29349,34.89876],[-106.29235,34.8994],[-106.2883,34.9005],[-106.28831,34.90082],[-106.28734,34.90111],[-106.28724,34.90146],[-106.28627,34.90144],[-106.28627,34.90175],[-106.28428,34.90321],[-106.28398,34.90375],[-106.28279,34.90382],[-106.28265,34.90342],[-106.28175,34.90375],[-106.28078,34.9037],[-106.28032,34.90345],[-106.27988,34.90408],[-106.27953,34.90412],[-106.27883,34.90392],[-106.27809,34.90324],[-106.27757,34.90325],[-106.27733,34.90308],[-106.27718,34.90242],[-106.2754,34.90213],[-106.27615,34.90306],[-106.27615,34.90326],[-106.27573,34.90332],[-106.27507,34.9031],[-106.27469,34.90331],[-106.27417,34.90323],[-106.27352,34.90212],[-106.27332,34.90206],[-106.27308,34.90238],[-106.2734,34.90283],[-106.27334,34.90344],[-106.27269,34.90424],[-106.27207,34.90437],[-106.27098,34.90398],[-106.27108,34.90366],[-106.27087,34.90326],[-106.27086,34.90266],[-106.27043,34.90221]]],[[[-106.26791,34.80853],[-106.26788,34.80796],[-106.26822,34.80798],[-106.26837,34.80817],[-106.26853,34.8075],[-106.26885,34.80716],[-106.26952,34.80782],[-106.26951,34.80868],[-106.26889,34.80993],[-106.26824,34.81072],[-106.26803,34.81025],[-106.26821,34.80903],[-106.26791,34.80853]]],[[[-106.27011,34.80689],[-106.27032,34.80674],[-106.27073,34.80719],[-106.27157,34.80761],[-106.27166,34.80792],[-106.27155,34.80828],[-106.27095,34.80864],[-106.27045,34.80777],[-106.27016,34.80765],[-106.27011,34.80689]]],[[[-106.32677,34.81089],[-106.32704,34.81063],[-106.32729,34.81082],[-106.32779,34.81179],[-106.32762,34.81197],[-106.32703,34.81194],[-106.32671,34.81169],[-106.32677,34.81089]]],[[[-106.26684,34.80676],[-106.26675,34.80642],[-106.26719,34.80649],[-106.26769,34.80696],[-106.26746,34.80708],[-106.26684,34.80676]]],[[[-106.33385,34.81313],[-106.33402,34.81296],[-106.3344,34.81298],[-106.33444,34.81338],[-106.33385,34.81341],[-106.33385,34.81313]]],[[[-106.27976,34.80135],[-106.28022,34.80143],[-106.28037,34.80172],[-106.27979,34.8016],[-106.27976,34.80135]]]]},"properties":{"incidentname":"Dog Head","perimeterdatetime":1466134740000,"gisacres":16751.87,"state":"NM"}},{"type":"Feature","geometry":{"type":"MultiPolygon","coordinates":[[[[-106.27043,34.90221],[-106.26971,34.90152],[-106.26926,34.90145],[-106.26951,34.90109],[-106.26994,34.90097],[-106.26978,34.9007],[-106.2687,34.90008],[-106.26801,34.90043],[-106.26759,34.90029],[-106.26751,34.89989],[-106.26724,34.89986],[-106.26734,34.90015],[-106.26704,34.90061],[-106.26672,34.90036],[-106.26647,34.90001],[-106.26682,34.89984],[-106.2674,34.89912],[-106.26708,34.89906],[-106.26636,34.89961],[-106.26584,34.89968],[-106.26563,34.89965],[-106.26539,34.89926],[-106.26497,34.89972],[-106.2645,34.89984],[-106.26378,34.89954],[-106.26256,34.89941],[-106.26213,34.89973],[-106.26035,34.89898],[-106.2591,34.89883],[-106.25919,34.89858],[-106.2595,34.89852],[-106.25947,34.8983],[-106.26008,34.89822],[-106.25978,34.89763],[-106.25865,34.89709],[-106.25812,34.89707],[-106.256,34.8964],[-106.25547,34.89567],[-106.2557,34.89545],[-106.25468,34.89539],[-106.25187,34.89358],[-106.2518,34.8928],[-106.25218,34.89255],[-106.25365,34.89232],[-106.25547,34.89233],[-106.25601,34.89297],[-106.25629,34.89294],[-106.25614,34.89261],[-106.2564,34.89244],[-106.2584,34.89208],[-106.25923,34.89148],[-106.25901,34.89098],[-106.25849,34.89084],[-106.25868,34.89055],[-106.2579,34.89016],[-106.25744,34.89016],[-106.25646,34.89058],[-106.25562,34.89054],[-106.25582,34.89025],[-106.25718,34.88993],[-106.25757,34.88949],[-106.25865,34.89001],[-106.25944,34.89007],[-106.26108,34.8897],[-106.26102,34.88951],[-106.25945,34.88931],[-106.25938,34.88901],[-106.25857,34.88864],[-106.25857,34.88818],[-106.25691,34.88776],[-106.25659,34.88752],[-106.25615,34.88753],[-106.25593,34.88789],[-106.25526,34.88778],[-106.25494,34.88744],[-106.25439,34.88759],[-106.25411,34.88816],[-106.25289,34.88876],[-106.25179,34.88969],[-106.25135,34.89044],[-106.2495,34.8922],[-106.24677,34.89299],[-106.24607,34.89283],[-106.24579,34.89307],[-106.24527,34.8932],[-106.24506,34.8927],[-106.24368,34.89154],[-106.24356,34.89131],[-106.24367,34.89116],[-106.24312,34.89076],[-106.24243,34.8911],[-106.2413,34.89121],[-106.23975,34.89037],[-106.23846,34.88933],[-106.23834,34.88905],[-106.23848,34.88883],[-106.2411,34.88935],[-106.24249,34.88941],[-106.24286,34.88917],[-106.24286,34.88886],[-106.24233,34.8885],[-106.24259,34.88841],[-106.24323,34.88857],[-106.24311,34.88823],[-106.24133,34.88756],[-106.24109,34.88723],[-106.24197,34.88607],[-106.24247,34.8864],[-106.24397,34.8857],[-106.24455,34.88576],[-106.24472,34.88595],[-106.24521,34.88556],[-106.24553,34.88559],[-106.24588,34.88599],[-106.24605,34.88577],[-106.24596,34.88537],[-106.24688,34.88476],[-106.24783,34.88454],[-106.2494,34.88476],[-106.24982,34.88406],[-106.25031,34.88399],[-106.2506,34.88377],[-106.25076,34.88319],[-106.25148,34.88273],[-106.25217,34.88268],[-106.25248,34.88282],[-106.25358,34.88249],[-106.25494,34.88244],[-106.25501,34.88265],[-106.25547,34.88283],[-106.25725,34.8831],[-106.25826,34.88302],[-106.25834,34.88281],[-106.25788,34.88267],[-106.25766,34.88191],[-106.25768,34.88152],[-106.25811,34.88066],[-106.25804,34.88045],[-106.25676,34.87984],[-106.25658,34.87913],[-106.25613,34.87863],[-106.25642,34.87832],[-106.2574,34.87788],[-106.25896,34.8781],[-106.25959,34.87754],[-106.26003,34.87759],[-106.25952,34.87852],[-106.26004,34.87873],[-106.26213,34.8785],[-106.26427,34.8789],[-106.26486,34.87911],[-106.26541,34.87961],[-106.2659,34.87943],[-106.26601,34.87893],[-106.26574,34.87822],[-106.26658,34.87821],[-106.26678,34.87792],[-106.26671,34.87749],[-106.26598,34.87688],[-106.26479,34.87658],[-106.26418,34.87673],[-106.26348,34.87626],[-106.26227,34.87628],[-106.26168,34.87609],[-106.26079,34.87626],[-106.2596,34.87591],[-106.25921,34.8753],[-106.25846,34.87497],[-106.25822,34.87464],[-106.25859,34.87452],[-106.25876,34.87394],[-106.2598,34.87388],[-106.26009,34.87379],[-106.26011,34.87355],[-106.26046,34.87359],[-106.26058,34.87388],[-106.26122,34.8742],[-106.26168,34.87481],[-106.26262,34.87482],[-106.26329,34.87519],[-106.26355,34.8749],[-106.26389,34.8749],[-106.26433,34.87523],[-106.26633,34.87547],[-106.2677,34.87584],[-106.26801,34.87507],[-106.2676,34.87336],[-106.26815,34.8733],[-106.26898,34.87418],[-106.26941,34.87403],[-106.26941,34.87385],[-106.2699,34.87395],[-106.27014,34.87428],[-106.27077,34.87385],[-106.27181,34.87417],[-106.27214,34.87453],[-106.27246,34.87459],[-106.27329,34.87418],[-106.27367,34.87437],[-106.27376,34.87458],[-106.27407,34.87412],[-106.27571,34.87356],[-106.27836,34.87413],[-106.27937,34.87412],[-106.28087,34.8737],[-106.28139,34.87393],[-106.28192,34.87457],[-106.2823,34.87466],[-106.28328,34.87427],[-106.28336,34.87405],[-106.28397,34.87397],[-106.28399,34.87366],[-106.28324,34.87331],[-106.28332,34.87286],[-106.28236,34.8728],[-106.28239,34.87258],[-106.28218,34.87239],[-106.28146,34.87242],[-106.28096,34.87221],[-106.2809,34.87174],[-106.28057,34.87138],[-106.27994,34.87141],[-106.27969,34.87082],[-106.27777,34.87163],[-106.27699,34.8718],[-106.27589,34.87177],[-106.27483,34.87099],[-106.27403,34.87114],[-106.27402,34.87093],[-106.27376,34.87076],[-106.27387,34.87017],[-106.27352,34.87005],[-106.27345,34.86976],[-106.27299,34.8696],[-106.27273,34.86987],[-106.27247,34.86966],[-106.27252,34.86932],[-106.272,34.8694],[-106.27119,34.86905],[-106.27035,34.8693],[-106.27017,34.86911],[-106.2696,34.86957],[-106.26922,34.8695],[-106.26864,34.86908],[-106.26818,34.86953],[-106.26674,34.86974],[-106.26666,34.86998],[-106.26605,34.87025],[-106.26594,34.87068],[-106.26618,34.87084],[-106.26643,34.8707],[-106.26678,34.87074],[-106.26676,34.87088],[-106.26627,34.87124],[-106.26572,34.87127],[-106.26458,34.87217],[-106.2634,34.87259],[-106.26312,34.87357],[-106.26187,34.87313],[-106.26163,34.87289],[-106.26259,34.87279],[-106.26243,34.87269],[-106.2629,34.87224],[-106.26262,34.87131],[-106.26165,34.8717],[-106.26103,34.87152],[-106.2597,34.87151],[-106.25859,34.87214],[-106.25856,34.87225],[-106.25926,34.87246],[-106.25935,34.87267],[-106.25854,34.87309],[-106.25646,34.87316],[-106.2564,34.87304],[-106.25697,34.87258],[-106.25795,34.87242],[-106.25799,34.87212],[-106.25754,34.8721],[-106.25751,34.8717],[-106.25828,34.87124],[-106.259,34.87108],[-106.25894,34.87066],[-106.25862,34.87047],[-106.25645,34.87056],[-106.25598,34.87038],[-106.25635,34.87013],[-106.256,34.86987],[-106.25469,34.86936],[-106.25492,34.86912],[-106.25584,34.86907],[-106.25584,34.86878],[-106.25555,34.86862],[-106.25537,34.86828],[-106.25553,34.86796],[-106.2551,34.86786],[-106.25504,34.86757],[-106.25623,34.86751],[-106.25512,34.86716],[-106.2547,34.86617],[-106.25522,34.86638],[-106.2554,34.86671],[-106.25595,34.86677],[-106.25629,34.86601],[-106.25757,34.86638],[-106.25884,34.86593],[-106.25892,34.86565],[-106.26042,34.86565],[-106.2608,34.86551],[-106.26082,34.86486],[-106.26001,34.8648],[-106.26,34.86458],[-106.26133,34.86452],[-106.26297,34.86343],[-106.2635,34.86245],[-106.26318,34.86207],[-106.26251,34.86208],[-106.26122,34.8625],[-106.26041,34.86258],[-106.25986,34.86246],[-106.25968,34.86239],[-106.25987,34.86216],[-106.25965,34.86175],[-106.25938,34.8617],[-106.25949,34.86127],[-106.26006,34.8611],[-106.26048,34.86143],[-106.26045,34.862],[-106.2606,34.86224],[-106.26098,34.86209],[-106.26141,34.8614],[-106.26143,34.86094],[-106.26179,34.86081],[-106.26209,34.86043],[-106.26249,34.86048],[-106.26264,34.86076],[-106.26299,34.8609],[-106.26405,34.86034],[-106.26616,34.86011],[-106.26688,34.85989],[-106.26734,34.85959],[-106.26747,34.859],[-106.26738,34.85862],[-106.2666,34.85858],[-106.26617,34.85906],[-106.26326,34.8599],[-106.26231,34.85978],[-106.26146,34.85931],[-106.259,34.8599],[-106.25816,34.85964],[-106.25801,34.8594],[-106.25826,34.85873],[-106.25762,34.8581],[-106.25678,34.85815],[-106.25567,34.8579],[-106.25538,34.85743],[-106.25462,34.85696],[-106.25418,34.85687],[-106.25384,34.85699],[-106.25349,34.85685],[-106.2534,34.85657],[-106.25411,34.8562],[-106.25378,34.856],[-106.2532,34.85631],[-106.25227,34.85631],[-106.25184,34.85608],[-106.2508,34.85608],[-106.25002,34.85578],[-106.2497,34.85548],[-106.2494,34.85598],[-106.24863,34.85654],[-106.24663,34.85707],[-106.24574,34.857],[-106.24513,34.85667],[-106.24494,34.85643],[-106.24507,34.85629],[-106.24499,34.8561],[-106.24386,34.8559],[-106.24176,34.85595],[-106.24194,34.85548],[-106.24138,34.85533],[-106.24106,34.85476],[-106.24002,34.85449],[-106.23843,34.85338],[-106.23855,34.85293],[-106.24131,34.8517],[-106.24168,34.85067],[-106.24263,34.85066],[-106.243,34.85045],[-106.24367,34.85094],[-106.24491,34.85107],[-106.24506,34.8509],[-106.245,34.85072],[-106.24518,34.85068],[-106.24644,34.85137],[-106.24659,34.85181],[-106.24698,34.8521],[-106.24834,34.85254],[-106.24831,34.85306],[-106.24871,34.85344],[-106.24862,34.85375],[-106.24932,34.85478],[-106.24951,34.85478],[-106.24897,34.85341],[-106.24909,34.85263],[-106.25019,34.85219],[-106.25051,34.85226],[-106.25088,34.85264],[-106.25106,34.85226],[-106.2521,34.85228],[-106.25223,34.85212],[-106.25217,34.85183],[-106.25045,34.85118],[-106.25039,34.85075],[-106.25009,34.85056],[-106.24935,34.85058],[-106.24882,34.85039],[-106.24872,34.8505],[-106.2487,34.85003],[-106.24806,34.84994],[-106.2475,34.84966],[-106.24667,34.848],[-106.24672,34.84769],[-106.24689,34.8473],[-106.24737,34.84713],[-106.24754,34.84689],[-106.2479,34.84703],[-106.24862,34.84685],[-106.24883,34.84657],[-106.2493,34.84679],[-106.25076,34.84669],[-106.25087,34.84716],[-106.2521,34.84744],[-106.25402,34.84776],[-106.25485,34.84763],[-106.2559,34.84819],[-106.25614,34.84847],[-106.25708,34.84825],[-106.25756,34.84872],[-106.25819,34.84843],[-106.25836,34.848],[-106.25865,34.84799],[-106.25886,34.84845],[-106.25924,34.84863],[-106.25939,34.84937],[-106.25989,34.84941],[-106.26099,34.84985],[-106.26085,34.85019],[-106.26051,34.85043],[-106.26046,34.85079],[-106.26087,34.85117],[-106.26174,34.85128],[-106.26215,34.85185],[-106.26225,34.85232],[-106.26254,34.85258],[-106.2637,34.85267],[-106.2643,34.85235],[-106.26433,34.85204],[-106.26336,34.85152],[-106.26318,34.85088],[-106.26251,34.85032],[-106.26296,34.84967],[-106.26304,34.84926],[-106.26268,34.84874],[-106.26146,34.8482],[-106.26125,34.84773],[-106.26023,34.84724],[-106.25996,34.84633],[-106.25952,34.84622],[-106.25884,34.84549],[-106.25921,34.84493],[-106.2614,34.84448],[-106.26208,34.84491],[-106.26399,34.8451],[-106.26443,34.84533],[-106.26466,34.84578],[-106.26516,34.84611],[-106.26583,34.84604],[-106.26593,34.84539],[-106.26586,34.84463],[-106.26469,34.84385],[-106.26437,34.84328],[-106.26375,34.843],[-106.26323,34.84282],[-106.26181,34.8429],[-106.25853,34.84237],[-106.25864,34.84196],[-106.25733,34.84123],[-106.2568,34.84076],[-106.25683,34.84057],[-106.25793,34.84053],[-106.25846,34.84096],[-106.25904,34.84107],[-106.25934,34.84026],[-106.25878,34.83926],[-106.25852,34.83929],[-106.25829,34.83981],[-106.25807,34.83988],[-106.25793,34.84015],[-106.25712,34.84005],[-106.25663,34.83974],[-106.25632,34.8398],[-106.25557,34.83955],[-106.2544,34.84048],[-106.25385,34.84062],[-106.25281,34.84052],[-106.25217,34.84026],[-106.25205,34.83993],[-106.25169,34.83967],[-106.25106,34.83953],[-106.25128,34.83922],[-106.25203,34.83912],[-106.25185,34.83883],[-106.25208,34.83859],[-106.25332,34.83789],[-106.2534,34.83753],[-106.25403,34.83704],[-106.25333,34.83691],[-106.25238,34.8372],[-106.25171,34.83664],[-106.25139,34.83652],[-106.25066,34.83667],[-106.25032,34.83658],[-106.25014,34.83622],[-106.24973,34.83613],[-106.24875,34.83631],[-106.24666,34.83612],[-106.24659,34.83582],[-106.24611,34.83549],[-106.2459,34.83568],[-106.24505,34.83569],[-106.24432,34.83516],[-106.24098,34.83448],[-106.24025,34.83417],[-106.24008,34.83398],[-106.24008,34.83363],[-106.23986,34.8337],[-106.23908,34.83484],[-106.23793,34.83517],[-106.2376,34.83549],[-106.23708,34.83542],[-106.23752,34.83506],[-106.23632,34.83486],[-106.23635,34.83466],[-106.23811,34.83442],[-106.23849,34.83418],[-106.23647,34.83425],[-106.23655,34.83407],[-106.2386,34.83394],[-106.23878,34.83388],[-106.23876,34.83368],[-106.23848,34.83334],[-106.23803,34.83327],[-106.23768,34.83302],[-106.23816,34.83269],[-106.23798,34.83233],[-106.23818,34.83197],[-106.23781,34.83173],[-106.237,34.83192],[-106.23638,34.83161],[-106.2362,34.83202],[-106.23639,34.83251],[-106.2363,34.83265],[-106.23595,34.83273],[-106.23538,34.83255],[-106.23541,34.83215],[-106.23574,34.83191],[-106.2351,34.83165],[-106.2351,34.83144],[-106.23561,34.83122],[-106.23786,34.83124],[-106.23823,34.83147],[-106.23878,34.83123],[-106.24026,34.83102],[-106.24252,34.83123],[-106.24296,34.83106],[-106.24277,34.83052],[-106.24327,34.83033],[-106.24421,34.83045],[-106.24625,34.83013],[-106.24701,34.83032],[-106.24809,34.83109],[-106.24864,34.8308],[-106.24875,34.83037],[-106.24946,34.83003],[-106.24954,34.82901],[-106.25002,34.82883],[-106.25103,34.82896],[-106.25447,34.82988],[-106.25586,34.82994],[-106.25594,34.8298],[-106.25536,34.82937],[-106.25426,34.82945],[-106.25367,34.8287],[-106.25351,34.82794],[-106.25227,34.82776],[-106.25178,34.82798],[-106.25022,34.82812],[-106.25027,34.82778],[-106.24954,34.82755],[-106.24992,34.8274],[-106.25064,34.82765],[-106.25151,34.82731],[-106.25217,34.82728],[-106.2522,34.82702],[-106.25175,34.82647],[-106.25207,34.82602],[-106.25341,34.82667],[-106.25444,34.82607],[-106.25525,34.8261],[-106.25572,34.82634],[-106.25577,34.82619],[-106.25525,34.82599],[-106.25556,34.82554],[-106.25591,34.82542],[-106.25667,34.82614],[-106.25684,34.82609],[-106.25684,34.82575],[-106.25761,34.82544],[-106.25804,34.82507],[-106.25859,34.825],[-106.25865,34.82521],[-106.25842,34.8254],[-106.25909,34.82554],[-106.26068,34.82509],[-106.26103,34.82471],[-106.26127,34.82493],[-106.26272,34.82457],[-106.26292,34.82436],[-106.26291,34.82395],[-106.26248,34.82391],[-106.26179,34.8242],[-106.2595,34.82413],[-106.25565,34.82433],[-106.25547,34.82422],[-106.25556,34.82404],[-106.25542,34.82391],[-106.25564,34.82352],[-106.25558,34.82321],[-106.2552,34.82312],[-106.25492,34.82348],[-106.25446,34.82356],[-106.25416,34.82323],[-106.25433,34.82261],[-106.25386,34.82216],[-106.25423,34.82204],[-106.25432,34.82172],[-106.2547,34.8214],[-106.2557,34.82132],[-106.25575,34.82116],[-106.25639,34.82127],[-106.25649,34.82159],[-106.25675,34.8217],[-106.25708,34.8217],[-106.25727,34.8214],[-106.25768,34.82131],[-106.25836,34.82154],[-106.25989,34.82124],[-106.25964,34.822],[-106.25939,34.82224],[-106.25977,34.82274],[-106.26003,34.82248],[-106.26027,34.82171],[-106.26433,34.82212],[-106.26499,34.82161],[-106.26461,34.82131],[-106.26489,34.82097],[-106.26556,34.82074],[-106.26618,34.82015],[-106.26595,34.81989],[-106.26444,34.81975],[-106.26458,34.81957],[-106.26457,34.81907],[-106.26509,34.8188],[-106.265,34.81842],[-106.26435,34.81785],[-106.26361,34.81815],[-106.26302,34.81796],[-106.26429,34.81726],[-106.26501,34.81746],[-106.26521,34.81736],[-106.26538,34.81701],[-106.26514,34.81644],[-106.26482,34.8163],[-106.2641,34.81633],[-106.26397,34.81566],[-106.26286,34.81503],[-106.26106,34.81464],[-106.25974,34.8148],[-106.25958,34.81406],[-106.25859,34.81393],[-106.25824,34.81372],[-106.25791,34.81296],[-106.25716,34.81265],[-106.25593,34.81171],[-106.25508,34.81131],[-106.25496,34.81101],[-106.25447,34.81068],[-106.25302,34.80885],[-106.25235,34.80836],[-106.25171,34.8082],[-106.25156,34.80796],[-106.25217,34.80791],[-106.25225,34.80762],[-106.251,34.80738],[-106.25029,34.80744],[-106.24923,34.80697],[-106.24814,34.80717],[-106.24566,34.8068],[-106.24542,34.80666],[-106.24538,34.80642],[-106.24587,34.80625],[-106.24596,34.80607],[-106.24573,34.80563],[-106.24333,34.80497],[-106.24302,34.80462],[-106.24313,34.80449],[-106.24409,34.80464],[-106.24475,34.80505],[-106.246,34.80462],[-106.2463,34.80477],[-106.24657,34.80519],[-106.24691,34.80511],[-106.24724,34.80465],[-106.2488,34.80573],[-106.24952,34.80573],[-106.24973,34.80558],[-106.24909,34.80513],[-106.24891,34.80489],[-106.24905,34.80474],[-106.24949,34.80479],[-106.24979,34.80516],[-106.25132,34.80544],[-106.25205,34.80583],[-106.25303,34.80559],[-106.25374,34.80579],[-106.25346,34.80545],[-106.25261,34.80531],[-106.25259,34.80462],[-106.25193,34.8046],[-106.25146,34.80434],[-106.25173,34.80376],[-106.25226,34.8036],[-106.25223,34.80332],[-106.25245,34.80316],[-106.25313,34.80316],[-106.25337,34.80345],[-106.25382,34.80336],[-106.25404,34.80376],[-106.25434,34.80391],[-106.25527,34.80385],[-106.25579,34.80417],[-106.2561,34.80505],[-106.25595,34.8052],[-106.25443,34.80532],[-106.25414,34.80579],[-106.255,34.80554],[-106.25676,34.80583],[-106.25761,34.80659],[-106.2576,34.80745],[-106.25818,34.80787],[-106.25859,34.80765],[-106.25908,34.80767],[-106.25964,34.80824],[-106.25965,34.80846],[-106.26046,34.80914],[-106.26167,34.80908],[-106.26171,34.80931],[-106.26131,34.80951],[-106.26145,34.80972],[-106.2625,34.81028],[-106.26484,34.81207],[-106.26563,34.81215],[-106.26673,34.8129],[-106.26738,34.81299],[-106.26842,34.81269],[-106.26879,34.81234],[-106.26919,34.81121],[-106.26914,34.81074],[-106.27024,34.80954],[-106.27082,34.8092],[-106.27137,34.80911],[-106.27264,34.80937],[-106.27483,34.81037],[-106.27492,34.81082],[-106.27544,34.81108],[-106.2766,34.81126],[-106.27724,34.81151],[-106.27836,34.81234],[-106.27879,34.81231],[-106.27923,34.81118],[-106.27913,34.81004],[-106.27823,34.80955],[-106.27778,34.80888],[-106.27757,34.80831],[-106.2768,34.80739],[-106.27674,34.80701],[-106.27706,34.80693],[-106.27779,34.80743],[-106.27935,34.8077],[-106.28,34.80819],[-106.28038,34.80878],[-106.2802,34.81031],[-106.28031,34.81122],[-106.28068,34.81124],[-106.28088,34.81078],[-106.28067,34.81021],[-106.28069,34.80974],[-106.28094,34.8093],[-106.28251,34.80943],[-106.28243,34.80932],[-106.28276,34.80924],[-106.2832,34.80949],[-106.28398,34.80949],[-106.28502,34.80905],[-106.28556,34.80899],[-106.28624,34.80972],[-106.28659,34.80989],[-106.2885,34.80987],[-106.28998,34.80931],[-106.29015,34.80905],[-106.28977,34.80871],[-106.28849,34.80895],[-106.28677,34.80872],[-106.28654,34.80848],[-106.28668,34.80831],[-106.28596,34.80808],[-106.28595,34.80772],[-106.28654,34.80672],[-106.28628,34.80646],[-106.2852,34.80597],[-106.28448,34.806],[-106.2843,34.80569],[-106.28432,34.80533],[-106.28333,34.80467],[-106.28303,34.80425],[-106.2816,34.80324],[-106.2807,34.80308],[-106.28139,34.8018],[-106.28121,34.80121],[-106.28133,34.801],[-106.2795,34.8],[-106.27902,34.79932],[-106.27916,34.79871],[-106.27997,34.79886],[-106.28111,34.79953],[-106.2818,34.79925],[-106.28227,34.7996],[-106.28227,34.79994],[-106.28274,34.80051],[-106.28341,34.80093],[-106.28387,34.80042],[-106.28416,34.80037],[-106.28512,34.80103],[-106.28525,34.80184],[-106.28577,34.80167],[-106.28668,34.80235],[-106.28779,34.80248],[-106.28864,34.80194],[-106.29004,34.80141],[-106.2902,34.80101],[-106.29055,34.80106],[-106.29058,34.80175],[-106.2913,34.80192],[-106.29133,34.8024],[-106.29158,34.80243],[-106.29183,34.80216],[-106.2922,34.80206],[-106.29285,34.80215],[-106.29332,34.80253],[-106.29413,34.80269],[-106.29417,34.80231],[-106.29271,34.80168],[-106.29298,34.8014],[-106.29337,34.80142],[-106.29468,34.80204],[-106.29582,34.80225],[-106.29647,34.80295],[-106.299,34.80443],[-106.29925,34.80486],[-106.29944,34.80471],[-106.29934,34.80445],[-106.29964,34.80465],[-106.3003,34.80459],[-106.30072,34.80492],[-106.29994,34.80347],[-106.29993,34.80311],[-106.29912,34.80276],[-106.29897,34.80246],[-106.29839,34.80208],[-106.29691,34.80186],[-106.29696,34.80159],[-106.29756,34.80133],[-106.29872,34.80122],[-106.30046,34.80149],[-106.30163,34.80217],[-106.3024,34.80224],[-106.3031,34.80205],[-106.3038,34.80318],[-106.30463,34.80359],[-106.30535,34.80368],[-106.30591,34.80417],[-106.30646,34.80421],[-106.30757,34.80482],[-106.30783,34.80513],[-106.3085,34.80521],[-106.30971,34.80643],[-106.31039,34.80635],[-106.31074,34.80651],[-106.31078,34.80685],[-106.31041,34.80717],[-106.31088,34.80748],[-106.31144,34.8075],[-106.31211,34.80793],[-106.31374,34.80822],[-106.31366,34.80841],[-106.31398,34.8085],[-106.31408,34.80885],[-106.31449,34.80915],[-106.31606,34.80921],[-106.31655,34.80951],[-106.31728,34.81033],[-106.3167,34.81103],[-106.31647,34.81189],[-106.31662,34.81243],[-106.31693,34.81248],[-106.31716,34.8121],[-106.31759,34.8123],[-106.31891,34.81209],[-106.31862,34.81149],[-106.31876,34.81132],[-106.32001,34.81139],[-106.32063,34.8115],[-106.32099,34.81184],[-106.322,34.81214],[-106.32235,34.81251],[-106.32343,34.81276],[-106.32368,34.81295],[-106.32375,34.81338],[-106.32417,34.81369],[-106.32487,34.81366],[-106.32569,34.81328],[-106.32611,34.81327],[-106.32652,34.81292],[-106.32607,34.81261],[-106.32547,34.81248],[-106.32537,34.81233],[-106.32547,34.81205],[-106.32693,34.81226],[-106.32767,34.813],[-106.32812,34.81316],[-106.32833,34.81305],[-106.32814,34.81228],[-106.32845,34.81207],[-106.32882,34.81207],[-106.32867,34.81151],[-106.32878,34.81128],[-106.32927,34.811],[-106.32988,34.8109],[-106.33061,34.81149],[-106.3307,34.81189],[-106.33099,34.81224],[-106.33099,34.81253],[-106.33045,34.81311],[-106.33045,34.81328],[-106.33073,34.81339],[-106.33128,34.81324],[-106.33159,34.81292],[-106.33228,34.8128],[-106.33298,34.81294],[-106.33341,34.81362],[-106.33438,34.81593],[-106.33449,34.81641],[-106.33433,34.81707],[-106.33479,34.81773],[-106.33494,34.81861],[-106.33585,34.81895],[-106.33603,34.81929],[-106.33608,34.82003],[-106.33647,34.8204],[-106.3363,34.821],[-106.33641,34.8214],[-106.33697,34.82134],[-106.33741,34.82079],[-106.33824,34.82038],[-106.33785,34.81998],[-106.3378,34.81947],[-106.33829,34.81926],[-106.33894,34.8186],[-106.3389,34.81846],[-106.33931,34.81826],[-106.3395,34.81888],[-106.34008,34.8189],[-106.34106,34.81775],[-106.34126,34.81796],[-106.34155,34.81794],[-106.34164,34.81775],[-106.34138,34.81768],[-106.34182,34.81744],[-106.34211,34.81701],[-106.34272,34.81671],[-106.34345,34.81697],[-106.34472,34.81673],[-106.34846,34.81543],[-106.34926,34.81557],[-106.34981,34.81546],[-106.34985,34.81487],[-106.35051,34.8148],[-106.35071,34.81446],[-106.35133,34.81431],[-106.35217,34.81442],[-106.35268,34.81398],[-106.3535,34.81405],[-106.35336,34.81331],[-106.35373,34.81285],[-106.35444,34.81258],[-106.35553,34.81247],[-106.35618,34.81221],[-106.35624,34.81186],[-106.35761,34.81182],[-106.35824,34.81127],[-106.3591,34.81111],[-106.35936,34.81116],[-106.35921,34.81148],[-106.35942,34.81148],[-106.36023,34.81072],[-106.36059,34.81074],[-106.3607,34.81046],[-106.36131,34.81031],[-106.36145,34.81006],[-106.36207,34.81],[-106.36244,34.80979],[-106.36333,34.80993],[-106.36349,34.81032],[-106.36362,34.81007],[-106.36426,34.80986],[-106.36563,34.81003],[-106.36601,34.80982],[-106.36684,34.80977],[-106.36716,34.80995],[-106.36765,34.80988],[-106.36845,34.80935],[-106.3699,34.80918],[-106.37062,34.80937],[-106.37091,34.80919],[-106.37085,34.80905],[-106.36997,34.80835],[-106.36979,34.80786],[-106.36995,34.80714],[-106.37019,34.80683],[-106.37064,34.80685],[-106.37132,34.8081],[-106.3728,34.80897],[-106.37284,34.80929],[-106.37329,34.80936],[-106.37359,34.80905],[-106.374,34.80894],[-106.37511,34.80891],[-106.37735,34.80973],[-106.37736,34.81014],[-106.37774,34.81049],[-106.37755,34.81064],[-106.37761,34.81097],[-106.37741,34.81117],[-106.37785,34.81184],[-106.37753,34.81246],[-106.37727,34.81252],[-106.3773,34.81281],[-106.37702,34.81289],[-106.37764,34.81344],[-106.3777,34.8138],[-106.37575,34.81393],[-106.37534,34.81488],[-106.37501,34.81492],[-106.37432,34.81558],[-106.37431,34.81574],[-106.37359,34.81564],[-106.37298,34.81608],[-106.37052,34.81674],[-106.37059,34.81749],[-106.37018,34.81791],[-106.36879,34.81794],[-106.36852,34.81821],[-106.36786,34.81843],[-106.36746,34.81871],[-106.36704,34.81931],[-106.36636,34.82059],[-106.36574,34.82108],[-106.3653,34.82211],[-106.36474,34.82255],[-106.36387,34.82261],[-106.36374,34.82284],[-106.36332,34.82301],[-106.36297,34.82283],[-106.3629,34.823],[-106.36224,34.82287],[-106.36206,34.82301],[-106.36137,34.82293],[-106.36099,34.82308],[-106.35988,34.82289],[-106.3597,34.82308],[-106.35441,34.82303],[-106.35438,34.82314],[-106.34964,34.82351],[-106.34836,34.82321],[-106.34797,34.8235],[-106.34726,34.8236],[-106.34715,34.82343],[-106.34755,34.82336],[-106.34748,34.82296],[-106.34801,34.82256],[-106.3473,34.82227],[-106.34699,34.82246],[-106.34656,34.82244],[-106.34618,34.82316],[-106.34549,34.82303],[-106.34497,34.82336],[-106.34422,34.82616],[-106.34536,34.82642],[-106.34546,34.82685],[-106.34619,34.82674],[-106.34648,34.82719],[-106.34652,34.82809],[-106.34601,34.82843],[-106.34499,34.82809],[-106.34471,34.82707],[-106.34459,34.82684],[-106.34435,34.82687],[-106.34433,34.8278],[-106.34414,34.82812],[-106.3445,34.82859],[-106.34503,34.82891],[-106.34497,34.8297],[-106.34526,34.82995],[-106.34489,34.8314],[-106.34409,34.83207],[-106.34338,34.83219],[-106.34292,34.83172],[-106.34323,34.83091],[-106.34314,34.83054],[-106.3429,34.83043],[-106.342,34.83127],[-106.34194,34.83175],[-106.34207,34.83209],[-106.34165,34.83217],[-106.34204,34.83274],[-106.34201,34.83291],[-106.34273,34.83321],[-106.34282,34.83342],[-106.34264,34.83364],[-106.34308,34.83411],[-106.34252,34.83414],[-106.34252,34.8344],[-106.34205,34.835],[-106.3415,34.83533],[-106.34132,34.83596],[-106.34153,34.83621],[-106.34318,34.8367],[-106.34341,34.83651],[-106.34375,34.83656],[-106.3437,34.83748],[-106.34315,34.8378],[-106.34271,34.83835],[-106.3421,34.83829],[-106.34276,34.84052],[-106.34199,34.84057],[-106.3413,34.84155],[-106.34165,34.84212],[-106.34224,34.84261],[-106.34196,34.84324],[-106.34152,34.84333],[-106.34131,34.84418],[-106.34083,34.84444],[-106.34097,34.84466],[-106.34136,34.84474],[-106.34116,34.84492],[-106.34124,34.84513],[-106.3417,34.84525],[-106.34202,34.84554],[-106.34164,34.8462],[-106.34096,34.8464],[-106.34077,34.84728],[-106.34087,34.84779],[-106.34068,34.84838],[-106.33945,34.84964],[-106.33931,34.85109],[-106.33873,34.8518],[-106.33845,34.85272],[-106.33764,34.85328],[-106.33609,34.85347],[-106.33425,34.85321],[-106.33264,34.85413],[-106.33206,34.85394],[-106.33207,34.85367],[-106.33181,34.854],[-106.33061,34.85434],[-106.33118,34.8545],[-106.33132,34.85526],[-106.33081,34.85554],[-106.33089,34.8558],[-106.33074,34.85609],[-106.3301,34.85662],[-106.32835,34.85736],[-106.32792,34.85844],[-106.32758,34.85879],[-106.32719,34.86014],[-106.32643,34.86086],[-106.32578,34.8612],[-106.32579,34.86172],[-106.32458,34.86324],[-106.32275,34.86311],[-106.32229,34.86314],[-106.32211,34.86329],[-106.32087,34.86296],[-106.32009,34.86297],[-106.31954,34.86322],[-106.31945,34.86349],[-106.31957,34.86368],[-106.32103,34.86401],[-106.32228,34.8652],[-106.32219,34.86568],[-106.32143,34.86633],[-106.32143,34.86649],[-106.32165,34.86658],[-106.32161,34.86723],[-106.32111,34.8676],[-106.3211,34.86815],[-106.32068,34.86836],[-106.32069,34.86913],[-106.32019,34.86996],[-106.32029,34.87014],[-106.31935,34.87107],[-106.3188,34.87128],[-106.31843,34.87123],[-106.31815,34.87146],[-106.31805,34.87232],[-106.31826,34.87257],[-106.31832,34.8731],[-106.31758,34.87336],[-106.31738,34.8741],[-106.31715,34.8742],[-106.3165,34.87407],[-106.31553,34.87485],[-106.31523,34.87487],[-106.31523,34.87523],[-106.31579,34.87567],[-106.31563,34.87624],[-106.31534,34.87663],[-106.31541,34.87686],[-106.31507,34.87732],[-106.31408,34.87769],[-106.31329,34.87905],[-106.3131,34.88011],[-106.31267,34.88063],[-106.31238,34.88141],[-106.31132,34.88169],[-106.30971,34.88245],[-106.30823,34.88272],[-106.30735,34.88389],[-106.30672,34.88377],[-106.30547,34.88439],[-106.30529,34.88475],[-106.30564,34.88504],[-106.30565,34.88561],[-106.30501,34.88644],[-106.30471,34.88657],[-106.30475,34.88678],[-106.30355,34.88853],[-106.3021,34.88914],[-106.30165,34.88966],[-106.30118,34.89048],[-106.30112,34.89104],[-106.3008,34.89173],[-106.29978,34.89311],[-106.29902,34.89348],[-106.29615,34.89378],[-106.29581,34.89401],[-106.29558,34.89453],[-106.29603,34.89681],[-106.29559,34.89745],[-106.2949,34.89797],[-106.2948,34.89837],[-106.29452,34.89857],[-106.29401,34.89855],[-106.29349,34.89876],[-106.29235,34.8994],[-106.2883,34.9005],[-106.28831,34.90082],[-106.28734,34.90111],[-106.28724,34.90146],[-106.28627,34.90144],[-106.28627,34.90175],[-106.28428,34.90321],[-106.28398,34.90375],[-106.28279,34.90382],[-106.28265,34.90342],[-106.28175,34.90375],[-106.28078,34.9037],[-106.28032,34.90345],[-106.27988,34.90408],[-106.27953,34.90412],[-106.27852,34.90378],[-106.27809,34.90324],[-106.277,34.90309],[-106.27729,34.90269],[-106.27718,34.90242],[-106.2754,34.90213],[-106.27615,34.90306],[-106.27615,34.90326],[-106.27573,34.90332],[-106.27507,34.9031],[-106.27469,34.90331],[-106.27417,34.90323],[-106.27352,34.90212],[-106.27332,34.90206],[-106.27308,34.90238],[-106.2734,34.90283],[-106.27334,34.90344],[-106.27269,34.90424],[-106.27207,34.90437],[-106.27098,34.90398],[-106.27108,34.90366],[-106.27087,34.90326],[-106.27086,34.90266],[-106.27043,34.90221]]],[[[-106.24148,34.82972],[-106.24101,34.82932],[-106.24075,34.82932],[-106.24,34.82989],[-106.23963,34.82993],[-106.23809,34.8295],[-106.23467,34.82933],[-106.23346,34.82909],[-106.23211,34.82853],[-106.23143,34.82803],[-106.23098,34.82725],[-106.22984,34.82732],[-106.22811,34.82598],[-106.22772,34.82595],[-106.22681,34.82534],[-106.22548,34.82477],[-106.22529,34.82444],[-106.2254,34.82398],[-106.22691,34.82311],[-106.22784,34.82306],[-106.22997,34.82338],[-106.23156,34.82306],[-106.23317,34.82341],[-106.23645,34.82473],[-106.23688,34.82549],[-106.23772,34.82605],[-106.23957,34.82632],[-106.24004,34.82685],[-106.24088,34.82703],[-106.24152,34.82771],[-106.24265,34.82805],[-106.24376,34.82899],[-106.24376,34.82954],[-106.24361,34.82973],[-106.24242,34.82961],[-106.24234,34.82992],[-106.24192,34.83],[-106.24148,34.82972]]],[[[-106.26791,34.80853],[-106.26788,34.80796],[-106.26822,34.80798],[-106.26837,34.80817],[-106.26869,34.80734],[-106.26811,34.80657],[-106.26723,34.80599],[-106.26706,34.80571],[-106.26732,34.8053],[-106.26799,34.80488],[-106.2682,34.80492],[-106.26819,34.80512],[-106.26797,34.80524],[-106.26788,34.80558],[-106.26853,34.80618],[-106.26901,34.80628],[-106.26901,34.8069],[-106.2697,34.80752],[-106.26951,34.80868],[-106.26911,34.80942],[-106.26915,34.80985],[-106.26879,34.81008],[-106.26841,34.81065],[-106.26824,34.81072],[-106.26809,34.81054],[-106.26821,34.80903],[-106.26791,34.80853]]],[[[-106.27011,34.80689],[-106.27032,34.80674],[-106.27073,34.80719],[-106.27157,34.80761],[-106.27166,34.80792],[-106.27155,34.80828],[-106.27095,34.80864],[-106.27045,34.80777],[-106.27016,34.80765],[-106.27011,34.80689]]],[[[-106.32677,34.81089],[-106.32704,34.81063],[-106.32729,34.81082],[-106.32779,34.81179],[-106.32762,34.81197],[-106.32703,34.81194],[-106.32671,34.81169],[-106.32677,34.81089]]],[[[-106.26684,34.80676],[-106.26675,34.80642],[-106.26719,34.80649],[-106.26769,34.80696],[-106.26746,34.80708],[-106.26684,34.80676]]],[[[-106.33385,34.81313],[-106.33402,34.81296],[-106.3344,34.81298],[-106.33444,34.81338],[-106.33385,34.81341],[-106.33385,34.81313]]],[[[-106.27976,34.80135],[-106.28022,34.80143],[-106.28037,34.80172],[-106.27979,34.8016],[-106.27976,34.80135]]]]},"properties":{"incidentname":"Dog Head","perimeterdatetime":1466197680000,"gisacres":17615.08,"state":"NM"}},{"type":"Feature","geometry":{"type":"MultiPolygon","coordinates":[[[[-106.27043,34.90221],[-106.26971,34.90152],[-106.26926,34.90145],[-106.26951,34.90109],[-106.26994,34.90097],[-106.26978,34.9007],[-106.2687,34.90008],[-106.26801,34.90043],[-106.26759,34.90029],[-106.26751,34.89989],[-106.26724,34.89986],[-106.26734,34.90015],[-106.26704,34.90061],[-106.26672,34.90036],[-106.26647,34.90001],[-106.26682,34.89984],[-106.2674,34.89912],[-106.26708,34.89906],[-106.26636,34.89961],[-106.26584,34.89968],[-106.26563,34.89965],[-106.26539,34.89926],[-106.26497,34.89972],[-106.2645,34.89984],[-106.26378,34.89954],[-106.26256,34.89941],[-106.26213,34.89973],[-106.26035,34.89898],[-106.2591,34.89883],[-106.25919,34.89858],[-106.2595,34.89852],[-106.25947,34.8983],[-106.26008,34.89822],[-106.25978,34.89763],[-106.25865,34.89709],[-106.25812,34.89707],[-106.256,34.8964],[-106.25547,34.89567],[-106.2557,34.89545],[-106.25468,34.89539],[-106.25187,34.89358],[-106.2518,34.8928],[-106.25218,34.89255],[-106.25365,34.89232],[-106.25547,34.89233],[-106.25601,34.89297],[-106.25629,34.89294],[-106.25614,34.89261],[-106.2564,34.89244],[-106.2584,34.89208],[-106.25923,34.89148],[-106.25901,34.89098],[-106.25849,34.89084],[-106.25868,34.89055],[-106.2579,34.89016],[-106.25744,34.89016],[-106.25646,34.89058],[-106.25562,34.89054],[-106.25582,34.89025],[-106.25718,34.88993],[-106.25757,34.88949],[-106.25865,34.89001],[-106.25944,34.89007],[-106.26108,34.8897],[-106.26102,34.88951],[-106.25945,34.88931],[-106.2593,34.889],[-106.25857,34.88864],[-106.25857,34.88818],[-106.25691,34.88776],[-106.25659,34.88752],[-106.25615,34.88753],[-106.25593,34.88789],[-106.25526,34.88778],[-106.25494,34.88744],[-106.25439,34.88759],[-106.25411,34.88816],[-106.25289,34.88876],[-106.25179,34.88969],[-106.25135,34.89044],[-106.2495,34.8922],[-106.24677,34.89299],[-106.24607,34.89283],[-106.24579,34.89307],[-106.24527,34.8932],[-106.24506,34.8927],[-106.24368,34.89154],[-106.24356,34.89131],[-106.24367,34.89116],[-106.24312,34.89076],[-106.24243,34.8911],[-106.2413,34.89121],[-106.23975,34.89037],[-106.23846,34.88933],[-106.23834,34.88905],[-106.23848,34.88883],[-106.2411,34.88935],[-106.24249,34.88941],[-106.24286,34.88917],[-106.24286,34.88886],[-106.24233,34.8885],[-106.24259,34.88841],[-106.24323,34.88857],[-106.24311,34.88823],[-106.24133,34.88756],[-106.24109,34.88723],[-106.24197,34.88607],[-106.24247,34.8864],[-106.24397,34.8857],[-106.24455,34.88576],[-106.24472,34.88595],[-106.24521,34.88556],[-106.24553,34.88559],[-106.24588,34.88599],[-106.24605,34.88577],[-106.24596,34.88537],[-106.24688,34.88476],[-106.24783,34.88454],[-106.2494,34.88476],[-106.24982,34.88406],[-106.25031,34.88399],[-106.2506,34.88377],[-106.25076,34.88319],[-106.25148,34.88273],[-106.25217,34.88268],[-106.25248,34.88282],[-106.25358,34.88249],[-106.25494,34.88244],[-106.25501,34.88265],[-106.25547,34.88283],[-106.25725,34.8831],[-106.25826,34.88302],[-106.25834,34.88281],[-106.25788,34.88267],[-106.25766,34.88191],[-106.25768,34.88152],[-106.25811,34.88066],[-106.25804,34.88045],[-106.25676,34.87984],[-106.25658,34.87913],[-106.25613,34.87863],[-106.25642,34.87832],[-106.2574,34.87788],[-106.25896,34.8781],[-106.25959,34.87754],[-106.26003,34.87759],[-106.25952,34.87852],[-106.26004,34.87873],[-106.26213,34.8785],[-106.26427,34.8789],[-106.26486,34.87911],[-106.26541,34.87961],[-106.2659,34.87943],[-106.26601,34.87893],[-106.26574,34.87822],[-106.26658,34.87821],[-106.26678,34.87792],[-106.26671,34.87749],[-106.26598,34.87688],[-106.26479,34.87658],[-106.26418,34.87673],[-106.26348,34.87626],[-106.26227,34.87628],[-106.26168,34.87609],[-106.26079,34.87626],[-106.2596,34.87591],[-106.25921,34.8753],[-106.25846,34.87497],[-106.25822,34.87464],[-106.25859,34.87452],[-106.25876,34.87394],[-106.2598,34.87388],[-106.26009,34.87379],[-106.26011,34.87355],[-106.26046,34.87359],[-106.26058,34.87388],[-106.26122,34.8742],[-106.26168,34.87481],[-106.26262,34.87482],[-106.26329,34.87519],[-106.26355,34.8749],[-106.26389,34.8749],[-106.26433,34.87523],[-106.26633,34.87547],[-106.2677,34.87584],[-106.26801,34.87507],[-106.2676,34.87336],[-106.26815,34.8733],[-106.26898,34.87418],[-106.26941,34.87403],[-106.26941,34.87385],[-106.2699,34.87395],[-106.27014,34.87428],[-106.27077,34.87385],[-106.27181,34.87417],[-106.27214,34.87453],[-106.27246,34.87459],[-106.27329,34.87418],[-106.27367,34.87437],[-106.27376,34.87458],[-106.27407,34.87412],[-106.27571,34.87356],[-106.27836,34.87413],[-106.27937,34.87412],[-106.28087,34.8737],[-106.28139,34.87393],[-106.28192,34.87457],[-106.2823,34.87466],[-106.28328,34.87427],[-106.28336,34.87405],[-106.28397,34.87397],[-106.28399,34.87366],[-106.28324,34.87331],[-106.28332,34.87286],[-106.28236,34.8728],[-106.28239,34.87258],[-106.28218,34.87239],[-106.28146,34.87242],[-106.28096,34.87221],[-106.2809,34.87174],[-106.28057,34.87138],[-106.27994,34.87141],[-106.27969,34.87082],[-106.27777,34.87163],[-106.27699,34.8718],[-106.27589,34.87177],[-106.27483,34.87099],[-106.27403,34.87114],[-106.27402,34.87093],[-106.27376,34.87076],[-106.27387,34.87017],[-106.27352,34.87005],[-106.27345,34.86976],[-106.27299,34.8696],[-106.27273,34.86987],[-106.27247,34.86966],[-106.27252,34.86932],[-106.272,34.8694],[-106.27119,34.86905],[-106.27035,34.8693],[-106.27017,34.86911],[-106.2696,34.86957],[-106.26922,34.8695],[-106.26864,34.86908],[-106.26818,34.86953],[-106.26674,34.86974],[-106.26666,34.86998],[-106.26605,34.87025],[-106.26594,34.87068],[-106.26618,34.87084],[-106.26643,34.8707],[-106.26678,34.87074],[-106.26676,34.87088],[-106.26627,34.87124],[-106.26572,34.87127],[-106.26458,34.87217],[-106.2634,34.87259],[-106.26312,34.87357],[-106.26187,34.87313],[-106.26163,34.87289],[-106.26259,34.87279],[-106.26243,34.87269],[-106.2629,34.87224],[-106.26262,34.87131],[-106.26165,34.8717],[-106.26103,34.87152],[-106.2597,34.87151],[-106.25859,34.87214],[-106.25856,34.87225],[-106.25926,34.87246],[-106.25935,34.87267],[-106.25854,34.87309],[-106.25646,34.87316],[-106.2564,34.87304],[-106.25697,34.87258],[-106.25795,34.87242],[-106.25799,34.87212],[-106.25754,34.8721],[-106.25751,34.8717],[-106.25828,34.87124],[-106.259,34.87108],[-106.25894,34.87066],[-106.25862,34.87047],[-106.25645,34.87056],[-106.25598,34.87038],[-106.25635,34.87013],[-106.256,34.86987],[-106.25469,34.86936],[-106.25492,34.86912],[-106.25584,34.86907],[-106.25584,34.86878],[-106.25543,34.86838],[-106.25601,34.86823],[-106.256,34.86801],[-106.2551,34.86786],[-106.25504,34.86757],[-106.25623,34.86751],[-106.25512,34.86716],[-106.2547,34.86617],[-106.25522,34.86638],[-106.2554,34.86671],[-106.25595,34.86677],[-106.25629,34.86601],[-106.25757,34.86638],[-106.25884,34.86593],[-106.25892,34.86565],[-106.26042,34.86565],[-106.2608,34.86551],[-106.26082,34.86486],[-106.26001,34.8648],[-106.26,34.86458],[-106.26133,34.86452],[-106.26297,34.86343],[-106.2635,34.86245],[-106.26318,34.86207],[-106.26251,34.86208],[-106.26122,34.8625],[-106.26041,34.86258],[-106.25986,34.86246],[-106.25968,34.86239],[-106.25987,34.86216],[-106.25965,34.86175],[-106.25938,34.8617],[-106.25949,34.86127],[-106.26006,34.8611],[-106.26048,34.86143],[-106.26045,34.862],[-106.2606,34.86224],[-106.26098,34.86209],[-106.26141,34.8614],[-106.26143,34.86094],[-106.26179,34.86081],[-106.26209,34.86043],[-106.26249,34.86048],[-106.26264,34.86076],[-106.26299,34.8609],[-106.26405,34.86034],[-106.26616,34.86011],[-106.26688,34.85989],[-106.26734,34.85959],[-106.26747,34.859],[-106.26738,34.85862],[-106.2666,34.85858],[-106.26617,34.85906],[-106.26326,34.8599],[-106.26231,34.85978],[-106.26146,34.85931],[-106.259,34.8599],[-106.25816,34.85964],[-106.25801,34.8594],[-106.25826,34.85873],[-106.25762,34.8581],[-106.25678,34.85815],[-106.25567,34.8579],[-106.25538,34.85743],[-106.25462,34.85696],[-106.25418,34.85687],[-106.25384,34.85699],[-106.25349,34.85685],[-106.2534,34.85657],[-106.25411,34.8562],[-106.25378,34.856],[-106.2532,34.85631],[-106.25227,34.85631],[-106.25184,34.85608],[-106.2508,34.85608],[-106.25002,34.85578],[-106.2497,34.85548],[-106.2494,34.85598],[-106.24863,34.85654],[-106.24663,34.85707],[-106.24574,34.857],[-106.24513,34.85667],[-106.24494,34.85643],[-106.24507,34.85629],[-106.24499,34.8561],[-106.24386,34.8559],[-106.24176,34.85595],[-106.24194,34.85548],[-106.24138,34.85533],[-106.24106,34.85476],[-106.24002,34.85449],[-106.23843,34.85338],[-106.23855,34.85293],[-106.24131,34.8517],[-106.24168,34.85067],[-106.24263,34.85066],[-106.243,34.85045],[-106.24367,34.85094],[-106.24491,34.85107],[-106.24506,34.8509],[-106.245,34.85072],[-106.24518,34.85068],[-106.24644,34.85137],[-106.24659,34.85181],[-106.24698,34.8521],[-106.24834,34.85254],[-106.24831,34.85306],[-106.24871,34.85344],[-106.24862,34.85375],[-106.24932,34.85478],[-106.24951,34.85478],[-106.24897,34.85341],[-106.24909,34.85263],[-106.25019,34.85219],[-106.25051,34.85226],[-106.25088,34.85264],[-106.25106,34.85226],[-106.2521,34.85228],[-106.25223,34.85212],[-106.25217,34.85183],[-106.25045,34.85118],[-106.25039,34.85075],[-106.25009,34.85056],[-106.24935,34.85058],[-106.24882,34.85039],[-106.24872,34.8505],[-106.2487,34.85003],[-106.24806,34.84994],[-106.2475,34.84966],[-106.24667,34.848],[-106.24672,34.84769],[-106.24689,34.8473],[-106.24737,34.84713],[-106.24754,34.84689],[-106.2479,34.84703],[-106.24862,34.84685],[-106.24883,34.84657],[-106.2493,34.84679],[-106.25076,34.84669],[-106.25087,34.84716],[-106.2521,34.84744],[-106.25402,34.84776],[-106.25485,34.84763],[-106.2559,34.84819],[-106.25614,34.84847],[-106.25708,34.84825],[-106.25756,34.84872],[-106.25819,34.84843],[-106.25836,34.848],[-106.25865,34.84799],[-106.25886,34.84845],[-106.25924,34.84863],[-106.25939,34.84937],[-106.25989,34.84941],[-106.26099,34.84985],[-106.26085,34.85019],[-106.26051,34.85043],[-106.26046,34.85079],[-106.26087,34.85117],[-106.26174,34.85128],[-106.26215,34.85185],[-106.26225,34.85232],[-106.26254,34.85258],[-106.2637,34.85267],[-106.2643,34.85235],[-106.26433,34.85204],[-106.26336,34.85152],[-106.26318,34.85088],[-106.26251,34.85032],[-106.26296,34.84967],[-106.26304,34.84926],[-106.26268,34.84874],[-106.26146,34.8482],[-106.26125,34.84773],[-106.26023,34.84724],[-106.25996,34.84633],[-106.25952,34.84622],[-106.25884,34.84549],[-106.25921,34.84493],[-106.2614,34.84448],[-106.26208,34.84491],[-106.26399,34.8451],[-106.26443,34.84533],[-106.26466,34.84578],[-106.26516,34.84611],[-106.26583,34.84604],[-106.26593,34.84539],[-106.26586,34.84463],[-106.26469,34.84385],[-106.26437,34.84328],[-106.26375,34.843],[-106.26323,34.84282],[-106.26181,34.8429],[-106.25853,34.84237],[-106.25864,34.84196],[-106.25733,34.84123],[-106.2568,34.84076],[-106.25683,34.84057],[-106.25793,34.84053],[-106.25846,34.84096],[-106.25904,34.84107],[-106.25934,34.84026],[-106.25878,34.83926],[-106.25852,34.83929],[-106.25829,34.83981],[-106.25807,34.83988],[-106.25793,34.84015],[-106.25712,34.84005],[-106.25663,34.83974],[-106.25632,34.8398],[-106.25557,34.83955],[-106.2544,34.84048],[-106.25385,34.84062],[-106.25281,34.84052],[-106.25217,34.84026],[-106.25205,34.83993],[-106.25169,34.83967],[-106.25106,34.83953],[-106.25128,34.83922],[-106.25203,34.83912],[-106.25185,34.83883],[-106.25208,34.83859],[-106.25332,34.83789],[-106.2534,34.83753],[-106.25403,34.83704],[-106.25333,34.83691],[-106.25238,34.8372],[-106.25171,34.83664],[-106.25139,34.83652],[-106.25066,34.83667],[-106.25032,34.83658],[-106.25014,34.83622],[-106.24973,34.83613],[-106.24875,34.83631],[-106.24666,34.83612],[-106.24659,34.83582],[-106.24611,34.83549],[-106.2459,34.83568],[-106.24505,34.83569],[-106.24432,34.83516],[-106.24098,34.83448],[-106.24025,34.83417],[-106.24008,34.83398],[-106.24008,34.83363],[-106.23986,34.8337],[-106.23908,34.83484],[-106.23793,34.83517],[-106.2376,34.83549],[-106.23708,34.83542],[-106.23752,34.83506],[-106.23632,34.83486],[-106.23635,34.83466],[-106.23811,34.83442],[-106.23849,34.83418],[-106.23647,34.83425],[-106.23655,34.83407],[-106.2386,34.83394],[-106.23878,34.83388],[-106.23876,34.83368],[-106.23848,34.83334],[-106.23803,34.83327],[-106.23768,34.83302],[-106.23816,34.83269],[-106.23798,34.83233],[-106.23818,34.83197],[-106.23781,34.83173],[-106.237,34.83192],[-106.23638,34.83161],[-106.2362,34.83202],[-106.23639,34.83251],[-106.2363,34.83265],[-106.23595,34.83273],[-106.23538,34.83255],[-106.23541,34.83215],[-106.23574,34.83191],[-106.2351,34.83165],[-106.2351,34.83144],[-106.23561,34.83122],[-106.23786,34.83124],[-106.23823,34.83147],[-106.23878,34.83123],[-106.24026,34.83102],[-106.24252,34.83123],[-106.24296,34.83106],[-106.24277,34.83052],[-106.24327,34.83033],[-106.24421,34.83045],[-106.24625,34.83013],[-106.24701,34.83032],[-106.24809,34.83109],[-106.24864,34.8308],[-106.24875,34.83037],[-106.24946,34.83003],[-106.24954,34.82901],[-106.25002,34.82883],[-106.25103,34.82896],[-106.25447,34.82988],[-106.25586,34.82994],[-106.25594,34.8298],[-106.25536,34.82937],[-106.25426,34.82945],[-106.25367,34.8287],[-106.25351,34.82794],[-106.25227,34.82776],[-106.25178,34.82798],[-106.25022,34.82812],[-106.25027,34.82778],[-106.24954,34.82755],[-106.24992,34.8274],[-106.25064,34.82765],[-106.25151,34.82731],[-106.25217,34.82728],[-106.2522,34.82702],[-106.25175,34.82647],[-106.25207,34.82602],[-106.25341,34.82667],[-106.25444,34.82607],[-106.25525,34.8261],[-106.25572,34.82634],[-106.25577,34.82619],[-106.25525,34.82599],[-106.25556,34.82554],[-106.25591,34.82542],[-106.25667,34.82614],[-106.25684,34.82609],[-106.25684,34.82575],[-106.25761,34.82544],[-106.25804,34.82507],[-106.25859,34.825],[-106.25865,34.82521],[-106.25842,34.8254],[-106.25909,34.82554],[-106.26068,34.82509],[-106.26103,34.82471],[-106.26127,34.82493],[-106.26272,34.82457],[-106.26292,34.82436],[-106.26291,34.82395],[-106.26248,34.82391],[-106.26179,34.8242],[-106.2595,34.82413],[-106.25565,34.82433],[-106.25547,34.82422],[-106.25556,34.82404],[-106.25542,34.82391],[-106.25564,34.82352],[-106.25558,34.82321],[-106.2552,34.82312],[-106.25492,34.82348],[-106.25446,34.82356],[-106.25416,34.82323],[-106.25433,34.82261],[-106.25386,34.82216],[-106.25423,34.82204],[-106.25432,34.82172],[-106.2547,34.8214],[-106.2557,34.82132],[-106.25575,34.82116],[-106.25639,34.82127],[-106.25649,34.82159],[-106.25675,34.8217],[-106.25708,34.8217],[-106.25727,34.8214],[-106.25768,34.82131],[-106.25836,34.82154],[-106.25989,34.82124],[-106.25964,34.822],[-106.25939,34.82224],[-106.25977,34.82274],[-106.26003,34.82248],[-106.26027,34.82171],[-106.26433,34.82212],[-106.26499,34.82161],[-106.26461,34.82131],[-106.26489,34.82097],[-106.26556,34.82074],[-106.26618,34.82015],[-106.26595,34.81989],[-106.26444,34.81975],[-106.26458,34.81957],[-106.26457,34.81907],[-106.26509,34.8188],[-106.265,34.81842],[-106.26435,34.81785],[-106.26361,34.81815],[-106.26302,34.81796],[-106.26429,34.81726],[-106.26501,34.81746],[-106.26521,34.81736],[-106.26538,34.81701],[-106.26514,34.81644],[-106.26482,34.8163],[-106.2641,34.81633],[-106.26397,34.81566],[-106.26286,34.81503],[-106.26106,34.81464],[-106.25974,34.8148],[-106.25958,34.81406],[-106.25859,34.81393],[-106.25824,34.81372],[-106.25791,34.81296],[-106.25716,34.81265],[-106.25593,34.81171],[-106.25508,34.81131],[-106.25496,34.81101],[-106.25447,34.81068],[-106.25302,34.80885],[-106.25235,34.80836],[-106.25171,34.8082],[-106.25156,34.80796],[-106.25217,34.80791],[-106.25225,34.80762],[-106.251,34.80738],[-106.25029,34.80744],[-106.24923,34.80697],[-106.24814,34.80717],[-106.24566,34.8068],[-106.24542,34.80666],[-106.24538,34.80642],[-106.24587,34.80625],[-106.24596,34.80607],[-106.24573,34.80563],[-106.24333,34.80497],[-106.24302,34.80462],[-106.24313,34.80449],[-106.24409,34.80464],[-106.24475,34.80505],[-106.246,34.80462],[-106.2463,34.80477],[-106.24657,34.80519],[-106.24691,34.80511],[-106.24724,34.80465],[-106.2488,34.80573],[-106.24952,34.80573],[-106.24973,34.80558],[-106.24909,34.80513],[-106.24891,34.80489],[-106.24905,34.80474],[-106.24949,34.80479],[-106.24979,34.80516],[-106.25132,34.80544],[-106.25205,34.80583],[-106.25303,34.80559],[-106.25374,34.80579],[-106.25346,34.80545],[-106.25268,34.80535],[-106.25259,34.80462],[-106.25193,34.8046],[-106.25146,34.80434],[-106.25173,34.80376],[-106.25226,34.8036],[-106.25223,34.80332],[-106.25245,34.80316],[-106.25313,34.80316],[-106.25337,34.80345],[-106.25382,34.80336],[-106.25404,34.80376],[-106.25434,34.80391],[-106.25527,34.80385],[-106.25579,34.80417],[-106.2561,34.80505],[-106.25595,34.8052],[-106.25443,34.80532],[-106.25414,34.80579],[-106.255,34.80554],[-106.25676,34.80583],[-106.25761,34.80659],[-106.2576,34.80745],[-106.25818,34.80787],[-106.25859,34.80765],[-106.25908,34.80767],[-106.25964,34.80824],[-106.25965,34.80846],[-106.26046,34.80914],[-106.26167,34.80908],[-106.26171,34.80931],[-106.26131,34.80951],[-106.26145,34.80972],[-106.2625,34.81028],[-106.26484,34.81207],[-106.26563,34.81215],[-106.26673,34.8129],[-106.26738,34.81299],[-106.26842,34.81269],[-106.26879,34.81234],[-106.26919,34.81121],[-106.26914,34.81074],[-106.27024,34.80954],[-106.27082,34.8092],[-106.27137,34.80911],[-106.27264,34.80937],[-106.27483,34.81037],[-106.27492,34.81082],[-106.27544,34.81108],[-106.2766,34.81126],[-106.27724,34.81151],[-106.27836,34.81234],[-106.27879,34.81231],[-106.27923,34.81118],[-106.27913,34.81004],[-106.27823,34.80955],[-106.27778,34.80888],[-106.27757,34.80831],[-106.2768,34.80739],[-106.27674,34.80701],[-106.27706,34.80693],[-106.27779,34.80743],[-106.27935,34.8077],[-106.28,34.80819],[-106.28038,34.80878],[-106.2802,34.81031],[-106.28031,34.81122],[-106.28068,34.81124],[-106.28088,34.81078],[-106.28067,34.81021],[-106.28069,34.80974],[-106.28094,34.8093],[-106.28251,34.80943],[-106.28243,34.80932],[-106.28276,34.80924],[-106.2832,34.80949],[-106.28398,34.80949],[-106.28502,34.80905],[-106.28556,34.80899],[-106.28624,34.80972],[-106.28659,34.80989],[-106.2885,34.80987],[-106.28998,34.80931],[-106.29015,34.80905],[-106.28977,34.80871],[-106.28849,34.80895],[-106.28677,34.80872],[-106.28654,34.80848],[-106.28668,34.80831],[-106.28596,34.80808],[-106.28595,34.80772],[-106.28654,34.80672],[-106.28628,34.80646],[-106.2852,34.80597],[-106.28448,34.806],[-106.2843,34.80569],[-106.28432,34.80533],[-106.28333,34.80467],[-106.28303,34.80425],[-106.2816,34.80324],[-106.2807,34.80308],[-106.28139,34.8018],[-106.28121,34.80121],[-106.28133,34.801],[-106.27975,34.80015],[-106.27909,34.79951],[-106.27916,34.79871],[-106.27997,34.79886],[-106.28111,34.79953],[-106.2818,34.79925],[-106.28227,34.7996],[-106.28227,34.79994],[-106.28274,34.80051],[-106.28341,34.80093],[-106.28387,34.80042],[-106.28416,34.80037],[-106.28512,34.80103],[-106.28525,34.80184],[-106.28577,34.80167],[-106.28668,34.80235],[-106.28784,34.80245],[-106.28864,34.80194],[-106.29004,34.80141],[-106.2902,34.80101],[-106.29055,34.80106],[-106.29058,34.80175],[-106.2913,34.80192],[-106.29133,34.8024],[-106.29158,34.80243],[-106.29183,34.80216],[-106.2922,34.80206],[-106.29285,34.80215],[-106.29332,34.80253],[-106.29413,34.80269],[-106.29417,34.80231],[-106.29271,34.80168],[-106.29298,34.8014],[-106.29337,34.80142],[-106.29468,34.80204],[-106.29582,34.80225],[-106.29647,34.80295],[-106.299,34.80443],[-106.29925,34.80486],[-106.2999,34.80457],[-106.3003,34.80459],[-106.30072,34.80492],[-106.29994,34.80347],[-106.29993,34.80311],[-106.29912,34.80276],[-106.29897,34.80246],[-106.29839,34.80208],[-106.29691,34.80186],[-106.29696,34.80159],[-106.29756,34.80133],[-106.29872,34.80122],[-106.30046,34.80149],[-106.30163,34.80217],[-106.3024,34.80224],[-106.3031,34.80205],[-106.3038,34.80318],[-106.30463,34.80359],[-106.30535,34.80368],[-106.30591,34.80417],[-106.30678,34.80438],[-106.30783,34.80513],[-106.30868,34.80543],[-106.30971,34.80643],[-106.31039,34.80635],[-106.31074,34.80651],[-106.31078,34.80685],[-106.31041,34.80717],[-106.31088,34.80748],[-106.31144,34.8075],[-106.31211,34.80793],[-106.31374,34.80822],[-106.31366,34.80841],[-106.31398,34.8085],[-106.31408,34.80885],[-106.31449,34.80915],[-106.31606,34.80921],[-106.31655,34.80951],[-106.31728,34.81033],[-106.3167,34.81103],[-106.31647,34.81189],[-106.31662,34.81243],[-106.31693,34.81248],[-106.31721,34.81219],[-106.31794,34.8123],[-106.31891,34.81209],[-106.31862,34.81149],[-106.31876,34.81132],[-106.32001,34.81139],[-106.32063,34.8115],[-106.32099,34.81184],[-106.322,34.81214],[-106.32235,34.81251],[-106.32343,34.81276],[-106.32368,34.81295],[-106.32375,34.81338],[-106.32417,34.81369],[-106.32487,34.81366],[-106.32569,34.81328],[-106.32611,34.81327],[-106.32652,34.81292],[-106.32607,34.81261],[-106.32547,34.81248],[-106.32537,34.81233],[-106.32547,34.81205],[-106.32693,34.81226],[-106.32767,34.813],[-106.32812,34.81316],[-106.32833,34.81305],[-106.32814,34.81228],[-106.32845,34.81207],[-106.32882,34.81207],[-106.32867,34.81151],[-106.32878,34.81128],[-106.32927,34.811],[-106.32988,34.8109],[-106.33061,34.81149],[-106.3307,34.81189],[-106.33099,34.81224],[-106.33099,34.81253],[-106.33045,34.81311],[-106.33045,34.81328],[-106.33073,34.81339],[-106.33128,34.81324],[-106.33159,34.81292],[-106.33228,34.8128],[-106.33298,34.81294],[-106.33341,34.81362],[-106.33438,34.81593],[-106.33449,34.81641],[-106.33433,34.81707],[-106.33479,34.81773],[-106.33494,34.81861],[-106.33585,34.81895],[-106.33603,34.81929],[-106.33608,34.82003],[-106.33647,34.8204],[-106.3363,34.821],[-106.33641,34.8214],[-106.33697,34.82134],[-106.33741,34.82079],[-106.33824,34.82038],[-106.33785,34.81998],[-106.3378,34.81947],[-106.33829,34.81926],[-106.33894,34.8186],[-106.3389,34.81846],[-106.33931,34.81826],[-106.3395,34.81888],[-106.34008,34.8189],[-106.34106,34.81775],[-106.34126,34.81796],[-106.34155,34.81794],[-106.34164,34.81775],[-106.34138,34.81768],[-106.34182,34.81744],[-106.34211,34.81701],[-106.34272,34.81671],[-106.34345,34.81697],[-106.34472,34.81673],[-106.34846,34.81543],[-106.34926,34.81557],[-106.34981,34.81546],[-106.34985,34.81487],[-106.35051,34.8148],[-106.35071,34.81446],[-106.35133,34.81431],[-106.35217,34.81442],[-106.35268,34.81398],[-106.3535,34.81405],[-106.35336,34.81331],[-106.35373,34.81285],[-106.35444,34.81258],[-106.35553,34.81247],[-106.35618,34.81221],[-106.35624,34.81186],[-106.35761,34.81182],[-106.35824,34.81127],[-106.3591,34.81111],[-106.35936,34.81116],[-106.35921,34.81148],[-106.35942,34.81148],[-106.36023,34.81072],[-106.36059,34.81074],[-106.3607,34.81046],[-106.36131,34.81031],[-106.36145,34.81006],[-106.36207,34.81],[-106.36244,34.80979],[-106.36333,34.80993],[-106.36349,34.81032],[-106.36362,34.81007],[-106.36426,34.80986],[-106.36563,34.81003],[-106.36601,34.80982],[-106.36684,34.80977],[-106.36716,34.80995],[-106.36765,34.80988],[-106.36845,34.80935],[-106.3699,34.80918],[-106.37062,34.80937],[-106.37091,34.80919],[-106.37085,34.80905],[-106.36997,34.80835],[-106.36979,34.80786],[-106.36995,34.80714],[-106.37019,34.80683],[-106.37064,34.80685],[-106.37132,34.8081],[-106.3728,34.80897],[-106.37284,34.80929],[-106.37329,34.80936],[-106.37359,34.80905],[-106.374,34.80894],[-106.37511,34.80891],[-106.37735,34.80973],[-106.37736,34.81014],[-106.37774,34.81049],[-106.37755,34.81064],[-106.37761,34.81097],[-106.37741,34.81117],[-106.37785,34.81184],[-106.37753,34.81246],[-106.37727,34.81252],[-106.3773,34.81281],[-106.37702,34.81289],[-106.37764,34.81344],[-106.3777,34.8138],[-106.37575,34.81393],[-106.37534,34.81488],[-106.37501,34.81492],[-106.37432,34.81558],[-106.37431,34.81574],[-106.37359,34.81564],[-106.37298,34.81608],[-106.37052,34.81674],[-106.37069,34.8171],[-106.37035,34.81724],[-106.37047,34.81733],[-106.37023,34.81763],[-106.36929,34.81751],[-106.36883,34.81796],[-106.36824,34.8178],[-106.36791,34.81792],[-106.36791,34.81821],[-106.36763,34.81823],[-106.367,34.81871],[-106.36653,34.8193],[-106.3664,34.82029],[-106.36583,34.82024],[-106.36571,34.81963],[-106.3654,34.81962],[-106.36535,34.81919],[-106.36559,34.81882],[-106.36548,34.81851],[-106.36522,34.81838],[-106.36506,34.81882],[-106.36519,34.81982],[-106.3654,34.81996],[-106.3652,34.82025],[-106.36551,34.82054],[-106.36554,34.82077],[-106.3647,34.82174],[-106.3651,34.82213],[-106.36485,34.82209],[-106.3646,34.8224],[-106.36387,34.82261],[-106.36366,34.82289],[-106.36319,34.82301],[-106.36307,34.82284],[-106.3629,34.823],[-106.36224,34.82287],[-106.36206,34.82301],[-106.36137,34.82293],[-106.36076,34.82308],[-106.35988,34.82289],[-106.35963,34.82308],[-106.35933,34.82252],[-106.35903,34.8229],[-106.35855,34.82299],[-106.35842,34.82284],[-106.35812,34.82309],[-106.35441,34.82303],[-106.35438,34.82314],[-106.34964,34.82351],[-106.34836,34.82321],[-106.34797,34.8235],[-106.34726,34.8236],[-106.34715,34.82343],[-106.34755,34.82336],[-106.34742,34.82309],[-106.34757,34.82286],[-106.34808,34.82252],[-106.34885,34.82239],[-106.34856,34.82185],[-106.34806,34.82196],[-106.34796,34.82178],[-106.34754,34.8222],[-106.34656,34.82244],[-106.34618,34.82316],[-106.34573,34.82303],[-106.34507,34.82313],[-106.34478,34.82373],[-106.34422,34.82616],[-106.34536,34.82642],[-106.34546,34.82685],[-106.34619,34.82674],[-106.34648,34.82719],[-106.34652,34.82809],[-106.34601,34.82843],[-106.34499,34.82809],[-106.34471,34.82707],[-106.34459,34.82684],[-106.34435,34.82687],[-106.34433,34.8278],[-106.34414,34.82812],[-106.3445,34.82859],[-106.34503,34.82891],[-106.34497,34.8297],[-106.34526,34.82995],[-106.34489,34.8314],[-106.34409,34.83207],[-106.34338,34.83219],[-106.34292,34.83172],[-106.34323,34.83091],[-106.34314,34.83054],[-106.3429,34.83043],[-106.342,34.83127],[-106.34194,34.83175],[-106.34207,34.83209],[-106.34165,34.83217],[-106.34204,34.83274],[-106.34201,34.83291],[-106.34273,34.83321],[-106.34282,34.83342],[-106.34264,34.83364],[-106.34308,34.83411],[-106.34252,34.83414],[-106.34252,34.8344],[-106.34205,34.835],[-106.3415,34.83533],[-106.34132,34.83596],[-106.34153,34.83621],[-106.34318,34.8367],[-106.34341,34.83651],[-106.34375,34.83656],[-106.3437,34.83748],[-106.34315,34.8378],[-106.34223,34.83874],[-106.34273,34.84018],[-106.34271,34.84061],[-106.34199,34.84057],[-106.3413,34.84155],[-106.34165,34.84212],[-106.34224,34.84261],[-106.34196,34.84324],[-106.34152,34.84333],[-106.34131,34.84418],[-106.34083,34.84444],[-106.34124,34.84513],[-106.3417,34.84525],[-106.34202,34.84554],[-106.34164,34.8462],[-106.34096,34.8464],[-106.34077,34.84728],[-106.34087,34.84779],[-106.34068,34.84838],[-106.33945,34.84964],[-106.33931,34.85109],[-106.33873,34.8518],[-106.33845,34.85272],[-106.33764,34.85328],[-106.33609,34.85347],[-106.33425,34.85321],[-106.33264,34.85413],[-106.33206,34.85394],[-106.33207,34.85367],[-106.33181,34.854],[-106.33061,34.85434],[-106.33118,34.8545],[-106.33132,34.85526],[-106.33081,34.85554],[-106.33089,34.8558],[-106.33074,34.85609],[-106.3301,34.85662],[-106.32835,34.85736],[-106.32792,34.85844],[-106.32746,34.85905],[-106.32715,34.85999],[-106.32578,34.86103],[-106.32579,34.86172],[-106.32458,34.86324],[-106.32275,34.86311],[-106.32229,34.86314],[-106.32211,34.86329],[-106.32087,34.86296],[-106.32009,34.86297],[-106.31954,34.86322],[-106.31945,34.86349],[-106.31957,34.86368],[-106.32103,34.86401],[-106.32228,34.8652],[-106.32219,34.86568],[-106.32159,34.86599],[-106.32099,34.86603],[-106.32107,34.86628],[-106.32165,34.86658],[-106.32161,34.86723],[-106.32111,34.8676],[-106.3211,34.86815],[-106.32068,34.86836],[-106.32057,34.8693],[-106.32019,34.86996],[-106.32029,34.87014],[-106.31935,34.87107],[-106.3188,34.87128],[-106.31843,34.87123],[-106.31815,34.87146],[-106.31805,34.87232],[-106.31826,34.87257],[-106.31832,34.8731],[-106.31758,34.87336],[-106.31738,34.8741],[-106.31715,34.8742],[-106.3165,34.87407],[-106.31553,34.87485],[-106.31523,34.87487],[-106.31523,34.87523],[-106.31579,34.87567],[-106.31563,34.87624],[-106.31534,34.87663],[-106.31541,34.87686],[-106.31507,34.87732],[-106.31408,34.87769],[-106.31329,34.87905],[-106.3131,34.88011],[-106.31267,34.88063],[-106.31238,34.88141],[-106.31132,34.88169],[-106.30971,34.88245],[-106.30823,34.88272],[-106.30735,34.88389],[-106.30672,34.88377],[-106.30547,34.88439],[-106.30529,34.88475],[-106.30564,34.88504],[-106.30565,34.88561],[-106.30501,34.88644],[-106.30471,34.88657],[-106.30475,34.88678],[-106.30355,34.88853],[-106.3021,34.88914],[-106.30165,34.88966],[-106.30118,34.89048],[-106.30112,34.89104],[-106.3008,34.89173],[-106.29978,34.89311],[-106.29902,34.89348],[-106.29615,34.89378],[-106.29581,34.89401],[-106.29558,34.89453],[-106.29603,34.89681],[-106.29559,34.89745],[-106.2949,34.89797],[-106.2948,34.89837],[-106.29349,34.89876],[-106.29235,34.8994],[-106.2883,34.9005],[-106.28831,34.90082],[-106.28734,34.90111],[-106.28724,34.90146],[-106.28627,34.90144],[-106.28627,34.90175],[-106.28428,34.90321],[-106.28404,34.90364],[-106.28391,34.90352],[-106.28084,34.90385],[-106.28019,34.90361],[-106.28016,34.90389],[-106.27942,34.90407],[-106.27902,34.90379],[-106.27883,34.90392],[-106.27863,34.90368],[-106.27787,34.90339],[-106.27684,34.90338],[-106.27679,34.90326],[-106.27729,34.90269],[-106.27718,34.90242],[-106.27575,34.90209],[-106.2754,34.90213],[-106.27615,34.90309],[-106.27556,34.90324],[-106.27552,34.90339],[-106.27517,34.90327],[-106.27491,34.90352],[-106.27417,34.90323],[-106.27372,34.90274],[-106.27382,34.90261],[-106.27352,34.90212],[-106.27332,34.90206],[-106.27308,34.90238],[-106.2734,34.90283],[-106.27334,34.90344],[-106.27269,34.90424],[-106.27207,34.90437],[-106.27098,34.90398],[-106.27108,34.90366],[-106.27087,34.90326],[-106.27086,34.90266],[-106.27043,34.90221]]],[[[-106.24148,34.82972],[-106.24101,34.82932],[-106.24075,34.82932],[-106.24,34.82989],[-106.23963,34.82993],[-106.23809,34.8295],[-106.23467,34.82933],[-106.23346,34.82909],[-106.23211,34.82853],[-106.23143,34.82803],[-106.23098,34.82725],[-106.22984,34.82732],[-106.22811,34.82598],[-106.22772,34.82595],[-106.22681,34.82534],[-106.22548,34.82477],[-106.22529,34.82444],[-106.2254,34.82398],[-106.22691,34.82311],[-106.22784,34.82306],[-106.22997,34.82338],[-106.23156,34.82306],[-106.23317,34.82341],[-106.23645,34.82473],[-106.23688,34.82549],[-106.23772,34.82605],[-106.23957,34.82632],[-106.24004,34.82685],[-106.24088,34.82703],[-106.24152,34.82771],[-106.24265,34.82805],[-106.24376,34.82899],[-106.24376,34.82954],[-106.24361,34.82973],[-106.24242,34.82961],[-106.24234,34.82992],[-106.24192,34.83],[-106.24148,34.82972]]],[[[-106.26791,34.80853],[-106.26788,34.80796],[-106.26822,34.80798],[-106.26837,34.80817],[-106.26869,34.80734],[-106.26811,34.80657],[-106.26723,34.80599],[-106.26706,34.80571],[-106.26732,34.8053],[-106.26799,34.80488],[-106.2682,34.80492],[-106.26819,34.80512],[-106.26797,34.80524],[-106.26788,34.80558],[-106.26853,34.80618],[-106.26901,34.80628],[-106.26901,34.8069],[-106.2697,34.80752],[-106.26951,34.80868],[-106.26911,34.80942],[-106.26915,34.80985],[-106.26879,34.81008],[-106.26841,34.81065],[-106.26824,34.81072],[-106.26809,34.81054],[-106.26821,34.80903],[-106.26791,34.80853]]],[[[-106.27011,34.80689],[-106.27032,34.80674],[-106.27073,34.80719],[-106.27157,34.80761],[-106.27166,34.80792],[-106.27155,34.80828],[-106.27095,34.80864],[-106.27045,34.80777],[-106.27016,34.80765],[-106.27011,34.80689]]],[[[-106.32677,34.81089],[-106.32704,34.81063],[-106.32729,34.81082],[-106.32779,34.81179],[-106.32762,34.81197],[-106.32703,34.81194],[-106.32671,34.81169],[-106.32677,34.81089]]],[[[-106.26684,34.80676],[-106.26675,34.80642],[-106.26719,34.80649],[-106.26769,34.80696],[-106.26746,34.80708],[-106.26684,34.80676]]],[[[-106.33385,34.81313],[-106.33402,34.81296],[-106.3344,34.81298],[-106.33444,34.81338],[-106.33385,34.81341],[-106.33385,34.81313]]],[[[-106.27976,34.80135],[-106.28022,34.80143],[-106.28037,34.80172],[-106.27979,34.8016],[-106.27976,34.80135]]]]},"properties":{"incidentname":"Dog Head","perimeterdatetime":1466287740000,"gisacres":17601.75,"state":"NM"}},{"type":"Feature","geometry":{"type":"MultiPolygon","coordinates":[[[[-106.27043,34.90219],[-106.26971,34.9015],[-106.26926,34.90143],[-106.26951,34.90107],[-106.26994,34.90095],[-106.26978,34.90068],[-106.2687,34.90006],[-106.26801,34.90041],[-106.26759,34.90027],[-106.26751,34.89987],[-106.26723,34.89984],[-106.26734,34.90013],[-106.26704,34.90059],[-106.26672,34.90034],[-106.26647,34.9],[-106.26682,34.89982],[-106.2674,34.8991],[-106.26708,34.89904],[-106.26636,34.89959],[-106.26584,34.89966],[-106.26563,34.89963],[-106.26539,34.89925],[-106.26497,34.8997],[-106.2645,34.89982],[-106.26378,34.89953],[-106.26256,34.89939],[-106.26213,34.89971],[-106.26035,34.89896],[-106.2591,34.89881],[-106.25919,34.89856],[-106.2595,34.8985],[-106.25947,34.89828],[-106.26008,34.8982],[-106.25978,34.89761],[-106.25865,34.89707],[-106.25812,34.89705],[-106.256,34.89638],[-106.25547,34.89565],[-106.2557,34.89543],[-106.25468,34.89537],[-106.25187,34.89356],[-106.2518,34.89278],[-106.25218,34.89254],[-106.25365,34.89231],[-106.25547,34.89231],[-106.25601,34.89295],[-106.25629,34.89292],[-106.25614,34.89259],[-106.2564,34.89242],[-106.25839,34.89207],[-106.25923,34.89146],[-106.25901,34.89096],[-106.25849,34.89082],[-106.25868,34.89053],[-106.2579,34.89014],[-106.25744,34.89014],[-106.25646,34.89056],[-106.25562,34.89052],[-106.25582,34.89023],[-106.25717,34.88991],[-106.25757,34.88947],[-106.25865,34.88999],[-106.25944,34.89005],[-106.26108,34.88968],[-106.26102,34.88949],[-106.25945,34.88929],[-106.2593,34.88898],[-106.25857,34.88862],[-106.25857,34.88816],[-106.25691,34.88774],[-106.25659,34.8875],[-106.25615,34.88751],[-106.25593,34.88787],[-106.25526,34.88776],[-106.25494,34.88743],[-106.25439,34.88757],[-106.25411,34.88814],[-106.25289,34.88874],[-106.25179,34.88967],[-106.25135,34.89042],[-106.2495,34.89218],[-106.24677,34.89297],[-106.24607,34.89281],[-106.24579,34.89305],[-106.24527,34.89318],[-106.24506,34.89268],[-106.24368,34.89153],[-106.24356,34.89129],[-106.24367,34.89114],[-106.24312,34.89074],[-106.24243,34.89109],[-106.2413,34.89119],[-106.23975,34.89035],[-106.23846,34.88931],[-106.23834,34.88903],[-106.23848,34.88881],[-106.2411,34.88933],[-106.24249,34.88939],[-106.24286,34.88915],[-106.24286,34.88884],[-106.24233,34.88849],[-106.24259,34.88839],[-106.24323,34.88855],[-106.24311,34.88822],[-106.24133,34.88754],[-106.24109,34.88721],[-106.24197,34.88606],[-106.24247,34.88638],[-106.24397,34.88568],[-106.24455,34.88574],[-106.24472,34.88593],[-106.24521,34.88555],[-106.24553,34.88557],[-106.24588,34.88597],[-106.24605,34.88575],[-106.24596,34.88535],[-106.24688,34.88474],[-106.24783,34.88452],[-106.2494,34.88474],[-106.24982,34.88404],[-106.25031,34.88397],[-106.2506,34.88375],[-106.25076,34.88317],[-106.25148,34.88271],[-106.25217,34.88266],[-106.25248,34.8828],[-106.25358,34.88247],[-106.25494,34.88242],[-106.25501,34.88263],[-106.25547,34.88282],[-106.25724,34.88308],[-106.25826,34.883],[-106.25834,34.88279],[-106.25788,34.88265],[-106.25766,34.88189],[-106.25768,34.8815],[-106.25811,34.88064],[-106.25804,34.88043],[-106.25676,34.87982],[-106.25658,34.87911],[-106.25613,34.87861],[-106.25642,34.8783],[-106.2574,34.87786],[-106.25896,34.87808],[-106.25959,34.87752],[-106.26003,34.87757],[-106.25952,34.8785],[-106.26004,34.87871],[-106.26051,34.87876],[-106.26169,34.87846],[-106.2636,34.8787],[-106.26486,34.87909],[-106.2653,34.87954],[-106.26567,34.87958],[-106.2659,34.87942],[-106.26601,34.87891],[-106.26574,34.8782],[-106.26658,34.87819],[-106.26678,34.8779],[-106.26671,34.87747],[-106.26566,34.87672],[-106.26479,34.87656],[-106.26418,34.87671],[-106.26348,34.87624],[-106.26226,34.87626],[-106.26168,34.87607],[-106.26079,34.87624],[-106.2596,34.8759],[-106.25921,34.87528],[-106.25846,34.87495],[-106.25822,34.87462],[-106.25859,34.8745],[-106.25876,34.87392],[-106.25903,34.87393],[-106.25939,34.8736],[-106.26004,34.87378],[-106.26011,34.87353],[-106.26046,34.87357],[-106.26058,34.87386],[-106.26128,34.8741],[-106.26168,34.87479],[-106.26262,34.8748],[-106.26329,34.87517],[-106.26355,34.87488],[-106.26389,34.87488],[-106.26456,34.87525],[-106.26484,34.875],[-106.26526,34.87501],[-106.26547,34.87508],[-106.26563,34.87541],[-106.26633,34.87545],[-106.26738,34.87582],[-106.2677,34.87582],[-106.26801,34.87505],[-106.2676,34.87334],[-106.26815,34.87328],[-106.26898,34.87416],[-106.26941,34.87401],[-106.26941,34.87383],[-106.2699,34.87393],[-106.27014,34.87427],[-106.27077,34.87383],[-106.27181,34.87415],[-106.27214,34.87451],[-106.27246,34.87458],[-106.27329,34.87416],[-106.27367,34.87435],[-106.27376,34.87456],[-106.27407,34.87411],[-106.27571,34.87354],[-106.27836,34.87411],[-106.27937,34.8741],[-106.28087,34.87368],[-106.28139,34.87391],[-106.28192,34.87455],[-106.2823,34.87464],[-106.28328,34.87425],[-106.28336,34.87403],[-106.28397,34.87395],[-106.28399,34.87364],[-106.28324,34.87329],[-106.28332,34.87284],[-106.28236,34.87278],[-106.28238,34.87256],[-106.28218,34.87237],[-106.28146,34.87241],[-106.28096,34.8722],[-106.2809,34.87172],[-106.28057,34.87136],[-106.27994,34.8714],[-106.27969,34.8708],[-106.27777,34.87161],[-106.27699,34.87178],[-106.27589,34.87175],[-106.27483,34.87097],[-106.27403,34.87112],[-106.27402,34.87091],[-106.27376,34.87074],[-106.27387,34.87015],[-106.27352,34.87003],[-106.27345,34.86975],[-106.27299,34.86958],[-106.27273,34.86985],[-106.27247,34.86964],[-106.27252,34.8693],[-106.272,34.86938],[-106.27119,34.86903],[-106.27035,34.86928],[-106.27017,34.86909],[-106.2696,34.86955],[-106.26922,34.86948],[-106.26864,34.86906],[-106.26818,34.86951],[-106.26674,34.86972],[-106.26666,34.86996],[-106.26605,34.87023],[-106.26594,34.87066],[-106.26618,34.87082],[-106.26643,34.87068],[-106.26678,34.87072],[-106.26676,34.87087],[-106.26627,34.87123],[-106.26572,34.87125],[-106.26458,34.87215],[-106.2634,34.87257],[-106.26312,34.87355],[-106.26187,34.87311],[-106.26163,34.87288],[-106.26259,34.87277],[-106.26243,34.87267],[-106.2629,34.87222],[-106.26262,34.87129],[-106.26164,34.87168],[-106.26103,34.8715],[-106.25974,34.87149],[-106.25975,34.87177],[-106.25946,34.87167],[-106.25859,34.87212],[-106.25856,34.87223],[-106.25926,34.87244],[-106.25935,34.87265],[-106.25854,34.87307],[-106.25646,34.87314],[-106.2564,34.87302],[-106.25697,34.87256],[-106.25795,34.87241],[-106.25799,34.8721],[-106.25754,34.87208],[-106.25751,34.87168],[-106.25828,34.87122],[-106.259,34.87107],[-106.25894,34.87064],[-106.25862,34.87045],[-106.25645,34.87054],[-106.25598,34.87036],[-106.25635,34.87011],[-106.256,34.86986],[-106.25469,34.86934],[-106.25492,34.8691],[-106.25584,34.86905],[-106.25584,34.86876],[-106.25549,34.86866],[-106.25531,34.86828],[-106.25601,34.86821],[-106.256,34.86799],[-106.2551,34.86784],[-106.25504,34.86755],[-106.25623,34.86749],[-106.25512,34.86715],[-106.2547,34.86615],[-106.25522,34.86636],[-106.2554,34.86669],[-106.25595,34.86675],[-106.25602,34.86657],[-106.25577,34.86633],[-106.25616,34.86626],[-106.25629,34.86599],[-106.25757,34.86636],[-106.25884,34.86591],[-106.25892,34.86563],[-106.26042,34.86564],[-106.2608,34.86549],[-106.26082,34.86484],[-106.26001,34.86478],[-106.26,34.86457],[-106.26133,34.8645],[-106.26297,34.86341],[-106.2635,34.86243],[-106.26318,34.86205],[-106.26251,34.86206],[-106.26121,34.86248],[-106.26041,34.86256],[-106.25968,34.86237],[-106.25987,34.86214],[-106.25965,34.86173],[-106.25938,34.86168],[-106.25949,34.86125],[-106.26006,34.86108],[-106.26047,34.86141],[-106.26045,34.86198],[-106.2606,34.86222],[-106.26098,34.86207],[-106.26141,34.86138],[-106.26122,34.86085],[-106.25931,34.8607],[-106.25858,34.86042],[-106.25774,34.86064],[-106.25722,34.86046],[-106.25739,34.86019],[-106.25841,34.8597],[-106.25801,34.85939],[-106.25826,34.85871],[-106.25809,34.85845],[-106.25762,34.85808],[-106.25625,34.85802],[-106.25588,34.85825],[-106.25553,34.85821],[-106.25542,34.85804],[-106.25555,34.85757],[-106.25514,34.85722],[-106.25462,34.85694],[-106.25418,34.85685],[-106.25384,34.85697],[-106.25349,34.85683],[-106.2534,34.85655],[-106.25411,34.85618],[-106.25378,34.85598],[-106.25305,34.85631],[-106.25068,34.85599],[-106.25029,34.85616],[-106.24924,34.8561],[-106.24816,34.85667],[-106.24765,34.85769],[-106.24714,34.85801],[-106.24635,34.85778],[-106.24577,34.85738],[-106.24566,34.85693],[-106.24494,34.85641],[-106.24507,34.85627],[-106.24499,34.85609],[-106.24386,34.85588],[-106.24231,34.85599],[-106.24225,34.8562],[-106.24129,34.85621],[-106.24122,34.85702],[-106.24149,34.85754],[-106.24135,34.85819],[-106.24019,34.85798],[-106.24005,34.85818],[-106.2402,34.85846],[-106.24271,34.85968],[-106.24326,34.85977],[-106.24318,34.86017],[-106.24243,34.86044],[-106.24223,34.86059],[-106.24223,34.8608],[-106.24255,34.86116],[-106.24371,34.861],[-106.24575,34.8622],[-106.24608,34.86243],[-106.246,34.86286],[-106.24533,34.86292],[-106.24443,34.86278],[-106.24418,34.8622],[-106.24386,34.86224],[-106.24355,34.86251],[-106.24252,34.86252],[-106.24231,34.86227],[-106.2414,34.86223],[-106.24142,34.86171],[-106.24024,34.86188],[-106.23932,34.86166],[-106.23839,34.86128],[-106.23722,34.8605],[-106.23675,34.85993],[-106.23362,34.8596],[-106.23329,34.85942],[-106.2331,34.85908],[-106.23213,34.8589],[-106.23205,34.85837],[-106.23174,34.85816],[-106.2318,34.8576],[-106.23164,34.85727],[-106.23014,34.85689],[-106.22947,34.85656],[-106.22945,34.85603],[-106.22969,34.85555],[-106.23049,34.85522],[-106.23188,34.85507],[-106.23131,34.85462],[-106.23208,34.8547],[-106.23243,34.85403],[-106.23309,34.85363],[-106.23387,34.85379],[-106.23408,34.85406],[-106.2332,34.85433],[-106.23293,34.85468],[-106.233,34.85484],[-106.23362,34.85475],[-106.2345,34.85421],[-106.23476,34.85382],[-106.23512,34.85377],[-106.23621,34.85401],[-106.23746,34.855],[-106.23804,34.85495],[-106.23858,34.85469],[-106.23853,34.8543],[-106.23792,34.8539],[-106.2379,34.85374],[-106.2382,34.85371],[-106.23879,34.85398],[-106.23898,34.85428],[-106.23882,34.85501],[-106.23898,34.85522],[-106.23951,34.85475],[-106.24012,34.85449],[-106.23843,34.85336],[-106.23855,34.85291],[-106.24131,34.85168],[-106.24168,34.85065],[-106.24263,34.85064],[-106.243,34.85043],[-106.24367,34.85092],[-106.2441,34.85101],[-106.24491,34.85105],[-106.24506,34.85088],[-106.245,34.8507],[-106.24518,34.85066],[-106.24644,34.85135],[-106.24659,34.85179],[-106.24698,34.85208],[-106.24754,34.85236],[-106.24812,34.85237],[-106.24834,34.85252],[-106.24831,34.85304],[-106.24871,34.85342],[-106.24872,34.85389],[-106.24932,34.85476],[-106.24951,34.85476],[-106.24897,34.85339],[-106.24909,34.85261],[-106.25019,34.85217],[-106.25051,34.85224],[-106.25088,34.85262],[-106.25106,34.85224],[-106.25217,34.85223],[-106.25217,34.85181],[-106.25045,34.85116],[-106.25039,34.85073],[-106.25009,34.85054],[-106.24935,34.85056],[-106.24882,34.85037],[-106.24872,34.85048],[-106.2487,34.85001],[-106.24806,34.84992],[-106.2475,34.84964],[-106.24667,34.84798],[-106.24689,34.84729],[-106.24737,34.84711],[-106.24757,34.84686],[-106.247,34.84624],[-106.24631,34.84625],[-106.24633,34.84606],[-106.24731,34.84576],[-106.24795,34.84578],[-106.2483,34.84609],[-106.24926,34.84617],[-106.2493,34.84677],[-106.25076,34.84667],[-106.25087,34.84714],[-106.25114,34.84722],[-106.25402,34.84774],[-106.25485,34.84761],[-106.2559,34.84817],[-106.25614,34.84845],[-106.25708,34.84824],[-106.25756,34.8487],[-106.25819,34.84841],[-106.25836,34.84798],[-106.25865,34.84798],[-106.25886,34.84843],[-106.25924,34.84861],[-106.25939,34.84935],[-106.26087,34.84969],[-106.26099,34.84984],[-106.26085,34.85017],[-106.26051,34.85041],[-106.26046,34.85077],[-106.26087,34.85115],[-106.26174,34.85126],[-106.26215,34.85183],[-106.26225,34.8523],[-106.26254,34.85256],[-106.2637,34.85265],[-106.2643,34.85233],[-106.26433,34.85202],[-106.26336,34.8515],[-106.26318,34.85086],[-106.2625,34.8503],[-106.26296,34.84965],[-106.26304,34.84924],[-106.26268,34.84872],[-106.26146,34.84818],[-106.26125,34.84771],[-106.26023,34.84722],[-106.25996,34.84632],[-106.25952,34.8462],[-106.25884,34.84547],[-106.25921,34.84492],[-106.2614,34.84446],[-106.26207,34.84489],[-106.26399,34.84508],[-106.26443,34.84531],[-106.26466,34.84577],[-106.26516,34.84609],[-106.26583,34.84602],[-106.26586,34.84461],[-106.26469,34.84383],[-106.26437,34.84326],[-106.26323,34.8428],[-106.26181,34.84288],[-106.25853,34.84235],[-106.25864,34.84194],[-106.25733,34.84121],[-106.2568,34.84074],[-106.25683,34.84055],[-106.25793,34.84052],[-106.25846,34.84094],[-106.25904,34.84105],[-106.25934,34.84024],[-106.25878,34.83924],[-106.25852,34.83927],[-106.25829,34.8398],[-106.25807,34.83986],[-106.25793,34.84013],[-106.25712,34.84004],[-106.25663,34.83972],[-106.25632,34.83978],[-106.25557,34.83953],[-106.2544,34.84046],[-106.25385,34.84061],[-106.25281,34.8405],[-106.25217,34.84024],[-106.25204,34.83991],[-106.25169,34.83965],[-106.25105,34.83951],[-106.25128,34.8392],[-106.25203,34.8391],[-106.25185,34.83881],[-106.25208,34.83857],[-106.25332,34.83787],[-106.2534,34.83751],[-106.25403,34.83702],[-106.25333,34.83689],[-106.25238,34.83718],[-106.25171,34.83662],[-106.25139,34.8365],[-106.25066,34.83665],[-106.25032,34.83656],[-106.25014,34.83621],[-106.24973,34.83611],[-106.24875,34.83629],[-106.24666,34.8361],[-106.24659,34.8358],[-106.24611,34.83547],[-106.2459,34.83566],[-106.24505,34.83567],[-106.24432,34.83514],[-106.24098,34.83446],[-106.24025,34.83415],[-106.24008,34.83397],[-106.24008,34.83361],[-106.23985,34.83368],[-106.23908,34.83482],[-106.23877,34.83493],[-106.23959,34.8349],[-106.23968,34.83519],[-106.23954,34.83554],[-106.23836,34.83566],[-106.23861,34.8363],[-106.2385,34.8365],[-106.23789,34.83648],[-106.23742,34.8362],[-106.23756,34.83588],[-106.23698,34.83546],[-106.23713,34.8352],[-106.23751,34.83504],[-106.23658,34.83495],[-106.23632,34.83484],[-106.23635,34.83465],[-106.23811,34.8344],[-106.23849,34.83417],[-106.23595,34.83417],[-106.23468,34.83353],[-106.23525,34.83322],[-106.23647,34.83341],[-106.23748,34.83392],[-106.23878,34.83386],[-106.23867,34.83345],[-106.23768,34.833],[-106.23815,34.83267],[-106.23798,34.83231],[-106.23818,34.83195],[-106.23805,34.8318],[-106.23781,34.83171],[-106.237,34.83191],[-106.23638,34.83159],[-106.2362,34.83201],[-106.23639,34.83249],[-106.2363,34.83263],[-106.23595,34.83271],[-106.23538,34.83253],[-106.23541,34.83213],[-106.23574,34.83189],[-106.2351,34.83163],[-106.2351,34.83142],[-106.23561,34.8312],[-106.23786,34.83122],[-106.23823,34.83145],[-106.23878,34.83122],[-106.24026,34.831],[-106.24252,34.83121],[-106.24296,34.83104],[-106.24277,34.8305],[-106.24327,34.83031],[-106.24421,34.83043],[-106.24625,34.83011],[-106.24659,34.83019],[-106.24656,34.8299],[-106.24478,34.82939],[-106.24498,34.82896],[-106.24535,34.8287],[-106.24532,34.82843],[-106.24494,34.82839],[-106.2444,34.82871],[-106.2436,34.82883],[-106.24385,34.82918],[-106.24361,34.82972],[-106.24242,34.82959],[-106.24234,34.8299],[-106.24192,34.82998],[-106.24101,34.8293],[-106.24075,34.82931],[-106.24,34.82987],[-106.23963,34.82991],[-106.23809,34.82949],[-106.23434,34.82926],[-106.23346,34.82907],[-106.23211,34.82852],[-106.23143,34.82801],[-106.23098,34.82723],[-106.22984,34.8273],[-106.22811,34.82596],[-106.22772,34.82593],[-106.22681,34.82532],[-106.22548,34.82475],[-106.22529,34.82442],[-106.22553,34.82385],[-106.22691,34.82309],[-106.22784,34.82304],[-106.22997,34.82337],[-106.23156,34.82304],[-106.23316,34.82339],[-106.2358,34.82455],[-106.23628,34.82462],[-106.2368,34.82519],[-106.23688,34.82547],[-106.23772,34.82603],[-106.23906,34.82614],[-106.23957,34.8263],[-106.24004,34.82683],[-106.24085,34.827],[-106.24069,34.82681],[-106.24093,34.82521],[-106.24264,34.82524],[-106.24388,34.82547],[-106.24511,34.82603],[-106.24604,34.82668],[-106.24682,34.82646],[-106.24737,34.82658],[-106.24808,34.8275],[-106.24994,34.82827],[-106.24974,34.82844],[-106.24919,34.82825],[-106.24858,34.82828],[-106.24842,34.82857],[-106.24865,34.82907],[-106.24782,34.82943],[-106.24778,34.83085],[-106.24809,34.83107],[-106.24864,34.83078],[-106.24875,34.83035],[-106.24946,34.83001],[-106.24954,34.82899],[-106.25021,34.82867],[-106.25056,34.82867],[-106.25153,34.82909],[-106.253,34.82938],[-106.25322,34.82958],[-106.254,34.82977],[-106.25586,34.82992],[-106.25594,34.82978],[-106.25536,34.82935],[-106.25426,34.82944],[-106.25367,34.82868],[-106.25351,34.82792],[-106.25227,34.82774],[-106.25178,34.82796],[-106.25022,34.8281],[-106.25027,34.82776],[-106.24954,34.82753],[-106.24992,34.82738],[-106.25064,34.82764],[-106.25151,34.82729],[-106.25217,34.82726],[-106.2522,34.827],[-106.25175,34.82646],[-106.25207,34.826],[-106.25341,34.82665],[-106.25444,34.82605],[-106.25525,34.82609],[-106.25572,34.82632],[-106.25577,34.82618],[-106.25525,34.82597],[-106.25556,34.82552],[-106.25591,34.8254],[-106.25667,34.82612],[-106.25684,34.82607],[-106.25684,34.82574],[-106.25761,34.82542],[-106.25804,34.82505],[-106.25859,34.82498],[-106.25865,34.82519],[-106.25842,34.82538],[-106.25909,34.82552],[-106.26068,34.82507],[-106.26103,34.82469],[-106.26127,34.82491],[-106.26206,34.82477],[-106.26272,34.82455],[-106.26292,34.82434],[-106.26291,34.82393],[-106.26248,34.82389],[-106.26179,34.82418],[-106.2595,34.82411],[-106.25565,34.82432],[-106.25547,34.8242],[-106.25556,34.82402],[-106.25542,34.82389],[-106.25564,34.8235],[-106.25558,34.8232],[-106.2552,34.8231],[-106.25492,34.82346],[-106.25446,34.82354],[-106.25416,34.82321],[-106.25433,34.82259],[-106.25386,34.82214],[-106.25423,34.82202],[-106.25432,34.82171],[-106.2547,34.82138],[-106.2557,34.8213],[-106.25575,34.82114],[-106.25639,34.82125],[-106.25649,34.82157],[-106.25674,34.82168],[-106.25708,34.82168],[-106.25727,34.82138],[-106.25768,34.82129],[-106.25836,34.82152],[-106.25888,34.82054],[-106.25975,34.82067],[-106.25987,34.82089],[-106.25979,34.8211],[-106.25943,34.82125],[-106.25989,34.82122],[-106.25974,34.8216],[-106.25998,34.82174],[-106.26071,34.82164],[-106.26433,34.8221],[-106.26499,34.82159],[-106.26461,34.82129],[-106.26489,34.82095],[-106.26556,34.82072],[-106.26618,34.82013],[-106.26595,34.81987],[-106.26444,34.81973],[-106.26458,34.81955],[-106.26457,34.81905],[-106.26509,34.81878],[-106.265,34.8184],[-106.26435,34.81783],[-106.2636,34.81813],[-106.26302,34.81794],[-106.26429,34.81724],[-106.26501,34.81744],[-106.26521,34.81735],[-106.26538,34.81699],[-106.26514,34.81642],[-106.26482,34.81628],[-106.2641,34.81631],[-106.26397,34.81564],[-106.26286,34.81501],[-106.26106,34.81462],[-106.25974,34.81478],[-106.25958,34.81404],[-106.25859,34.81391],[-106.25824,34.8137],[-106.25791,34.81294],[-106.25716,34.81263],[-106.25593,34.81169],[-106.25508,34.8113],[-106.25496,34.81099],[-106.25447,34.81066],[-106.25302,34.80884],[-106.25235,34.80834],[-106.25171,34.80818],[-106.25156,34.80794],[-106.25217,34.80789],[-106.25225,34.8076],[-106.251,34.80736],[-106.25029,34.80742],[-106.24923,34.80695],[-106.24814,34.80715],[-106.24566,34.80678],[-106.24542,34.80664],[-106.24538,34.8064],[-106.24587,34.80623],[-106.24595,34.80605],[-106.24573,34.80562],[-106.24333,34.80495],[-106.24302,34.8046],[-106.24313,34.80447],[-106.24409,34.80462],[-106.24475,34.80503],[-106.246,34.80461],[-106.2463,34.80475],[-106.24657,34.80517],[-106.24691,34.80509],[-106.24724,34.80463],[-106.24822,34.80524],[-106.24859,34.80531],[-106.24854,34.80558],[-106.2488,34.80571],[-106.24952,34.80571],[-106.24973,34.80556],[-106.24927,34.80532],[-106.24891,34.80487],[-106.24905,34.80473],[-106.24949,34.80477],[-106.24979,34.80514],[-106.25132,34.80542],[-106.25205,34.80582],[-106.25224,34.8057],[-106.2519,34.80525],[-106.25221,34.80509],[-106.25259,34.80512],[-106.25269,34.80475],[-106.25259,34.80461],[-106.25193,34.80458],[-106.25146,34.80432],[-106.25173,34.80374],[-106.25226,34.80358],[-106.25223,34.8033],[-106.25245,34.80314],[-106.25313,34.80315],[-106.25337,34.80343],[-106.25382,34.80334],[-106.25404,34.80374],[-106.25434,34.80389],[-106.25527,34.80383],[-106.25579,34.80415],[-106.2561,34.80503],[-106.25595,34.80518],[-106.25444,34.8053],[-106.25414,34.80577],[-106.255,34.80552],[-106.25676,34.80581],[-106.25761,34.80657],[-106.2576,34.80743],[-106.25818,34.80785],[-106.25859,34.80763],[-106.25908,34.80765],[-106.25964,34.80822],[-106.25965,34.80845],[-106.26046,34.80912],[-106.26167,34.80906],[-106.26171,34.80929],[-106.26131,34.80949],[-106.26145,34.8097],[-106.2625,34.81026],[-106.26484,34.81205],[-106.26563,34.81213],[-106.26673,34.81288],[-106.26738,34.81298],[-106.26842,34.81267],[-106.26879,34.81232],[-106.26919,34.81119],[-106.26914,34.81072],[-106.27024,34.80952],[-106.27082,34.80918],[-106.27137,34.80909],[-106.27264,34.80935],[-106.27483,34.81035],[-106.27492,34.8108],[-106.27544,34.81106],[-106.2766,34.81124],[-106.27724,34.81149],[-106.27836,34.81232],[-106.27879,34.81229],[-106.27923,34.81116],[-106.27913,34.81002],[-106.27823,34.80953],[-106.27778,34.80886],[-106.27757,34.80829],[-106.2768,34.80737],[-106.27674,34.80699],[-106.27706,34.80692],[-106.27779,34.80741],[-106.27935,34.80768],[-106.28,34.80817],[-106.28038,34.80877],[-106.2802,34.81029],[-106.28031,34.8112],[-106.28068,34.81122],[-106.28088,34.81076],[-106.28067,34.81019],[-106.28069,34.80972],[-106.28094,34.80928],[-106.2825,34.80941],[-106.28243,34.8093],[-106.28276,34.80922],[-106.2832,34.80948],[-106.28398,34.80947],[-106.28502,34.80903],[-106.28556,34.80897],[-106.28624,34.80971],[-106.28659,34.80987],[-106.2885,34.80985],[-106.28998,34.80929],[-106.29015,34.80903],[-106.28977,34.80869],[-106.28848,34.80893],[-106.28677,34.8087],[-106.28654,34.80846],[-106.28668,34.80829],[-106.28595,34.80806],[-106.28595,34.8077],[-106.28654,34.8067],[-106.28628,34.80644],[-106.2852,34.80595],[-106.28448,34.80598],[-106.2843,34.80567],[-106.28432,34.80531],[-106.28333,34.80465],[-106.28303,34.80423],[-106.2816,34.80322],[-106.2807,34.80306],[-106.28139,34.80178],[-106.28121,34.80119],[-106.28133,34.80098],[-106.27975,34.80013],[-106.27909,34.79949],[-106.27916,34.79869],[-106.27997,34.79884],[-106.28111,34.79951],[-106.2818,34.79923],[-106.28227,34.79958],[-106.28227,34.79992],[-106.28274,34.80049],[-106.28341,34.80091],[-106.28387,34.8004],[-106.28416,34.80035],[-106.28537,34.80112],[-106.28516,34.80158],[-106.28525,34.80182],[-106.28577,34.80165],[-106.28668,34.80233],[-106.28784,34.80243],[-106.28864,34.80193],[-106.29004,34.8014],[-106.2902,34.80099],[-106.29055,34.80104],[-106.29058,34.80173],[-106.2913,34.8019],[-106.29133,34.80238],[-106.29158,34.80241],[-106.29183,34.80214],[-106.2922,34.80204],[-106.29285,34.80213],[-106.29332,34.80251],[-106.29413,34.80267],[-106.29417,34.80229],[-106.29271,34.80166],[-106.29298,34.80138],[-106.29337,34.8014],[-106.29467,34.80202],[-106.2953,34.80205],[-106.29582,34.80223],[-106.29614,34.80254],[-106.29638,34.80248],[-106.29647,34.80293],[-106.29693,34.80297],[-106.29689,34.80315],[-106.29725,34.80342],[-106.29872,34.8042],[-106.29924,34.80484],[-106.2999,34.80455],[-106.3003,34.80457],[-106.30071,34.8049],[-106.29994,34.80345],[-106.29993,34.80309],[-106.29912,34.80275],[-106.29897,34.80244],[-106.29839,34.80206],[-106.29691,34.80184],[-106.29696,34.80158],[-106.29756,34.80131],[-106.29872,34.8012],[-106.30046,34.80147],[-106.30163,34.80215],[-106.3024,34.80223],[-106.3031,34.80203],[-106.30325,34.80236],[-106.30348,34.8024],[-106.30355,34.80286],[-106.3038,34.80316],[-106.30463,34.80357],[-106.30535,34.80366],[-106.30591,34.80415],[-106.30694,34.80439],[-106.30783,34.80511],[-106.30868,34.80541],[-106.30971,34.80641],[-106.31039,34.80633],[-106.31074,34.80649],[-106.31078,34.80683],[-106.31041,34.80715],[-106.31088,34.80746],[-106.31144,34.80748],[-106.31211,34.80791],[-106.31374,34.8082],[-106.31366,34.80839],[-106.31398,34.80849],[-106.31408,34.80883],[-106.31449,34.80913],[-106.31606,34.80919],[-106.31655,34.80949],[-106.31728,34.81031],[-106.3167,34.81101],[-106.31647,34.81187],[-106.31662,34.81241],[-106.31693,34.81246],[-106.31721,34.81217],[-106.31794,34.81228],[-106.31891,34.81207],[-106.31862,34.81147],[-106.31876,34.8113],[-106.32001,34.81137],[-106.32063,34.81148],[-106.32099,34.81182],[-106.322,34.81212],[-106.32235,34.81249],[-106.32343,34.81274],[-106.32368,34.81293],[-106.32375,34.81336],[-106.32417,34.81367],[-106.32487,34.81364],[-106.32569,34.81326],[-106.32611,34.81325],[-106.32652,34.8129],[-106.32607,34.81259],[-106.32547,34.81246],[-106.32537,34.81231],[-106.32547,34.81203],[-106.32693,34.81224],[-106.32767,34.81298],[-106.32812,34.81314],[-106.32833,34.81303],[-106.32814,34.81226],[-106.32845,34.81205],[-106.32882,34.81205],[-106.32867,34.81149],[-106.32878,34.81126],[-106.32927,34.81098],[-106.32988,34.81088],[-106.33061,34.81147],[-106.3307,34.81187],[-106.33099,34.81222],[-106.33099,34.81251],[-106.33045,34.81309],[-106.33045,34.81326],[-106.33073,34.81337],[-106.33128,34.81322],[-106.33159,34.81291],[-106.33228,34.81278],[-106.33298,34.81292],[-106.33341,34.8136],[-106.33438,34.81591],[-106.33449,34.81639],[-106.33433,34.81706],[-106.33479,34.81771],[-106.33494,34.81859],[-106.33585,34.81893],[-106.33603,34.81927],[-106.33608,34.82001],[-106.33647,34.82038],[-106.3363,34.82098],[-106.33641,34.82138],[-106.33697,34.82132],[-106.33741,34.82077],[-106.33824,34.82036],[-106.33785,34.81997],[-106.3378,34.81945],[-106.33829,34.81924],[-106.33894,34.81858],[-106.3389,34.81844],[-106.33931,34.81824],[-106.3395,34.81886],[-106.34008,34.81888],[-106.34106,34.81773],[-106.34126,34.81794],[-106.34155,34.81792],[-106.34164,34.81773],[-106.34138,34.81766],[-106.34182,34.81742],[-106.34211,34.81699],[-106.34272,34.81669],[-106.34345,34.81695],[-106.34472,34.81671],[-106.34846,34.81541],[-106.34926,34.81555],[-106.34981,34.81544],[-106.34984,34.81485],[-106.35051,34.81478],[-106.35071,34.81444],[-106.35133,34.8143],[-106.35217,34.81441],[-106.35268,34.81396],[-106.3535,34.81403],[-106.35336,34.81329],[-106.35373,34.81283],[-106.35444,34.81256],[-106.35553,34.81245],[-106.35618,34.81219],[-106.35624,34.81184],[-106.35761,34.8118],[-106.35824,34.81125],[-106.3591,34.8111],[-106.35936,34.81114],[-106.35921,34.81146],[-106.35942,34.81146],[-106.36023,34.8107],[-106.36058,34.81073],[-106.3607,34.81044],[-106.36131,34.81029],[-106.36145,34.81004],[-106.36207,34.80998],[-106.36244,34.80977],[-106.36333,34.80992],[-106.36349,34.8103],[-106.36362,34.81005],[-106.36426,34.80984],[-106.36563,34.81001],[-106.366,34.8098],[-106.36684,34.80975],[-106.36716,34.80993],[-106.36765,34.80986],[-106.36845,34.80933],[-106.3699,34.80916],[-106.37062,34.80935],[-106.37091,34.80917],[-106.37085,34.80903],[-106.36997,34.80833],[-106.36979,34.80784],[-106.36995,34.80713],[-106.37019,34.80681],[-106.37064,34.80683],[-106.37132,34.80808],[-106.3728,34.80895],[-106.37284,34.80927],[-106.37329,34.80934],[-106.37358,34.80903],[-106.374,34.80892],[-106.37511,34.80889],[-106.37734,34.80971],[-106.37736,34.81012],[-106.37774,34.81048],[-106.37755,34.81062],[-106.37761,34.81095],[-106.37741,34.81115],[-106.37785,34.81182],[-106.37753,34.81244],[-106.37727,34.8125],[-106.3773,34.81279],[-106.37702,34.81287],[-106.37764,34.81342],[-106.3777,34.81378],[-106.37575,34.81391],[-106.37534,34.81486],[-106.37501,34.81491],[-106.37432,34.81556],[-106.37431,34.81573],[-106.37359,34.81562],[-106.37298,34.81606],[-106.37052,34.81672],[-106.37069,34.81708],[-106.37035,34.81722],[-106.37047,34.81731],[-106.37023,34.81761],[-106.36929,34.81749],[-106.36902,34.81767],[-106.36897,34.81811],[-106.36875,34.81786],[-106.36855,34.81793],[-106.36824,34.81778],[-106.3679,34.8179],[-106.36791,34.81819],[-106.36763,34.81821],[-106.367,34.81869],[-106.36653,34.81928],[-106.3664,34.82027],[-106.36583,34.82022],[-106.36569,34.81983],[-106.36554,34.82013],[-106.36523,34.82026],[-106.36551,34.82052],[-106.36547,34.82098],[-106.3647,34.82172],[-106.3651,34.82211],[-106.36485,34.82207],[-106.3646,34.82238],[-106.36387,34.8226],[-106.36366,34.82287],[-106.36319,34.82299],[-106.36307,34.82282],[-106.36289,34.82298],[-106.36224,34.82285],[-106.36206,34.82299],[-106.36137,34.82291],[-106.36076,34.82306],[-106.35988,34.82287],[-106.35963,34.82306],[-106.35933,34.8225],[-106.35903,34.82288],[-106.35855,34.82297],[-106.35842,34.82282],[-106.35812,34.82307],[-106.35441,34.82301],[-106.35438,34.82312],[-106.34964,34.82349],[-106.34836,34.8232],[-106.34797,34.82348],[-106.34726,34.82358],[-106.34715,34.82341],[-106.34755,34.82334],[-106.34742,34.82307],[-106.34763,34.8228],[-106.34692,34.82275],[-106.347,34.82234],[-106.34656,34.82242],[-106.34618,34.82314],[-106.34573,34.82301],[-106.34507,34.82311],[-106.34478,34.82372],[-106.34422,34.82614],[-106.34536,34.8264],[-106.34546,34.82683],[-106.34619,34.82672],[-106.34648,34.82717],[-106.34652,34.82807],[-106.34601,34.82841],[-106.34498,34.82807],[-106.34471,34.82705],[-106.34459,34.82682],[-106.34435,34.82685],[-106.34433,34.82778],[-106.34414,34.8281],[-106.34449,34.82857],[-106.34503,34.82889],[-106.34497,34.82968],[-106.34526,34.82993],[-106.34489,34.83138],[-106.34377,34.8322],[-106.34279,34.83203],[-106.3427,34.83178],[-106.34216,34.83181],[-106.34207,34.83207],[-106.34165,34.83216],[-106.34204,34.83272],[-106.34201,34.83289],[-106.34273,34.83319],[-106.34282,34.8334],[-106.34264,34.83362],[-106.34308,34.83409],[-106.34252,34.83412],[-106.34252,34.83438],[-106.34205,34.83498],[-106.3415,34.83531],[-106.34132,34.83594],[-106.34153,34.83619],[-106.34318,34.83668],[-106.34341,34.83649],[-106.34375,34.83654],[-106.3437,34.83746],[-106.34315,34.83778],[-106.34223,34.83872],[-106.34273,34.84016],[-106.34271,34.84059],[-106.34199,34.84055],[-106.3413,34.84153],[-106.34165,34.8421],[-106.34224,34.84259],[-106.34196,34.84322],[-106.34152,34.84331],[-106.34131,34.84416],[-106.34083,34.84442],[-106.34124,34.84511],[-106.3417,34.84523],[-106.34202,34.84552],[-106.34164,34.84618],[-106.34096,34.84638],[-106.34077,34.84726],[-106.34087,34.84778],[-106.34067,34.84836],[-106.33945,34.84962],[-106.33931,34.85108],[-106.33873,34.85178],[-106.33845,34.8527],[-106.33764,34.85326],[-106.33609,34.85345],[-106.33425,34.85319],[-106.33264,34.85411],[-106.33206,34.85392],[-106.33207,34.85365],[-106.33181,34.85398],[-106.33061,34.85432],[-106.33118,34.85448],[-106.33132,34.85524],[-106.33081,34.85552],[-106.33089,34.85578],[-106.33074,34.85607],[-106.3301,34.8566],[-106.32835,34.85734],[-106.32792,34.85842],[-106.32746,34.85903],[-106.32715,34.85997],[-106.32578,34.86102],[-106.32579,34.8617],[-106.32458,34.86323],[-106.32275,34.86309],[-106.32229,34.86312],[-106.32211,34.86327],[-106.32087,34.86294],[-106.32009,34.86295],[-106.31954,34.8632],[-106.31945,34.86347],[-106.31957,34.86366],[-106.32103,34.86399],[-106.32228,34.86518],[-106.32219,34.86566],[-106.32159,34.86597],[-106.32099,34.86601],[-106.32107,34.86626],[-106.32165,34.86656],[-106.32161,34.86721],[-106.32111,34.86758],[-106.3211,34.86813],[-106.32068,34.86834],[-106.32057,34.86928],[-106.32019,34.86994],[-106.32029,34.87012],[-106.31935,34.87105],[-106.3188,34.87126],[-106.31843,34.87121],[-106.31815,34.87144],[-106.31805,34.8723],[-106.31826,34.87255],[-106.31832,34.87308],[-106.31758,34.87334],[-106.31738,34.87409],[-106.31715,34.87418],[-106.3165,34.87405],[-106.31553,34.87483],[-106.31523,34.87485],[-106.31523,34.87521],[-106.31579,34.87565],[-106.31563,34.87622],[-106.31534,34.87661],[-106.31541,34.87684],[-106.31507,34.8773],[-106.31408,34.87767],[-106.31329,34.87903],[-106.3131,34.88009],[-106.31267,34.88061],[-106.31238,34.88139],[-106.31132,34.88167],[-106.30971,34.88243],[-106.30823,34.8827],[-106.30735,34.88387],[-106.30672,34.88375],[-106.30547,34.88437],[-106.30529,34.88473],[-106.30564,34.88502],[-106.30565,34.88559],[-106.30501,34.88642],[-106.30471,34.88655],[-106.30475,34.88676],[-106.30355,34.88851],[-106.3021,34.88912],[-106.30165,34.88964],[-106.30118,34.89046],[-106.30112,34.89102],[-106.3008,34.89171],[-106.29978,34.89309],[-106.29902,34.89346],[-106.29615,34.89376],[-106.29581,34.89399],[-106.29558,34.89451],[-106.29603,34.89679],[-106.29559,34.89743],[-106.2949,34.89795],[-106.2948,34.89835],[-106.29349,34.89874],[-106.29235,34.89938],[-106.2883,34.90048],[-106.28831,34.9008],[-106.28734,34.90109],[-106.28724,34.90144],[-106.28627,34.90142],[-106.28627,34.90173],[-106.28428,34.90319],[-106.28404,34.90362],[-106.28391,34.9035],[-106.28084,34.90383],[-106.28019,34.90359],[-106.28016,34.90387],[-106.27942,34.90405],[-106.27902,34.90377],[-106.27883,34.9039],[-106.27863,34.90366],[-106.27787,34.90337],[-106.27684,34.90336],[-106.27679,34.90324],[-106.27729,34.90267],[-106.27718,34.9024],[-106.27575,34.90207],[-106.27558,34.90242],[-106.27615,34.90307],[-106.27556,34.90322],[-106.27552,34.90337],[-106.27517,34.90325],[-106.27491,34.90351],[-106.27417,34.90321],[-106.27372,34.90272],[-106.27382,34.90259],[-106.27352,34.9021],[-106.27332,34.90204],[-106.27308,34.90236],[-106.2734,34.90281],[-106.27334,34.90342],[-106.27269,34.90423],[-106.27206,34.90435],[-106.27098,34.90396],[-106.27108,34.90364],[-106.27087,34.90324],[-106.27086,34.90264],[-106.27043,34.90219]]],[[[-106.26791,34.80853],[-106.26788,34.80796],[-106.26822,34.80798],[-106.26837,34.80817],[-106.26869,34.80734],[-106.26811,34.80657],[-106.26723,34.80599],[-106.26706,34.80571],[-106.26732,34.8053],[-106.26799,34.80488],[-106.2682,34.80492],[-106.26819,34.80512],[-106.26797,34.80524],[-106.26788,34.80558],[-106.26853,34.80618],[-106.26901,34.80628],[-106.26901,34.8069],[-106.2697,34.80752],[-106.26951,34.80868],[-106.26911,34.80942],[-106.26915,34.80985],[-106.26879,34.81008],[-106.26841,34.81065],[-106.26824,34.81072],[-106.26809,34.81054],[-106.26821,34.80903],[-106.26791,34.80853]]],[[[-106.25195,34.82137],[-106.251,34.82121],[-106.2507,34.82086],[-106.25066,34.82],[-106.25181,34.81973],[-106.25324,34.82033],[-106.25344,34.82059],[-106.25327,34.82074],[-106.25239,34.82134],[-106.25195,34.82137]]],[[[-106.27011,34.80689],[-106.27032,34.80674],[-106.27073,34.80719],[-106.27157,34.80761],[-106.27166,34.80792],[-106.27155,34.80828],[-106.27095,34.80864],[-106.27045,34.80777],[-106.27016,34.80765],[-106.27011,34.80689]]],[[[-106.23523,34.83565],[-106.23554,34.83566],[-106.23571,34.83587],[-106.23572,34.83649],[-106.23593,34.83679],[-106.23537,34.83683],[-106.23408,34.83591],[-106.23523,34.83565]]],[[[-106.32677,34.81089],[-106.32704,34.81063],[-106.32729,34.81082],[-106.32779,34.81179],[-106.32762,34.81197],[-106.32703,34.81194],[-106.32671,34.81169],[-106.32677,34.81089]]],[[[-106.26684,34.80676],[-106.26675,34.80642],[-106.26719,34.80649],[-106.26769,34.80696],[-106.26746,34.80708],[-106.26684,34.80676]]],[[[-106.33385,34.81313],[-106.33402,34.81296],[-106.3344,34.81298],[-106.33444,34.81338],[-106.33385,34.81341],[-106.33385,34.81313]]],[[[-106.27976,34.80135],[-106.28022,34.80143],[-106.28037,34.80172],[-106.27979,34.8016],[-106.27976,34.80135]]]]},"properties":{"incidentname":"Dog Head","perimeterdatetime":1466308440000,"gisacres":17903.23,"state":"NM"}},{"type":"Feature","geometry":{"type":"MultiPolygon","coordinates":[[[[-106.27043,34.90219],[-106.26971,34.9015],[-106.26926,34.90143],[-106.26951,34.90107],[-106.26994,34.90095],[-106.26978,34.90068],[-106.2687,34.90006],[-106.26801,34.90041],[-106.26759,34.90027],[-106.26751,34.89987],[-106.26723,34.89984],[-106.26734,34.90013],[-106.26704,34.90059],[-106.26672,34.90034],[-106.26647,34.9],[-106.26682,34.89982],[-106.2674,34.8991],[-106.26708,34.89904],[-106.26636,34.89959],[-106.26584,34.89966],[-106.26563,34.89963],[-106.26539,34.89925],[-106.26497,34.8997],[-106.2645,34.89982],[-106.26378,34.89953],[-106.26256,34.89939],[-106.26213,34.89971],[-106.26035,34.89896],[-106.2591,34.89881],[-106.25919,34.89856],[-106.2595,34.8985],[-106.25947,34.89828],[-106.26008,34.8982],[-106.25978,34.89761],[-106.25865,34.89707],[-106.25812,34.89705],[-106.256,34.89638],[-106.25547,34.89565],[-106.2557,34.89543],[-106.25468,34.89537],[-106.25187,34.89356],[-106.2518,34.89278],[-106.25218,34.89254],[-106.25365,34.89231],[-106.25547,34.89231],[-106.25601,34.89295],[-106.25629,34.89292],[-106.25614,34.89259],[-106.2564,34.89242],[-106.25839,34.89207],[-106.25923,34.89146],[-106.25901,34.89096],[-106.25849,34.89082],[-106.25868,34.89053],[-106.2579,34.89014],[-106.25744,34.89014],[-106.25646,34.89056],[-106.25562,34.89052],[-106.25582,34.89023],[-106.25717,34.88991],[-106.25757,34.88947],[-106.25865,34.88999],[-106.25944,34.89005],[-106.26108,34.88968],[-106.26102,34.88949],[-106.25945,34.88929],[-106.2593,34.88898],[-106.25857,34.88862],[-106.25857,34.88816],[-106.25691,34.88774],[-106.25659,34.8875],[-106.25615,34.88751],[-106.25593,34.88787],[-106.25526,34.88776],[-106.25494,34.88743],[-106.25439,34.88757],[-106.25411,34.88814],[-106.25289,34.88874],[-106.25179,34.88967],[-106.25135,34.89042],[-106.2495,34.89218],[-106.24677,34.89297],[-106.24607,34.89281],[-106.24579,34.89305],[-106.24527,34.89318],[-106.24506,34.89268],[-106.24368,34.89153],[-106.24356,34.89129],[-106.24367,34.89114],[-106.24312,34.89074],[-106.24243,34.89109],[-106.2413,34.89119],[-106.23975,34.89035],[-106.23846,34.88931],[-106.23834,34.88903],[-106.23848,34.88881],[-106.2411,34.88933],[-106.24249,34.88939],[-106.24286,34.88915],[-106.24286,34.88884],[-106.24233,34.88849],[-106.24259,34.88839],[-106.24323,34.88855],[-106.24311,34.88822],[-106.24133,34.88754],[-106.24109,34.88721],[-106.24197,34.88606],[-106.24247,34.88638],[-106.24397,34.88568],[-106.24455,34.88574],[-106.24472,34.88593],[-106.24521,34.88555],[-106.24553,34.88557],[-106.24588,34.88597],[-106.24605,34.88575],[-106.24596,34.88535],[-106.24688,34.88474],[-106.24783,34.88452],[-106.2494,34.88474],[-106.24982,34.88404],[-106.25031,34.88397],[-106.2506,34.88375],[-106.25076,34.88317],[-106.25148,34.88271],[-106.25217,34.88266],[-106.25248,34.8828],[-106.25358,34.88247],[-106.25494,34.88242],[-106.25501,34.88263],[-106.25547,34.88282],[-106.25724,34.88308],[-106.25826,34.883],[-106.25834,34.88279],[-106.25788,34.88265],[-106.25766,34.88189],[-106.25768,34.8815],[-106.25811,34.88064],[-106.25804,34.88043],[-106.25676,34.87982],[-106.25658,34.87911],[-106.25613,34.87861],[-106.25642,34.8783],[-106.2574,34.87786],[-106.25896,34.87808],[-106.25959,34.87752],[-106.26003,34.87757],[-106.25952,34.8785],[-106.26004,34.87871],[-106.26051,34.87876],[-106.26169,34.87846],[-106.2636,34.8787],[-106.26486,34.87909],[-106.2653,34.87954],[-106.26567,34.87958],[-106.2659,34.87942],[-106.26601,34.87891],[-106.26574,34.8782],[-106.26658,34.87819],[-106.26678,34.8779],[-106.26671,34.87747],[-106.26566,34.87672],[-106.26479,34.87656],[-106.26418,34.87671],[-106.26348,34.87624],[-106.26226,34.87626],[-106.26168,34.87607],[-106.26079,34.87624],[-106.2596,34.8759],[-106.25921,34.87528],[-106.25846,34.87495],[-106.25822,34.87462],[-106.25859,34.8745],[-106.25876,34.87392],[-106.25903,34.87393],[-106.25939,34.8736],[-106.26004,34.87378],[-106.26011,34.87353],[-106.26046,34.87357],[-106.26058,34.87386],[-106.26128,34.8741],[-106.26168,34.87479],[-106.26262,34.8748],[-106.26329,34.87517],[-106.26355,34.87488],[-106.26389,34.87488],[-106.26456,34.87525],[-106.26484,34.875],[-106.26526,34.87501],[-106.26547,34.87508],[-106.26563,34.87541],[-106.26633,34.87545],[-106.26738,34.87582],[-106.2677,34.87582],[-106.26801,34.87505],[-106.2676,34.87334],[-106.26815,34.87328],[-106.26898,34.87416],[-106.26941,34.87401],[-106.26941,34.87383],[-106.2699,34.87393],[-106.27014,34.87427],[-106.27077,34.87383],[-106.27181,34.87415],[-106.27214,34.87451],[-106.27246,34.87458],[-106.27329,34.87416],[-106.27367,34.87435],[-106.27376,34.87456],[-106.27407,34.87411],[-106.27571,34.87354],[-106.27836,34.87411],[-106.27937,34.8741],[-106.28087,34.87368],[-106.28139,34.87391],[-106.28192,34.87455],[-106.2823,34.87464],[-106.28328,34.87425],[-106.28336,34.87403],[-106.28397,34.87395],[-106.28399,34.87364],[-106.28324,34.87329],[-106.28332,34.87284],[-106.28236,34.87278],[-106.28238,34.87256],[-106.28218,34.87237],[-106.28146,34.87241],[-106.28096,34.8722],[-106.2809,34.87172],[-106.28057,34.87136],[-106.27994,34.8714],[-106.27969,34.8708],[-106.27777,34.87161],[-106.27699,34.87178],[-106.27589,34.87175],[-106.27483,34.87097],[-106.27403,34.87112],[-106.27402,34.87091],[-106.27376,34.87074],[-106.27387,34.87015],[-106.27352,34.87003],[-106.27345,34.86975],[-106.27299,34.86958],[-106.27273,34.86985],[-106.27247,34.86964],[-106.27252,34.8693],[-106.272,34.86938],[-106.27119,34.86903],[-106.27035,34.86928],[-106.27017,34.86909],[-106.2696,34.86955],[-106.26922,34.86948],[-106.26864,34.86906],[-106.26818,34.86951],[-106.26674,34.86972],[-106.26666,34.86996],[-106.26605,34.87023],[-106.26594,34.87066],[-106.26618,34.87082],[-106.26643,34.87068],[-106.26678,34.87072],[-106.26676,34.87087],[-106.26627,34.87123],[-106.26572,34.87125],[-106.26458,34.87215],[-106.2634,34.87257],[-106.26312,34.87355],[-106.26187,34.87311],[-106.26163,34.87288],[-106.26259,34.87277],[-106.26243,34.87267],[-106.2629,34.87222],[-106.26262,34.87129],[-106.26164,34.87168],[-106.26103,34.8715],[-106.25974,34.87149],[-106.25975,34.87177],[-106.25946,34.87167],[-106.25859,34.87212],[-106.25856,34.87223],[-106.25926,34.87244],[-106.25935,34.87265],[-106.25854,34.87307],[-106.25646,34.87314],[-106.2564,34.87302],[-106.25697,34.87256],[-106.25795,34.87241],[-106.25799,34.8721],[-106.25754,34.87208],[-106.25751,34.87168],[-106.25828,34.87122],[-106.259,34.87107],[-106.25894,34.87064],[-106.25862,34.87045],[-106.25645,34.87054],[-106.25598,34.87036],[-106.25635,34.87011],[-106.256,34.86986],[-106.25469,34.86934],[-106.25492,34.8691],[-106.25584,34.86905],[-106.25584,34.86876],[-106.25549,34.86866],[-106.25531,34.86828],[-106.25601,34.86821],[-106.256,34.86799],[-106.2551,34.86784],[-106.25504,34.86755],[-106.25623,34.86749],[-106.25512,34.86715],[-106.2547,34.86615],[-106.25522,34.86636],[-106.2554,34.86669],[-106.25595,34.86675],[-106.25602,34.86657],[-106.25577,34.86633],[-106.25616,34.86626],[-106.25629,34.86599],[-106.25757,34.86636],[-106.25884,34.86591],[-106.25892,34.86563],[-106.26042,34.86564],[-106.2608,34.86549],[-106.26082,34.86484],[-106.26001,34.86478],[-106.26,34.86457],[-106.26133,34.8645],[-106.26297,34.86341],[-106.2635,34.86243],[-106.26318,34.86205],[-106.26251,34.86206],[-106.26121,34.86248],[-106.26041,34.86256],[-106.25968,34.86237],[-106.25987,34.86214],[-106.25965,34.86173],[-106.25938,34.86168],[-106.25949,34.86125],[-106.26006,34.86108],[-106.26047,34.86141],[-106.26045,34.86198],[-106.2606,34.86222],[-106.26098,34.86207],[-106.26141,34.86138],[-106.26122,34.86085],[-106.25931,34.8607],[-106.25858,34.86042],[-106.25774,34.86064],[-106.25722,34.86046],[-106.25739,34.86019],[-106.25841,34.8597],[-106.25801,34.85939],[-106.25826,34.85871],[-106.25809,34.85845],[-106.25762,34.85808],[-106.25625,34.85802],[-106.25588,34.85825],[-106.25553,34.85821],[-106.25542,34.85804],[-106.25555,34.85757],[-106.25514,34.85722],[-106.25462,34.85694],[-106.25418,34.85685],[-106.25384,34.85697],[-106.25349,34.85683],[-106.2534,34.85655],[-106.25411,34.85618],[-106.25378,34.85598],[-106.25305,34.85631],[-106.25068,34.85599],[-106.25029,34.85616],[-106.24924,34.8561],[-106.24908,34.85619],[-106.24896,34.85743],[-106.24866,34.85776],[-106.2482,34.85786],[-106.24773,34.85759],[-106.24714,34.85801],[-106.24635,34.85778],[-106.24577,34.85738],[-106.24566,34.85693],[-106.24494,34.85641],[-106.24507,34.85627],[-106.24499,34.85609],[-106.24386,34.85588],[-106.2429,34.85593],[-106.24268,34.85625],[-106.24158,34.85622],[-106.24143,34.8568],[-106.24122,34.85702],[-106.24149,34.85754],[-106.24135,34.85819],[-106.24019,34.85798],[-106.24005,34.85818],[-106.2402,34.85846],[-106.24045,34.8586],[-106.24119,34.85854],[-106.24226,34.85892],[-106.2433,34.85955],[-106.2439,34.85964],[-106.244,34.86009],[-106.24383,34.86114],[-106.24513,34.86191],[-106.24688,34.8621],[-106.24732,34.86239],[-106.2474,34.86255],[-106.24714,34.86296],[-106.24643,34.86319],[-106.24633,34.8638],[-106.2459,34.86372],[-106.24574,34.86322],[-106.24524,34.8629],[-106.24443,34.86278],[-106.24418,34.8622],[-106.24386,34.86224],[-106.24355,34.86251],[-106.24252,34.86252],[-106.24231,34.86227],[-106.2414,34.86223],[-106.24142,34.86171],[-106.24024,34.86188],[-106.23839,34.86128],[-106.23722,34.8605],[-106.23675,34.85993],[-106.23362,34.8596],[-106.23329,34.85942],[-106.2331,34.85908],[-106.23213,34.8589],[-106.23205,34.85837],[-106.23174,34.85816],[-106.2318,34.8576],[-106.23164,34.85727],[-106.23014,34.85689],[-106.22947,34.85656],[-106.22945,34.85603],[-106.22969,34.85555],[-106.23049,34.85522],[-106.23188,34.85507],[-106.23131,34.85462],[-106.23208,34.8547],[-106.23243,34.85403],[-106.23309,34.85363],[-106.23389,34.8538],[-106.23554,34.85381],[-106.23629,34.85405],[-106.23678,34.85389],[-106.23708,34.85396],[-106.23761,34.8545],[-106.23717,34.85486],[-106.23746,34.855],[-106.23804,34.85495],[-106.23858,34.85469],[-106.23853,34.8543],[-106.23792,34.8539],[-106.2379,34.85374],[-106.2382,34.85371],[-106.23879,34.85398],[-106.23898,34.85428],[-106.23882,34.85501],[-106.23898,34.85522],[-106.23926,34.85472],[-106.24012,34.85449],[-106.23843,34.85336],[-106.23855,34.85291],[-106.24131,34.85168],[-106.24168,34.85065],[-106.24263,34.85064],[-106.243,34.85043],[-106.24367,34.85092],[-106.2441,34.85101],[-106.24491,34.85105],[-106.24506,34.85088],[-106.245,34.8507],[-106.24518,34.85066],[-106.24644,34.85135],[-106.24659,34.85179],[-106.24698,34.85208],[-106.24754,34.85236],[-106.24812,34.85237],[-106.24834,34.85252],[-106.24831,34.85304],[-106.24871,34.85342],[-106.24872,34.85389],[-106.24932,34.85476],[-106.24951,34.85476],[-106.24897,34.85339],[-106.24909,34.85261],[-106.25019,34.85217],[-106.25051,34.85224],[-106.25088,34.85262],[-106.25106,34.85224],[-106.25217,34.85223],[-106.25217,34.85181],[-106.25045,34.85116],[-106.25039,34.85073],[-106.25009,34.85054],[-106.24935,34.85056],[-106.24882,34.85037],[-106.24872,34.85048],[-106.2487,34.85001],[-106.24806,34.84992],[-106.2475,34.84964],[-106.24667,34.84798],[-106.24689,34.84729],[-106.24737,34.84711],[-106.24757,34.84686],[-106.247,34.84624],[-106.24631,34.84625],[-106.24633,34.84606],[-106.24731,34.84576],[-106.24795,34.84578],[-106.2483,34.84609],[-106.24926,34.84617],[-106.2493,34.84677],[-106.25076,34.84667],[-106.25087,34.84714],[-106.25114,34.84722],[-106.25402,34.84774],[-106.25485,34.84761],[-106.2559,34.84817],[-106.25614,34.84845],[-106.25708,34.84824],[-106.25756,34.8487],[-106.25819,34.84841],[-106.25836,34.84798],[-106.25865,34.84798],[-106.25886,34.84843],[-106.25924,34.84861],[-106.25939,34.84935],[-106.26087,34.84969],[-106.26099,34.84984],[-106.26085,34.85017],[-106.26051,34.85041],[-106.26046,34.85077],[-106.26087,34.85115],[-106.26174,34.85126],[-106.26215,34.85183],[-106.26225,34.8523],[-106.26254,34.85256],[-106.2637,34.85265],[-106.2643,34.85233],[-106.26433,34.85202],[-106.26336,34.8515],[-106.26318,34.85086],[-106.2625,34.8503],[-106.26296,34.84965],[-106.26304,34.84924],[-106.26268,34.84872],[-106.26146,34.84818],[-106.26125,34.84771],[-106.26023,34.84722],[-106.25996,34.84632],[-106.25952,34.8462],[-106.25884,34.84547],[-106.25921,34.84492],[-106.2614,34.84446],[-106.26207,34.84489],[-106.26399,34.84508],[-106.26443,34.84531],[-106.26466,34.84577],[-106.26516,34.84609],[-106.26583,34.84602],[-106.26586,34.84461],[-106.26469,34.84383],[-106.26437,34.84326],[-106.26323,34.8428],[-106.26181,34.84288],[-106.25853,34.84235],[-106.25864,34.84194],[-106.25733,34.84121],[-106.2568,34.84074],[-106.25683,34.84055],[-106.25793,34.84052],[-106.25846,34.84094],[-106.25904,34.84105],[-106.25934,34.84024],[-106.25878,34.83924],[-106.25852,34.83927],[-106.25829,34.8398],[-106.25807,34.83986],[-106.25793,34.84013],[-106.25712,34.84004],[-106.25663,34.83972],[-106.25632,34.83978],[-106.25557,34.83953],[-106.2544,34.84046],[-106.25385,34.84061],[-106.25281,34.8405],[-106.25217,34.84024],[-106.25204,34.83991],[-106.25169,34.83965],[-106.25105,34.83951],[-106.25128,34.8392],[-106.25203,34.8391],[-106.25185,34.83881],[-106.25208,34.83857],[-106.25332,34.83787],[-106.2534,34.83751],[-106.25403,34.83702],[-106.25333,34.83689],[-106.25238,34.83718],[-106.25171,34.83662],[-106.25139,34.8365],[-106.25066,34.83665],[-106.25032,34.83656],[-106.25014,34.83621],[-106.24973,34.83611],[-106.24875,34.83629],[-106.24666,34.8361],[-106.24659,34.8358],[-106.24611,34.83547],[-106.2459,34.83566],[-106.24505,34.83567],[-106.24432,34.83514],[-106.24098,34.83446],[-106.24025,34.83415],[-106.24008,34.83397],[-106.24008,34.83361],[-106.23985,34.83368],[-106.23928,34.83455],[-106.23964,34.83482],[-106.24054,34.83469],[-106.24068,34.83498],[-106.2402,34.83543],[-106.23959,34.83574],[-106.23911,34.83628],[-106.2385,34.8365],[-106.23789,34.83648],[-106.23742,34.8362],[-106.23756,34.83588],[-106.23698,34.83546],[-106.23713,34.8352],[-106.23751,34.83504],[-106.23658,34.83495],[-106.23632,34.83484],[-106.23635,34.83465],[-106.23811,34.8344],[-106.23849,34.83417],[-106.23595,34.83417],[-106.23468,34.83353],[-106.23495,34.8333],[-106.23575,34.83328],[-106.23621,34.83309],[-106.23774,34.8336],[-106.238,34.8339],[-106.23878,34.83386],[-106.23867,34.83345],[-106.23768,34.833],[-106.23815,34.83267],[-106.23804,34.83246],[-106.2377,34.83255],[-106.23759,34.83233],[-106.23808,34.83217],[-106.23818,34.83195],[-106.23805,34.8318],[-106.23757,34.83176],[-106.2374,34.83208],[-106.23709,34.8322],[-106.23709,34.83191],[-106.23638,34.83159],[-106.2362,34.83201],[-106.23639,34.83249],[-106.23595,34.83271],[-106.23538,34.83253],[-106.23541,34.83213],[-106.23574,34.83189],[-106.2351,34.83163],[-106.2351,34.83142],[-106.23593,34.8312],[-106.23786,34.83122],[-106.23823,34.83145],[-106.23878,34.83122],[-106.24026,34.831],[-106.24278,34.83117],[-106.24296,34.83104],[-106.24277,34.8305],[-106.24327,34.83031],[-106.24446,34.83037],[-106.24445,34.83003],[-106.24526,34.82977],[-106.2454,34.82955],[-106.24444,34.82944],[-106.24436,34.82927],[-106.24535,34.8287],[-106.24532,34.82843],[-106.24494,34.82839],[-106.2444,34.82871],[-106.2436,34.82883],[-106.24385,34.82918],[-106.24361,34.82972],[-106.24242,34.82959],[-106.24234,34.8299],[-106.24192,34.82998],[-106.24101,34.8293],[-106.24075,34.82931],[-106.24,34.82987],[-106.23963,34.82991],[-106.23809,34.82949],[-106.23434,34.82926],[-106.23346,34.82907],[-106.23211,34.82852],[-106.23143,34.82801],[-106.23098,34.82723],[-106.22984,34.8273],[-106.22811,34.82596],[-106.22772,34.82593],[-106.22681,34.82532],[-106.22548,34.82475],[-106.22529,34.82442],[-106.22553,34.82385],[-106.22691,34.82309],[-106.22784,34.82304],[-106.22997,34.82337],[-106.23156,34.82304],[-106.23316,34.82339],[-106.2358,34.82455],[-106.23628,34.82462],[-106.2368,34.82519],[-106.23688,34.82547],[-106.23772,34.82603],[-106.2393,34.82621],[-106.2394,34.82599],[-106.23996,34.82604],[-106.24034,34.82555],[-106.23958,34.82524],[-106.2397,34.82509],[-106.24023,34.82507],[-106.24047,34.82486],[-106.24113,34.82485],[-106.24388,34.82547],[-106.24511,34.82603],[-106.24604,34.82668],[-106.24682,34.82646],[-106.24737,34.82658],[-106.24761,34.827],[-106.24831,34.82764],[-106.24942,34.82806],[-106.24994,34.8281],[-106.24974,34.82844],[-106.24919,34.82825],[-106.24858,34.82828],[-106.24842,34.82857],[-106.24865,34.82907],[-106.24782,34.82943],[-106.24778,34.83085],[-106.24809,34.83107],[-106.24864,34.83078],[-106.24875,34.83035],[-106.24946,34.83001],[-106.24962,34.82884],[-106.25025,34.82864],[-106.254,34.82977],[-106.25586,34.82992],[-106.25594,34.82978],[-106.25536,34.82935],[-106.25426,34.82944],[-106.25367,34.82868],[-106.25351,34.82792],[-106.25227,34.82774],[-106.25178,34.82796],[-106.25039,34.82815],[-106.25019,34.82808],[-106.25027,34.82776],[-106.24954,34.82753],[-106.24992,34.82738],[-106.25064,34.82764],[-106.25151,34.82729],[-106.25217,34.82726],[-106.2522,34.827],[-106.25175,34.82646],[-106.25207,34.826],[-106.25341,34.82665],[-106.25444,34.82605],[-106.25525,34.82609],[-106.25572,34.82632],[-106.25577,34.82618],[-106.25525,34.82597],[-106.25556,34.82552],[-106.25591,34.8254],[-106.25667,34.82612],[-106.25684,34.82607],[-106.25684,34.82574],[-106.25761,34.82542],[-106.25804,34.82505],[-106.25859,34.82498],[-106.25865,34.82519],[-106.25842,34.82538],[-106.25909,34.82552],[-106.26068,34.82507],[-106.26103,34.82469],[-106.26127,34.82491],[-106.26206,34.82477],[-106.26272,34.82455],[-106.26292,34.82434],[-106.26291,34.82393],[-106.26248,34.82389],[-106.26179,34.82418],[-106.2595,34.82411],[-106.25565,34.82432],[-106.25547,34.8242],[-106.25556,34.82402],[-106.25542,34.82389],[-106.25564,34.8235],[-106.25558,34.8232],[-106.2552,34.8231],[-106.25492,34.82346],[-106.25446,34.82354],[-106.25416,34.82321],[-106.25433,34.82259],[-106.25386,34.82214],[-106.25423,34.82202],[-106.25432,34.82171],[-106.2547,34.82138],[-106.2557,34.8213],[-106.25575,34.82114],[-106.25639,34.82125],[-106.25649,34.82157],[-106.25674,34.82168],[-106.25708,34.82168],[-106.25727,34.82138],[-106.25768,34.82129],[-106.25836,34.82152],[-106.25888,34.82054],[-106.25975,34.82067],[-106.25987,34.82089],[-106.25979,34.8211],[-106.25943,34.82125],[-106.25989,34.82122],[-106.25974,34.8216],[-106.25998,34.82174],[-106.26071,34.82164],[-106.26433,34.8221],[-106.26499,34.82159],[-106.26461,34.82129],[-106.26489,34.82095],[-106.26556,34.82072],[-106.26618,34.82013],[-106.26595,34.81987],[-106.26444,34.81973],[-106.26458,34.81955],[-106.26457,34.81905],[-106.26509,34.81878],[-106.265,34.8184],[-106.26435,34.81783],[-106.2636,34.81813],[-106.26302,34.81794],[-106.26429,34.81724],[-106.26501,34.81744],[-106.26521,34.81735],[-106.26538,34.81699],[-106.26514,34.81642],[-106.26482,34.81628],[-106.2641,34.81631],[-106.26397,34.81564],[-106.26286,34.81501],[-106.26106,34.81462],[-106.25974,34.81478],[-106.25958,34.81404],[-106.25859,34.81391],[-106.25824,34.8137],[-106.25791,34.81294],[-106.25716,34.81263],[-106.25593,34.81169],[-106.25508,34.8113],[-106.25496,34.81099],[-106.25447,34.81066],[-106.25302,34.80884],[-106.25235,34.80834],[-106.25171,34.80818],[-106.25156,34.80794],[-106.25217,34.80789],[-106.25225,34.8076],[-106.251,34.80736],[-106.25029,34.80742],[-106.24923,34.80695],[-106.24814,34.80715],[-106.24566,34.80678],[-106.24542,34.80664],[-106.24538,34.8064],[-106.24587,34.80623],[-106.24595,34.80605],[-106.24573,34.80562],[-106.24333,34.80495],[-106.24302,34.8046],[-106.24313,34.80447],[-106.24409,34.80462],[-106.24475,34.80503],[-106.246,34.80461],[-106.2463,34.80475],[-106.24657,34.80517],[-106.24691,34.80509],[-106.24724,34.80463],[-106.24822,34.80524],[-106.24859,34.80531],[-106.24854,34.80558],[-106.2488,34.80571],[-106.24952,34.80571],[-106.24973,34.80556],[-106.24927,34.80532],[-106.24891,34.80487],[-106.24905,34.80473],[-106.24949,34.80477],[-106.24979,34.80514],[-106.25132,34.80542],[-106.25205,34.80582],[-106.25224,34.8057],[-106.2519,34.80525],[-106.25221,34.80509],[-106.25259,34.80512],[-106.25269,34.80475],[-106.25259,34.80461],[-106.25193,34.80458],[-106.25146,34.80432],[-106.25173,34.80374],[-106.25226,34.80358],[-106.25223,34.8033],[-106.25245,34.80314],[-106.25313,34.80315],[-106.25337,34.80343],[-106.25382,34.80334],[-106.25404,34.80374],[-106.25434,34.80389],[-106.25527,34.80383],[-106.25579,34.80415],[-106.2561,34.80503],[-106.25595,34.80518],[-106.25444,34.8053],[-106.25414,34.80577],[-106.255,34.80552],[-106.25676,34.80581],[-106.25761,34.80657],[-106.2576,34.80743],[-106.25818,34.80785],[-106.25859,34.80763],[-106.25908,34.80765],[-106.25964,34.80822],[-106.25965,34.80845],[-106.26046,34.80912],[-106.26167,34.80906],[-106.26171,34.80929],[-106.26131,34.80949],[-106.26145,34.8097],[-106.2625,34.81026],[-106.26484,34.81205],[-106.26563,34.81213],[-106.26673,34.81288],[-106.26738,34.81298],[-106.26842,34.81267],[-106.26879,34.81232],[-106.26919,34.81119],[-106.26914,34.81072],[-106.27024,34.80952],[-106.27082,34.80918],[-106.27137,34.80909],[-106.27264,34.80935],[-106.27483,34.81035],[-106.27492,34.8108],[-106.27544,34.81106],[-106.2766,34.81124],[-106.27724,34.81149],[-106.27836,34.81232],[-106.27879,34.81229],[-106.27923,34.81116],[-106.27913,34.81002],[-106.27823,34.80953],[-106.27778,34.80886],[-106.27757,34.80829],[-106.2768,34.80737],[-106.27674,34.80699],[-106.27706,34.80692],[-106.27779,34.80741],[-106.27935,34.80768],[-106.28,34.80817],[-106.28038,34.80877],[-106.2802,34.81029],[-106.28031,34.8112],[-106.28068,34.81122],[-106.28088,34.81076],[-106.28067,34.81019],[-106.28069,34.80972],[-106.28094,34.80928],[-106.2825,34.80941],[-106.28243,34.8093],[-106.28276,34.80922],[-106.2832,34.80948],[-106.28398,34.80947],[-106.28502,34.80903],[-106.28556,34.80897],[-106.28624,34.80971],[-106.28659,34.80987],[-106.2885,34.80985],[-106.28998,34.80929],[-106.29015,34.80903],[-106.28977,34.80869],[-106.28848,34.80893],[-106.28677,34.8087],[-106.28654,34.80846],[-106.28668,34.80829],[-106.28595,34.80806],[-106.28595,34.8077],[-106.28654,34.8067],[-106.28628,34.80644],[-106.2852,34.80595],[-106.28448,34.80598],[-106.2843,34.80567],[-106.28432,34.80531],[-106.28333,34.80465],[-106.28303,34.80423],[-106.2816,34.80322],[-106.2807,34.80306],[-106.28139,34.80178],[-106.28121,34.80119],[-106.28133,34.80098],[-106.27975,34.80013],[-106.27909,34.79949],[-106.27916,34.79869],[-106.27997,34.79884],[-106.28111,34.79951],[-106.2818,34.79923],[-106.28227,34.79958],[-106.28227,34.79992],[-106.28274,34.80049],[-106.28341,34.80091],[-106.28387,34.8004],[-106.28416,34.80035],[-106.28537,34.80112],[-106.28516,34.80158],[-106.28525,34.80182],[-106.28577,34.80165],[-106.28668,34.80233],[-106.28784,34.80243],[-106.28864,34.80193],[-106.29004,34.8014],[-106.2902,34.80099],[-106.29055,34.80104],[-106.29058,34.80173],[-106.2913,34.8019],[-106.29133,34.80238],[-106.29158,34.80241],[-106.29183,34.80214],[-106.2922,34.80204],[-106.29285,34.80213],[-106.29332,34.80251],[-106.29413,34.80267],[-106.29417,34.80229],[-106.29271,34.80166],[-106.29298,34.80138],[-106.29337,34.8014],[-106.29467,34.80202],[-106.2953,34.80205],[-106.29582,34.80223],[-106.29614,34.80254],[-106.29638,34.80248],[-106.29647,34.80293],[-106.29693,34.80297],[-106.29689,34.80315],[-106.29725,34.80342],[-106.29872,34.8042],[-106.29924,34.80484],[-106.2999,34.80455],[-106.3003,34.80457],[-106.30071,34.8049],[-106.29994,34.80345],[-106.29993,34.80309],[-106.29912,34.80275],[-106.29897,34.80244],[-106.29839,34.80206],[-106.29691,34.80184],[-106.29696,34.80158],[-106.29756,34.80131],[-106.29872,34.8012],[-106.30046,34.80147],[-106.30163,34.80215],[-106.3024,34.80223],[-106.3031,34.80203],[-106.30325,34.80236],[-106.30348,34.8024],[-106.30355,34.80286],[-106.3038,34.80316],[-106.30463,34.80357],[-106.30535,34.80366],[-106.30591,34.80415],[-106.30694,34.80439],[-106.30783,34.80511],[-106.30868,34.80541],[-106.30971,34.80641],[-106.31039,34.80633],[-106.31074,34.80649],[-106.31078,34.80683],[-106.31041,34.80715],[-106.31088,34.80746],[-106.31144,34.80748],[-106.31211,34.80791],[-106.31374,34.8082],[-106.31366,34.80839],[-106.31398,34.80849],[-106.31408,34.80883],[-106.31449,34.80913],[-106.31606,34.80919],[-106.31655,34.80949],[-106.31728,34.81031],[-106.3167,34.81101],[-106.31647,34.81187],[-106.31662,34.81241],[-106.31693,34.81246],[-106.31721,34.81217],[-106.31794,34.81228],[-106.31891,34.81207],[-106.31862,34.81147],[-106.31876,34.8113],[-106.32001,34.81137],[-106.32063,34.81148],[-106.32099,34.81182],[-106.322,34.81212],[-106.32235,34.81249],[-106.32343,34.81274],[-106.32368,34.81293],[-106.32375,34.81336],[-106.32417,34.81367],[-106.32487,34.81364],[-106.32569,34.81326],[-106.32611,34.81325],[-106.32652,34.8129],[-106.32607,34.81259],[-106.32547,34.81246],[-106.32537,34.81231],[-106.32547,34.81203],[-106.32693,34.81224],[-106.32767,34.81298],[-106.32812,34.81314],[-106.32833,34.81303],[-106.32814,34.81226],[-106.32845,34.81205],[-106.32882,34.81205],[-106.32867,34.81149],[-106.32878,34.81126],[-106.32927,34.81098],[-106.32988,34.81088],[-106.33061,34.81147],[-106.3307,34.81187],[-106.33099,34.81222],[-106.33099,34.81251],[-106.33045,34.81309],[-106.33045,34.81326],[-106.33073,34.81337],[-106.33128,34.81322],[-106.33159,34.81291],[-106.33228,34.81278],[-106.33298,34.81292],[-106.33341,34.8136],[-106.33438,34.81591],[-106.33449,34.81639],[-106.33433,34.81706],[-106.33479,34.81771],[-106.33494,34.81859],[-106.33585,34.81893],[-106.33603,34.81927],[-106.33608,34.82001],[-106.33647,34.82038],[-106.3363,34.82098],[-106.33641,34.82138],[-106.33697,34.82132],[-106.33741,34.82077],[-106.33824,34.82036],[-106.33785,34.81997],[-106.3378,34.81945],[-106.33829,34.81924],[-106.33894,34.81858],[-106.3389,34.81844],[-106.33931,34.81824],[-106.3395,34.81886],[-106.34008,34.81888],[-106.34106,34.81773],[-106.34126,34.81794],[-106.34155,34.81792],[-106.34164,34.81773],[-106.34138,34.81766],[-106.34182,34.81742],[-106.34211,34.81699],[-106.34272,34.81669],[-106.34345,34.81695],[-106.34472,34.81671],[-106.34846,34.81541],[-106.34926,34.81555],[-106.34981,34.81544],[-106.34984,34.81485],[-106.35051,34.81478],[-106.35071,34.81444],[-106.35133,34.8143],[-106.35217,34.81441],[-106.35268,34.81396],[-106.3535,34.81403],[-106.35336,34.81329],[-106.35373,34.81283],[-106.35444,34.81256],[-106.35553,34.81245],[-106.35618,34.81219],[-106.35624,34.81184],[-106.35761,34.8118],[-106.35824,34.81125],[-106.3591,34.8111],[-106.35936,34.81114],[-106.35921,34.81146],[-106.35942,34.81146],[-106.36023,34.8107],[-106.36058,34.81073],[-106.3607,34.81044],[-106.36131,34.81029],[-106.36145,34.81004],[-106.36207,34.80998],[-106.36244,34.80977],[-106.36333,34.80992],[-106.36349,34.8103],[-106.36362,34.81005],[-106.36426,34.80984],[-106.36563,34.81001],[-106.366,34.8098],[-106.36684,34.80975],[-106.36716,34.80993],[-106.36765,34.80986],[-106.36845,34.80933],[-106.3699,34.80916],[-106.37062,34.80935],[-106.37091,34.80917],[-106.37085,34.80903],[-106.36997,34.80833],[-106.36979,34.80784],[-106.36995,34.80713],[-106.37019,34.80681],[-106.37064,34.80683],[-106.37132,34.80808],[-106.3728,34.80895],[-106.37284,34.80927],[-106.37329,34.80934],[-106.37358,34.80903],[-106.374,34.80892],[-106.37511,34.80889],[-106.37734,34.80971],[-106.37736,34.81012],[-106.37774,34.81048],[-106.37755,34.81062],[-106.37761,34.81095],[-106.37741,34.81115],[-106.37785,34.81182],[-106.37753,34.81244],[-106.37727,34.8125],[-106.3773,34.81279],[-106.37702,34.81287],[-106.37764,34.81342],[-106.3777,34.81378],[-106.37575,34.81391],[-106.37534,34.81486],[-106.37501,34.81491],[-106.37432,34.81556],[-106.37431,34.81573],[-106.37359,34.81562],[-106.37298,34.81606],[-106.37052,34.81672],[-106.37069,34.81708],[-106.37035,34.81722],[-106.37047,34.81731],[-106.37023,34.81761],[-106.36929,34.81749],[-106.36902,34.81767],[-106.36897,34.81811],[-106.36875,34.81786],[-106.36855,34.81793],[-106.36824,34.81778],[-106.3679,34.8179],[-106.36791,34.81819],[-106.36763,34.81821],[-106.367,34.81869],[-106.36653,34.81928],[-106.3664,34.82027],[-106.36583,34.82022],[-106.36569,34.81983],[-106.36554,34.82013],[-106.36523,34.82026],[-106.36551,34.82052],[-106.36547,34.82098],[-106.3647,34.82172],[-106.3651,34.82211],[-106.36485,34.82207],[-106.3646,34.82238],[-106.36387,34.8226],[-106.36366,34.82287],[-106.36319,34.82299],[-106.36307,34.82282],[-106.36289,34.82298],[-106.36224,34.82285],[-106.36206,34.82299],[-106.36137,34.82291],[-106.36076,34.82306],[-106.35988,34.82287],[-106.35963,34.82306],[-106.35933,34.8225],[-106.35903,34.82288],[-106.35855,34.82297],[-106.35842,34.82282],[-106.35812,34.82307],[-106.35441,34.82301],[-106.35438,34.82312],[-106.34964,34.82349],[-106.34836,34.8232],[-106.34797,34.82348],[-106.34726,34.82358],[-106.34715,34.82341],[-106.34755,34.82334],[-106.34742,34.82307],[-106.34763,34.8228],[-106.34692,34.82275],[-106.347,34.82234],[-106.34656,34.82242],[-106.34618,34.82314],[-106.34573,34.82301],[-106.34507,34.82311],[-106.34478,34.82372],[-106.34422,34.82614],[-106.34536,34.8264],[-106.34546,34.82683],[-106.34619,34.82672],[-106.34648,34.82717],[-106.34652,34.82807],[-106.34601,34.82841],[-106.34498,34.82807],[-106.34471,34.82705],[-106.34459,34.82682],[-106.34435,34.82685],[-106.34433,34.82778],[-106.34414,34.8281],[-106.34449,34.82857],[-106.34503,34.82889],[-106.34497,34.82968],[-106.34526,34.82993],[-106.34489,34.83138],[-106.34377,34.8322],[-106.34279,34.83203],[-106.3427,34.83178],[-106.34216,34.83181],[-106.34207,34.83207],[-106.34165,34.83216],[-106.34204,34.83272],[-106.34201,34.83289],[-106.34273,34.83319],[-106.34282,34.8334],[-106.34264,34.83362],[-106.34308,34.83409],[-106.34252,34.83412],[-106.34252,34.83438],[-106.342,34.835],[-106.34201,34.83533],[-106.34147,34.83537],[-106.34132,34.83594],[-106.34153,34.83619],[-106.34318,34.83668],[-106.34341,34.83649],[-106.34375,34.83654],[-106.3437,34.83746],[-106.34315,34.83778],[-106.34223,34.83872],[-106.34273,34.84016],[-106.34271,34.84059],[-106.34199,34.84055],[-106.3413,34.84153],[-106.34165,34.8421],[-106.34224,34.84259],[-106.34196,34.84322],[-106.34152,34.84331],[-106.34131,34.84416],[-106.34083,34.84442],[-106.34124,34.84511],[-106.3417,34.84523],[-106.34202,34.84552],[-106.34164,34.84618],[-106.34096,34.84638],[-106.34077,34.84726],[-106.34087,34.84778],[-106.34067,34.84836],[-106.33945,34.84962],[-106.33931,34.85108],[-106.33873,34.85178],[-106.33845,34.8527],[-106.33764,34.85326],[-106.33609,34.85345],[-106.33425,34.85319],[-106.33264,34.85411],[-106.33206,34.85392],[-106.33207,34.85365],[-106.33181,34.85398],[-106.33061,34.85432],[-106.33118,34.85448],[-106.33132,34.85524],[-106.33081,34.85552],[-106.33089,34.85578],[-106.33074,34.85607],[-106.3301,34.8566],[-106.32835,34.85734],[-106.32792,34.85842],[-106.32746,34.85903],[-106.32715,34.85997],[-106.32578,34.86102],[-106.32579,34.8617],[-106.32458,34.86323],[-106.32275,34.86309],[-106.32229,34.86312],[-106.32211,34.86327],[-106.32087,34.86294],[-106.32009,34.86295],[-106.31954,34.8632],[-106.31945,34.86347],[-106.31957,34.86366],[-106.32103,34.86399],[-106.32228,34.86518],[-106.32219,34.86566],[-106.32159,34.86597],[-106.32099,34.86601],[-106.32107,34.86626],[-106.32165,34.86656],[-106.32161,34.86721],[-106.32111,34.86758],[-106.3211,34.86813],[-106.32068,34.86834],[-106.32057,34.86928],[-106.32019,34.86994],[-106.32029,34.87012],[-106.31935,34.87105],[-106.3188,34.87126],[-106.31843,34.87121],[-106.31815,34.87144],[-106.31805,34.8723],[-106.31826,34.87255],[-106.31832,34.87308],[-106.31758,34.87334],[-106.31738,34.87409],[-106.31715,34.87418],[-106.3165,34.87405],[-106.31553,34.87483],[-106.31523,34.87485],[-106.31523,34.87521],[-106.31579,34.87565],[-106.31563,34.87622],[-106.31534,34.87661],[-106.31541,34.87684],[-106.31507,34.8773],[-106.31408,34.87767],[-106.31329,34.87903],[-106.3131,34.88009],[-106.31267,34.88061],[-106.31238,34.88139],[-106.31132,34.88167],[-106.30971,34.88243],[-106.30823,34.8827],[-106.30735,34.88387],[-106.30672,34.88375],[-106.30547,34.88437],[-106.30529,34.88473],[-106.30564,34.88502],[-106.30565,34.88559],[-106.30501,34.88642],[-106.30471,34.88655],[-106.30475,34.88676],[-106.30355,34.88851],[-106.3021,34.88912],[-106.30165,34.88964],[-106.30118,34.89046],[-106.30112,34.89102],[-106.3008,34.89171],[-106.29978,34.89309],[-106.29902,34.89346],[-106.29615,34.89376],[-106.29581,34.89399],[-106.29558,34.89451],[-106.29603,34.89679],[-106.29559,34.89743],[-106.2949,34.89795],[-106.2948,34.89835],[-106.29349,34.89874],[-106.29235,34.89938],[-106.2883,34.90048],[-106.28831,34.9008],[-106.28734,34.90109],[-106.28724,34.90144],[-106.28627,34.90142],[-106.28627,34.90173],[-106.28428,34.90319],[-106.28404,34.90362],[-106.28391,34.9035],[-106.28084,34.90383],[-106.28019,34.90359],[-106.28016,34.90387],[-106.27942,34.90405],[-106.27902,34.90377],[-106.27883,34.9039],[-106.27863,34.90366],[-106.27787,34.90337],[-106.27684,34.90336],[-106.27679,34.90324],[-106.27729,34.90267],[-106.27718,34.9024],[-106.27575,34.90207],[-106.27558,34.90242],[-106.27615,34.90307],[-106.27556,34.90322],[-106.27552,34.90337],[-106.27517,34.90325],[-106.27491,34.90351],[-106.27417,34.90321],[-106.27372,34.90272],[-106.27382,34.90259],[-106.27352,34.9021],[-106.27332,34.90204],[-106.27308,34.90236],[-106.2734,34.90281],[-106.27334,34.90342],[-106.27269,34.90423],[-106.27206,34.90435],[-106.27098,34.90396],[-106.27108,34.90364],[-106.27087,34.90324],[-106.27086,34.90264],[-106.27043,34.90219]]],[[[-106.26791,34.80853],[-106.26788,34.80796],[-106.26822,34.80798],[-106.26837,34.80817],[-106.26869,34.80734],[-106.26811,34.80657],[-106.26723,34.80599],[-106.26706,34.80571],[-106.26732,34.8053],[-106.26799,34.80488],[-106.2682,34.80492],[-106.26819,34.80512],[-106.26797,34.80524],[-106.26788,34.80558],[-106.26853,34.80618],[-106.26901,34.80628],[-106.26901,34.8069],[-106.2697,34.80752],[-106.26951,34.80868],[-106.26911,34.80942],[-106.26915,34.80985],[-106.26879,34.81008],[-106.26841,34.81065],[-106.26824,34.81072],[-106.26809,34.81054],[-106.26821,34.80903],[-106.26791,34.80853]]],[[[-106.2509,34.82137],[-106.25029,34.82153],[-106.25004,34.82131],[-106.24975,34.82043],[-106.25026,34.8202],[-106.25003,34.81986],[-106.25014,34.8198],[-106.25092,34.8196],[-106.25181,34.81973],[-106.25324,34.82033],[-106.25344,34.82059],[-106.25239,34.82134],[-106.25181,34.82137],[-106.25145,34.82164],[-106.2509,34.82137]]],[[[-106.23506,34.83661],[-106.23408,34.83591],[-106.23504,34.83576],[-106.23544,34.83534],[-106.23641,34.83565],[-106.23622,34.83611],[-106.23648,34.83632],[-106.23646,34.83652],[-106.23614,34.83663],[-106.23575,34.83653],[-106.23593,34.83679],[-106.23573,34.83687],[-106.23506,34.83661]]],[[[-106.27011,34.80689],[-106.27032,34.80674],[-106.27073,34.80719],[-106.27157,34.80761],[-106.27166,34.80792],[-106.27155,34.80828],[-106.27095,34.80864],[-106.27045,34.80777],[-106.27016,34.80765],[-106.27011,34.80689]]],[[[-106.32677,34.81089],[-106.32704,34.81063],[-106.32729,34.81082],[-106.32779,34.81179],[-106.32762,34.81197],[-106.32703,34.81194],[-106.32671,34.81169],[-106.32677,34.81089]]],[[[-106.26684,34.80676],[-106.26675,34.80642],[-106.26719,34.80649],[-106.26769,34.80696],[-106.26746,34.80708],[-106.26684,34.80676]]],[[[-106.33385,34.81313],[-106.33402,34.81296],[-106.3344,34.81298],[-106.33444,34.81338],[-106.33385,34.81341],[-106.33385,34.81313]]],[[[-106.27976,34.80135],[-106.28022,34.80143],[-106.28037,34.80172],[-106.27979,34.8016],[-106.27976,34.80135]]]]},"properties":{"incidentname":"Dog Head","perimeterdatetime":1466370540000,"gisacres":17943.88,"state":"NM"}},{"type":"Feature","geometry":{"type":"MultiPolygon","coordinates":[[[[-106.27043,34.90221],[-106.26971,34.90152],[-106.26926,34.90145],[-106.26951,34.90109],[-106.26994,34.90097],[-106.26978,34.9007],[-106.2687,34.90008],[-106.26801,34.90043],[-106.26759,34.90029],[-106.26751,34.89989],[-106.26724,34.89986],[-106.26734,34.90015],[-106.26704,34.90061],[-106.26672,34.90036],[-106.26647,34.90001],[-106.26682,34.89984],[-106.2674,34.89912],[-106.26708,34.89906],[-106.26636,34.89961],[-106.26584,34.89968],[-106.26563,34.89965],[-106.26539,34.89926],[-106.26497,34.89972],[-106.2645,34.89984],[-106.26378,34.89954],[-106.26256,34.89941],[-106.26213,34.89973],[-106.26035,34.89898],[-106.2591,34.89883],[-106.25919,34.89858],[-106.2595,34.89852],[-106.25947,34.8983],[-106.26008,34.89822],[-106.25978,34.89763],[-106.25865,34.89709],[-106.25812,34.89707],[-106.256,34.8964],[-106.25547,34.89567],[-106.2557,34.89545],[-106.25468,34.89539],[-106.25187,34.89358],[-106.2518,34.8928],[-106.25218,34.89255],[-106.25365,34.89232],[-106.25547,34.89233],[-106.25601,34.89297],[-106.25629,34.89294],[-106.25614,34.89261],[-106.2564,34.89244],[-106.2584,34.89208],[-106.25923,34.89148],[-106.25901,34.89098],[-106.25849,34.89084],[-106.25868,34.89055],[-106.2579,34.89016],[-106.25744,34.89016],[-106.25646,34.89058],[-106.25562,34.89054],[-106.25582,34.89025],[-106.25718,34.88993],[-106.25757,34.88949],[-106.25865,34.89001],[-106.25944,34.89007],[-106.26108,34.8897],[-106.26102,34.88951],[-106.25945,34.88931],[-106.2593,34.889],[-106.25857,34.88864],[-106.25857,34.88818],[-106.25691,34.88776],[-106.25659,34.88752],[-106.25615,34.88753],[-106.25593,34.88789],[-106.25526,34.88778],[-106.25494,34.88744],[-106.25439,34.88759],[-106.25411,34.88816],[-106.25289,34.88876],[-106.25179,34.88969],[-106.25135,34.89044],[-106.2495,34.8922],[-106.24677,34.89299],[-106.24607,34.89283],[-106.24579,34.89307],[-106.24527,34.8932],[-106.24506,34.8927],[-106.24368,34.89154],[-106.24356,34.89131],[-106.24367,34.89116],[-106.24312,34.89076],[-106.24243,34.8911],[-106.2413,34.89121],[-106.23975,34.89037],[-106.23846,34.88933],[-106.23834,34.88905],[-106.23848,34.88883],[-106.2411,34.88935],[-106.24249,34.88941],[-106.24286,34.88917],[-106.24286,34.88886],[-106.24233,34.8885],[-106.24259,34.88841],[-106.24323,34.88857],[-106.24311,34.88823],[-106.24133,34.88756],[-106.24109,34.88723],[-106.24197,34.88607],[-106.24247,34.8864],[-106.24397,34.8857],[-106.24455,34.88576],[-106.24472,34.88595],[-106.24521,34.88556],[-106.24553,34.88559],[-106.24588,34.88599],[-106.24605,34.88577],[-106.24596,34.88537],[-106.24688,34.88476],[-106.24783,34.88454],[-106.2494,34.88476],[-106.24982,34.88406],[-106.25031,34.88399],[-106.2506,34.88377],[-106.25076,34.88319],[-106.25148,34.88273],[-106.25217,34.88268],[-106.25248,34.88282],[-106.25358,34.88249],[-106.25494,34.88244],[-106.25501,34.88265],[-106.25547,34.88283],[-106.25725,34.8831],[-106.25826,34.88302],[-106.25834,34.88281],[-106.25788,34.88267],[-106.25766,34.88191],[-106.25768,34.88152],[-106.25811,34.88066],[-106.25804,34.88045],[-106.25676,34.87984],[-106.25658,34.87913],[-106.25613,34.87863],[-106.25642,34.87832],[-106.2574,34.87788],[-106.25896,34.8781],[-106.25959,34.87754],[-106.26003,34.87759],[-106.25952,34.87852],[-106.26004,34.87873],[-106.26213,34.8785],[-106.26427,34.8789],[-106.26486,34.87911],[-106.26541,34.87961],[-106.2659,34.87943],[-106.26601,34.87893],[-106.26574,34.87822],[-106.26658,34.87821],[-106.26678,34.87792],[-106.26671,34.87749],[-106.26598,34.87688],[-106.26479,34.87658],[-106.26418,34.87673],[-106.26348,34.87626],[-106.26227,34.87628],[-106.26168,34.87609],[-106.26079,34.87626],[-106.2596,34.87591],[-106.25921,34.8753],[-106.25846,34.87497],[-106.25822,34.87464],[-106.25859,34.87452],[-106.25876,34.87394],[-106.2598,34.87388],[-106.26009,34.87379],[-106.26011,34.87355],[-106.26046,34.87359],[-106.26058,34.87388],[-106.26122,34.8742],[-106.26168,34.87481],[-106.26262,34.87482],[-106.26329,34.87519],[-106.26355,34.8749],[-106.26389,34.8749],[-106.26433,34.87523],[-106.26633,34.87547],[-106.2677,34.87584],[-106.26801,34.87507],[-106.2676,34.87336],[-106.26815,34.8733],[-106.26898,34.87418],[-106.26941,34.87403],[-106.26941,34.87385],[-106.2699,34.87395],[-106.27014,34.87428],[-106.27077,34.87385],[-106.27181,34.87417],[-106.27214,34.87453],[-106.27246,34.87459],[-106.27329,34.87418],[-106.27367,34.87437],[-106.27376,34.87458],[-106.27407,34.87412],[-106.27571,34.87356],[-106.27836,34.87413],[-106.27937,34.87412],[-106.28087,34.8737],[-106.28139,34.87393],[-106.28192,34.87457],[-106.2823,34.87466],[-106.28328,34.87427],[-106.28336,34.87405],[-106.28397,34.87397],[-106.28399,34.87366],[-106.28324,34.87331],[-106.28332,34.87286],[-106.28236,34.8728],[-106.28239,34.87258],[-106.28218,34.87239],[-106.28146,34.87242],[-106.28096,34.87221],[-106.2809,34.87174],[-106.28057,34.87138],[-106.27994,34.87141],[-106.27969,34.87082],[-106.27777,34.87163],[-106.27699,34.8718],[-106.27589,34.87177],[-106.27483,34.87099],[-106.27403,34.87114],[-106.27402,34.87093],[-106.27376,34.87076],[-106.27387,34.87017],[-106.27352,34.87005],[-106.27345,34.86976],[-106.27299,34.8696],[-106.27273,34.86987],[-106.27247,34.86966],[-106.27252,34.86932],[-106.272,34.8694],[-106.27119,34.86905],[-106.27035,34.8693],[-106.27017,34.86911],[-106.2696,34.86957],[-106.26922,34.8695],[-106.26864,34.86908],[-106.26818,34.86953],[-106.26674,34.86974],[-106.26666,34.86998],[-106.26605,34.87025],[-106.26594,34.87068],[-106.26618,34.87084],[-106.26643,34.8707],[-106.26678,34.87074],[-106.26676,34.87088],[-106.26627,34.87124],[-106.26572,34.87127],[-106.26458,34.87217],[-106.2634,34.87259],[-106.26312,34.87357],[-106.26187,34.87313],[-106.26163,34.87289],[-106.26259,34.87279],[-106.26243,34.87269],[-106.2629,34.87224],[-106.26262,34.87131],[-106.26165,34.8717],[-106.26103,34.87152],[-106.2597,34.87151],[-106.25859,34.87214],[-106.25856,34.87225],[-106.25926,34.87246],[-106.25935,34.87267],[-106.25854,34.87309],[-106.25646,34.87316],[-106.2564,34.87304],[-106.25697,34.87258],[-106.25795,34.87242],[-106.25799,34.87212],[-106.25754,34.8721],[-106.25751,34.8717],[-106.25828,34.87124],[-106.259,34.87108],[-106.25894,34.87066],[-106.25862,34.87047],[-106.25645,34.87056],[-106.25598,34.87038],[-106.25635,34.87013],[-106.256,34.86987],[-106.25469,34.86936],[-106.25492,34.86912],[-106.25584,34.86907],[-106.25584,34.86878],[-106.25543,34.86838],[-106.25601,34.86823],[-106.256,34.86801],[-106.2551,34.86786],[-106.25504,34.86757],[-106.25623,34.86751],[-106.25512,34.86716],[-106.2547,34.86617],[-106.25522,34.86638],[-106.2554,34.86671],[-106.25595,34.86677],[-106.25629,34.86601],[-106.25757,34.86638],[-106.25884,34.86593],[-106.25892,34.86565],[-106.26042,34.86565],[-106.2608,34.86551],[-106.26082,34.86486],[-106.26001,34.8648],[-106.26,34.86458],[-106.26133,34.86452],[-106.26297,34.86343],[-106.2635,34.86245],[-106.26318,34.86207],[-106.26251,34.86208],[-106.26122,34.8625],[-106.26041,34.86258],[-106.25968,34.86239],[-106.25987,34.86216],[-106.25965,34.86175],[-106.25938,34.8617],[-106.25935,34.86148],[-106.25961,34.86117],[-106.26006,34.8611],[-106.26048,34.86143],[-106.26045,34.862],[-106.2606,34.86224],[-106.26098,34.86209],[-106.26141,34.86138],[-106.26137,34.86104],[-106.26122,34.86085],[-106.25931,34.8607],[-106.25858,34.86042],[-106.25791,34.86062],[-106.25722,34.86046],[-106.25739,34.86019],[-106.25841,34.8597],[-106.25802,34.8594],[-106.25826,34.85873],[-106.25762,34.8581],[-106.25623,34.85804],[-106.25588,34.85825],[-106.25553,34.85821],[-106.25542,34.85804],[-106.25555,34.85759],[-106.25514,34.85724],[-106.25462,34.85696],[-106.25418,34.85687],[-106.25384,34.85699],[-106.25349,34.85685],[-106.2534,34.85657],[-106.25411,34.8562],[-106.25378,34.856],[-106.25305,34.85633],[-106.25066,34.856],[-106.25029,34.85616],[-106.24924,34.8561],[-106.24816,34.85667],[-106.24765,34.85769],[-106.24714,34.85801],[-106.24635,34.85778],[-106.24577,34.85738],[-106.24566,34.85696],[-106.24494,34.85643],[-106.24507,34.85629],[-106.24499,34.8561],[-106.24386,34.8559],[-106.24231,34.85601],[-106.24225,34.8562],[-106.24129,34.85621],[-106.24122,34.85702],[-106.24149,34.85754],[-106.24135,34.85819],[-106.24019,34.85798],[-106.24005,34.85818],[-106.2402,34.85846],[-106.24271,34.85968],[-106.24326,34.85977],[-106.24318,34.86017],[-106.24243,34.86044],[-106.24223,34.86059],[-106.24223,34.8608],[-106.24255,34.86116],[-106.24371,34.861],[-106.24575,34.8622],[-106.24608,34.86243],[-106.246,34.86286],[-106.24533,34.86292],[-106.24443,34.86278],[-106.24418,34.8622],[-106.24386,34.86224],[-106.24355,34.86251],[-106.2414,34.86155],[-106.24079,34.86169],[-106.23833,34.86084],[-106.23701,34.85983],[-106.23639,34.85965],[-106.23571,34.85975],[-106.23512,34.86005],[-106.23326,34.85922],[-106.23227,34.85903],[-106.23305,34.8575],[-106.23245,34.85747],[-106.23218,34.8572],[-106.2312,34.85708],[-106.23,34.85656],[-106.2301,34.85547],[-106.23082,34.85517],[-106.23131,34.85524],[-106.23126,34.85455],[-106.23215,34.85473],[-106.23346,34.85366],[-106.23387,34.85379],[-106.23408,34.85406],[-106.2332,34.85433],[-106.23293,34.85468],[-106.233,34.85484],[-106.23362,34.85475],[-106.2345,34.85421],[-106.23476,34.85382],[-106.23512,34.85377],[-106.23621,34.85401],[-106.23668,34.85428],[-106.23732,34.85496],[-106.23804,34.85495],[-106.23858,34.85469],[-106.23853,34.8543],[-106.23792,34.8539],[-106.23802,34.85368],[-106.23879,34.85398],[-106.23898,34.85428],[-106.23882,34.85501],[-106.23898,34.85522],[-106.23951,34.85475],[-106.24011,34.8545],[-106.23843,34.85338],[-106.23855,34.85293],[-106.24131,34.8517],[-106.24168,34.85067],[-106.24263,34.85066],[-106.243,34.85045],[-106.24367,34.85094],[-106.2441,34.85103],[-106.24491,34.85107],[-106.24506,34.8509],[-106.245,34.85072],[-106.24518,34.85068],[-106.24644,34.85137],[-106.24659,34.85181],[-106.24698,34.8521],[-106.24754,34.85238],[-106.24812,34.85239],[-106.24834,34.85254],[-106.24831,34.85306],[-106.24871,34.85344],[-106.24872,34.85391],[-106.24932,34.85478],[-106.24951,34.85478],[-106.24897,34.85341],[-106.24909,34.85263],[-106.25019,34.85219],[-106.25051,34.85226],[-106.25088,34.85264],[-106.25106,34.85226],[-106.25217,34.85225],[-106.25217,34.85183],[-106.25045,34.85118],[-106.25039,34.85075],[-106.25009,34.85056],[-106.24935,34.85058],[-106.24882,34.85039],[-106.24872,34.8505],[-106.2487,34.85003],[-106.24806,34.84994],[-106.2475,34.84966],[-106.24667,34.848],[-106.24689,34.8473],[-106.24737,34.84713],[-106.24754,34.84689],[-106.24723,34.84636],[-106.24667,34.84629],[-106.24681,34.84593],[-106.24731,34.84576],[-106.24795,34.84578],[-106.2483,34.84609],[-106.24926,34.84617],[-106.2493,34.84677],[-106.25076,34.84667],[-106.25087,34.84714],[-106.25114,34.84722],[-106.25402,34.84776],[-106.25485,34.84763],[-106.2559,34.84819],[-106.25614,34.84847],[-106.25708,34.84825],[-106.25756,34.84872],[-106.25819,34.84843],[-106.25836,34.848],[-106.25865,34.84799],[-106.25886,34.84845],[-106.25924,34.84863],[-106.25939,34.84937],[-106.26088,34.84971],[-106.26099,34.84985],[-106.26085,34.85019],[-106.26051,34.85043],[-106.26046,34.85079],[-106.26087,34.85117],[-106.26174,34.85128],[-106.26215,34.85185],[-106.26225,34.85232],[-106.26254,34.85258],[-106.2637,34.85267],[-106.2643,34.85235],[-106.26433,34.85204],[-106.26336,34.85152],[-106.26318,34.85088],[-106.26251,34.85032],[-106.26296,34.84967],[-106.26304,34.84926],[-106.26268,34.84874],[-106.26146,34.8482],[-106.26125,34.84773],[-106.26023,34.84724],[-106.25996,34.84633],[-106.25952,34.84622],[-106.25884,34.84549],[-106.25921,34.84493],[-106.2614,34.84448],[-106.26208,34.84491],[-106.26399,34.8451],[-106.26443,34.84533],[-106.26466,34.84578],[-106.26516,34.84611],[-106.26583,34.84604],[-106.26586,34.84463],[-106.26469,34.84385],[-106.26437,34.84328],[-106.26323,34.84282],[-106.26181,34.8429],[-106.25853,34.84237],[-106.25864,34.84196],[-106.25733,34.84123],[-106.2568,34.84076],[-106.25683,34.84057],[-106.25793,34.84053],[-106.25846,34.84096],[-106.25904,34.84107],[-106.25934,34.84026],[-106.25878,34.83926],[-106.25852,34.83929],[-106.25829,34.83981],[-106.25807,34.83988],[-106.25793,34.84015],[-106.25712,34.84005],[-106.25663,34.83974],[-106.25632,34.8398],[-106.25557,34.83955],[-106.2544,34.84048],[-106.25385,34.84062],[-106.25281,34.84052],[-106.25217,34.84026],[-106.25205,34.83993],[-106.25169,34.83967],[-106.25106,34.83953],[-106.25128,34.83922],[-106.25203,34.83912],[-106.25185,34.83883],[-106.25208,34.83859],[-106.25332,34.83789],[-106.2534,34.83753],[-106.25403,34.83704],[-106.25333,34.83691],[-106.25238,34.8372],[-106.25171,34.83664],[-106.25139,34.83652],[-106.25066,34.83667],[-106.25032,34.83658],[-106.25014,34.83622],[-106.24973,34.83613],[-106.24875,34.83631],[-106.24666,34.83612],[-106.24659,34.83582],[-106.24611,34.83549],[-106.2459,34.83568],[-106.24505,34.83569],[-106.24432,34.83516],[-106.24098,34.83448],[-106.24025,34.83417],[-106.24008,34.83398],[-106.24008,34.83363],[-106.23986,34.8337],[-106.23908,34.83484],[-106.23883,34.8349],[-106.23912,34.83501],[-106.23959,34.8349],[-106.23968,34.83519],[-106.23954,34.83554],[-106.23836,34.83566],[-106.23861,34.8363],[-106.2385,34.8365],[-106.23789,34.83648],[-106.23742,34.8362],[-106.23756,34.83588],[-106.23698,34.83546],[-106.23713,34.8352],[-106.23749,34.83506],[-106.23658,34.83497],[-106.23632,34.83486],[-106.23635,34.83466],[-106.23811,34.83442],[-106.23849,34.83418],[-106.23595,34.83417],[-106.23468,34.83353],[-106.23525,34.83322],[-106.23647,34.83341],[-106.23748,34.83392],[-106.23878,34.83386],[-106.23867,34.83346],[-106.23768,34.83302],[-106.23816,34.83269],[-106.23798,34.83233],[-106.23818,34.83197],[-106.23805,34.83182],[-106.23781,34.83173],[-106.237,34.83192],[-106.23638,34.83161],[-106.2362,34.83202],[-106.23639,34.83251],[-106.2363,34.83265],[-106.23595,34.83273],[-106.23538,34.83255],[-106.23541,34.83215],[-106.23574,34.83191],[-106.2351,34.83165],[-106.2351,34.83144],[-106.23561,34.83122],[-106.23786,34.83124],[-106.23823,34.83147],[-106.23878,34.83123],[-106.24026,34.83102],[-106.24252,34.83123],[-106.24296,34.83106],[-106.24277,34.83052],[-106.24327,34.83033],[-106.24421,34.83045],[-106.24625,34.83013],[-106.24658,34.83021],[-106.24656,34.8299],[-106.24478,34.82939],[-106.24498,34.82896],[-106.24535,34.8287],[-106.24532,34.82843],[-106.24494,34.82839],[-106.2444,34.82871],[-106.2436,34.82883],[-106.24385,34.82918],[-106.24361,34.82972],[-106.24242,34.82959],[-106.24234,34.8299],[-106.24192,34.82998],[-106.24101,34.8293],[-106.24075,34.82931],[-106.24,34.82987],[-106.23963,34.82991],[-106.23809,34.82949],[-106.23434,34.82926],[-106.23346,34.82907],[-106.23211,34.82852],[-106.23143,34.82801],[-106.23088,34.82723],[-106.22912,34.82685],[-106.22818,34.82557],[-106.22861,34.82505],[-106.22908,34.82494],[-106.23025,34.82501],[-106.23016,34.82454],[-106.22849,34.82406],[-106.22866,34.82361],[-106.23156,34.82304],[-106.23316,34.82339],[-106.2358,34.82455],[-106.23628,34.82462],[-106.2368,34.82519],[-106.23688,34.82547],[-106.23772,34.82603],[-106.23906,34.82614],[-106.23957,34.8263],[-106.24004,34.82683],[-106.24085,34.827],[-106.24069,34.82681],[-106.24093,34.82521],[-106.24264,34.82524],[-106.24388,34.82547],[-106.24511,34.82603],[-106.24604,34.82668],[-106.24682,34.82646],[-106.24737,34.82658],[-106.24808,34.8275],[-106.24994,34.82827],[-106.24974,34.82844],[-106.24919,34.82825],[-106.24858,34.82828],[-106.24842,34.82857],[-106.24865,34.82907],[-106.24782,34.82943],[-106.24778,34.83085],[-106.24809,34.83107],[-106.24864,34.83079],[-106.24875,34.83037],[-106.24946,34.83003],[-106.24954,34.82901],[-106.25002,34.82883],[-106.25103,34.82896],[-106.25447,34.82988],[-106.25586,34.82994],[-106.25594,34.8298],[-106.25536,34.82937],[-106.25426,34.82945],[-106.25367,34.8287],[-106.25351,34.82794],[-106.25227,34.82776],[-106.25178,34.82798],[-106.25022,34.82812],[-106.25027,34.82778],[-106.24954,34.82755],[-106.24992,34.8274],[-106.25064,34.82765],[-106.25151,34.82731],[-106.25217,34.82728],[-106.2522,34.82702],[-106.25175,34.82647],[-106.25207,34.82602],[-106.25341,34.82667],[-106.25444,34.82607],[-106.25525,34.8261],[-106.25572,34.82634],[-106.25577,34.82619],[-106.25525,34.82599],[-106.25556,34.82554],[-106.25591,34.82542],[-106.25667,34.82614],[-106.25684,34.82609],[-106.25684,34.82575],[-106.25761,34.82544],[-106.25804,34.82507],[-106.25859,34.825],[-106.25865,34.82521],[-106.25842,34.8254],[-106.25909,34.82554],[-106.26068,34.82509],[-106.26103,34.82471],[-106.26127,34.82493],[-106.26206,34.82479],[-106.26272,34.82457],[-106.26292,34.82436],[-106.26291,34.82395],[-106.26248,34.82391],[-106.26179,34.8242],[-106.2595,34.82413],[-106.25565,34.82433],[-106.25547,34.82422],[-106.25556,34.82404],[-106.25542,34.82391],[-106.25564,34.82352],[-106.25558,34.82321],[-106.2552,34.82312],[-106.25492,34.82348],[-106.25446,34.82356],[-106.25416,34.82323],[-106.25433,34.82261],[-106.25386,34.82216],[-106.25423,34.82204],[-106.25432,34.82172],[-106.2547,34.8214],[-106.25601,34.82116],[-106.25639,34.82127],[-106.25649,34.82159],[-106.25675,34.8217],[-106.25708,34.8217],[-106.25727,34.8214],[-106.25768,34.82131],[-106.25836,34.82152],[-106.25888,34.82054],[-106.25929,34.82056],[-106.25975,34.82067],[-106.25987,34.82089],[-106.25979,34.8211],[-106.25943,34.82127],[-106.25989,34.82124],[-106.25974,34.8216],[-106.25998,34.82174],[-106.26071,34.82166],[-106.26433,34.82212],[-106.26499,34.82161],[-106.26461,34.82131],[-106.26489,34.82097],[-106.26556,34.82074],[-106.26618,34.82015],[-106.26595,34.81989],[-106.26444,34.81975],[-106.26458,34.81957],[-106.26457,34.81907],[-106.26509,34.8188],[-106.265,34.81842],[-106.26435,34.81785],[-106.26361,34.81815],[-106.26302,34.81796],[-106.26429,34.81726],[-106.26501,34.81746],[-106.26521,34.81736],[-106.26538,34.81701],[-106.26514,34.81644],[-106.26482,34.8163],[-106.2641,34.81633],[-106.26397,34.81566],[-106.26286,34.81503],[-106.26106,34.81464],[-106.25974,34.8148],[-106.25958,34.81406],[-106.25859,34.81393],[-106.25824,34.81372],[-106.25791,34.81296],[-106.25716,34.81265],[-106.25593,34.81171],[-106.25508,34.81131],[-106.25496,34.81101],[-106.25447,34.81068],[-106.25302,34.80885],[-106.25235,34.80836],[-106.25171,34.8082],[-106.25156,34.80796],[-106.25217,34.80791],[-106.25225,34.80762],[-106.251,34.80738],[-106.25029,34.80744],[-106.24923,34.80697],[-106.24814,34.80717],[-106.24566,34.8068],[-106.24542,34.80666],[-106.24538,34.80642],[-106.24587,34.80625],[-106.24596,34.80607],[-106.24573,34.80563],[-106.24333,34.80497],[-106.24302,34.80462],[-106.24313,34.80449],[-106.24409,34.80464],[-106.24475,34.80505],[-106.246,34.80462],[-106.2463,34.80477],[-106.24657,34.80519],[-106.24691,34.80511],[-106.24724,34.80465],[-106.2488,34.80573],[-106.24952,34.80573],[-106.24973,34.80558],[-106.24909,34.80513],[-106.24891,34.80489],[-106.24905,34.80474],[-106.24949,34.80479],[-106.24979,34.80516],[-106.25132,34.80544],[-106.25205,34.80583],[-106.25303,34.80559],[-106.25374,34.80579],[-106.25346,34.80545],[-106.25268,34.80535],[-106.25259,34.80462],[-106.25193,34.8046],[-106.25146,34.80434],[-106.25173,34.80376],[-106.25226,34.8036],[-106.25223,34.80332],[-106.25245,34.80316],[-106.25313,34.80316],[-106.25337,34.80345],[-106.25382,34.80336],[-106.25404,34.80376],[-106.25434,34.80391],[-106.25527,34.80385],[-106.25579,34.80417],[-106.2561,34.80505],[-106.25595,34.8052],[-106.25443,34.80532],[-106.25414,34.80579],[-106.255,34.80554],[-106.25676,34.80583],[-106.25761,34.80659],[-106.2576,34.80745],[-106.25818,34.80787],[-106.25859,34.80765],[-106.25908,34.80767],[-106.25964,34.80824],[-106.25965,34.80846],[-106.26046,34.80914],[-106.26167,34.80908],[-106.26171,34.80931],[-106.26131,34.80951],[-106.26145,34.80972],[-106.2625,34.81028],[-106.26484,34.81207],[-106.26563,34.81215],[-106.26673,34.8129],[-106.26738,34.81299],[-106.26842,34.81269],[-106.26879,34.81234],[-106.26919,34.81121],[-106.26914,34.81074],[-106.27024,34.80954],[-106.27082,34.8092],[-106.27137,34.80911],[-106.27264,34.80937],[-106.27483,34.81037],[-106.27492,34.81082],[-106.27544,34.81108],[-106.2766,34.81126],[-106.27724,34.81151],[-106.27836,34.81234],[-106.27879,34.81231],[-106.27923,34.81118],[-106.27913,34.81004],[-106.27823,34.80955],[-106.27778,34.80888],[-106.27757,34.80831],[-106.2768,34.80739],[-106.27674,34.80701],[-106.27706,34.80693],[-106.27779,34.80743],[-106.27935,34.8077],[-106.28,34.80819],[-106.28038,34.80878],[-106.2802,34.81031],[-106.28031,34.81122],[-106.28068,34.81124],[-106.28088,34.81078],[-106.28067,34.81021],[-106.28069,34.80974],[-106.28094,34.8093],[-106.28251,34.80943],[-106.28243,34.80932],[-106.28276,34.80924],[-106.2832,34.80949],[-106.28398,34.80949],[-106.28502,34.80905],[-106.28556,34.80899],[-106.28624,34.80972],[-106.28659,34.80989],[-106.2885,34.80987],[-106.28998,34.80931],[-106.29015,34.80905],[-106.28977,34.80871],[-106.28849,34.80895],[-106.28677,34.80872],[-106.28654,34.80848],[-106.28668,34.80831],[-106.28596,34.80808],[-106.28595,34.80772],[-106.28654,34.80672],[-106.28628,34.80646],[-106.2852,34.80597],[-106.28448,34.806],[-106.2843,34.80569],[-106.28432,34.80533],[-106.28333,34.80467],[-106.28303,34.80425],[-106.2816,34.80324],[-106.2807,34.80308],[-106.28139,34.8018],[-106.28121,34.80121],[-106.28133,34.801],[-106.27975,34.80015],[-106.27909,34.79951],[-106.27916,34.79871],[-106.27997,34.79886],[-106.28111,34.79953],[-106.2818,34.79925],[-106.28227,34.7996],[-106.28227,34.79994],[-106.28274,34.80051],[-106.28341,34.80093],[-106.28387,34.80042],[-106.28416,34.80037],[-106.28512,34.80103],[-106.28525,34.80184],[-106.28577,34.80167],[-106.28668,34.80235],[-106.28784,34.80245],[-106.28864,34.80194],[-106.29004,34.80141],[-106.2902,34.80101],[-106.29055,34.80106],[-106.29058,34.80175],[-106.2913,34.80192],[-106.29133,34.8024],[-106.29158,34.80243],[-106.29183,34.80216],[-106.2922,34.80206],[-106.29285,34.80215],[-106.29332,34.80253],[-106.29413,34.80269],[-106.29417,34.80231],[-106.29271,34.80168],[-106.29298,34.8014],[-106.29337,34.80142],[-106.29468,34.80204],[-106.29582,34.80225],[-106.29647,34.80295],[-106.299,34.80443],[-106.29925,34.80486],[-106.2999,34.80457],[-106.3003,34.80459],[-106.30072,34.80492],[-106.29994,34.80347],[-106.29993,34.80311],[-106.29912,34.80276],[-106.29897,34.80246],[-106.29839,34.80208],[-106.29691,34.80186],[-106.29696,34.80159],[-106.29756,34.80133],[-106.29872,34.80122],[-106.30046,34.80149],[-106.30163,34.80217],[-106.3024,34.80224],[-106.3031,34.80205],[-106.3038,34.80318],[-106.30463,34.80359],[-106.30535,34.80368],[-106.30591,34.80417],[-106.30678,34.80438],[-106.30783,34.80513],[-106.30868,34.80543],[-106.30971,34.80643],[-106.31039,34.80635],[-106.31074,34.80651],[-106.31078,34.80685],[-106.31041,34.80717],[-106.31088,34.80748],[-106.31144,34.8075],[-106.31211,34.80793],[-106.31374,34.80822],[-106.31366,34.80841],[-106.31398,34.8085],[-106.31408,34.80885],[-106.31449,34.80915],[-106.31606,34.80921],[-106.31655,34.80951],[-106.31728,34.81033],[-106.3167,34.81103],[-106.31647,34.81189],[-106.31662,34.81243],[-106.31693,34.81248],[-106.31721,34.81219],[-106.31794,34.8123],[-106.31891,34.81209],[-106.31862,34.81149],[-106.31876,34.81132],[-106.32001,34.81139],[-106.32063,34.8115],[-106.32099,34.81184],[-106.322,34.81214],[-106.32235,34.81251],[-106.32343,34.81276],[-106.32368,34.81295],[-106.32375,34.81338],[-106.32417,34.81369],[-106.32487,34.81366],[-106.32569,34.81328],[-106.32611,34.81327],[-106.32652,34.81292],[-106.32607,34.81261],[-106.32547,34.81248],[-106.32537,34.81233],[-106.32547,34.81205],[-106.32693,34.81226],[-106.32767,34.813],[-106.32812,34.81316],[-106.32833,34.81305],[-106.32814,34.81228],[-106.32845,34.81207],[-106.32882,34.81207],[-106.32867,34.81151],[-106.32878,34.81128],[-106.32927,34.811],[-106.32988,34.8109],[-106.33061,34.81149],[-106.3307,34.81189],[-106.33099,34.81224],[-106.33099,34.81253],[-106.33045,34.81311],[-106.33045,34.81328],[-106.33073,34.81339],[-106.33128,34.81324],[-106.33159,34.81292],[-106.33228,34.8128],[-106.33298,34.81294],[-106.33341,34.81362],[-106.33438,34.81593],[-106.33449,34.81641],[-106.33433,34.81707],[-106.33479,34.81773],[-106.33494,34.81861],[-106.33585,34.81895],[-106.33603,34.81929],[-106.33608,34.82003],[-106.33647,34.8204],[-106.3363,34.821],[-106.33641,34.8214],[-106.33697,34.82134],[-106.33741,34.82079],[-106.33824,34.82038],[-106.33785,34.81998],[-106.3378,34.81947],[-106.33829,34.81926],[-106.33894,34.8186],[-106.3389,34.81846],[-106.33931,34.81826],[-106.3395,34.81888],[-106.34008,34.8189],[-106.34106,34.81775],[-106.34126,34.81796],[-106.34155,34.81794],[-106.34164,34.81775],[-106.34138,34.81768],[-106.34182,34.81744],[-106.34211,34.81701],[-106.34272,34.81671],[-106.34345,34.81697],[-106.34472,34.81673],[-106.34846,34.81543],[-106.34926,34.81557],[-106.34981,34.81546],[-106.34985,34.81487],[-106.35051,34.8148],[-106.35071,34.81446],[-106.35133,34.81431],[-106.35217,34.81442],[-106.35268,34.81398],[-106.3535,34.81405],[-106.35336,34.81331],[-106.35373,34.81285],[-106.35444,34.81258],[-106.35553,34.81247],[-106.35618,34.81221],[-106.35624,34.81186],[-106.35761,34.81182],[-106.35824,34.81127],[-106.3591,34.81111],[-106.35936,34.81116],[-106.35921,34.81148],[-106.35942,34.81148],[-106.36023,34.81072],[-106.36059,34.81074],[-106.3607,34.81046],[-106.36131,34.81031],[-106.36145,34.81006],[-106.36207,34.81],[-106.36244,34.80979],[-106.36333,34.80993],[-106.36349,34.81032],[-106.36362,34.81007],[-106.36426,34.80986],[-106.36563,34.81003],[-106.36601,34.80982],[-106.36684,34.80977],[-106.36716,34.80995],[-106.36765,34.80988],[-106.36845,34.80935],[-106.3699,34.80918],[-106.37062,34.80937],[-106.37091,34.80919],[-106.37085,34.80905],[-106.36997,34.80835],[-106.36979,34.80786],[-106.36995,34.80714],[-106.37019,34.80683],[-106.37064,34.80685],[-106.37132,34.8081],[-106.3728,34.80897],[-106.37284,34.80929],[-106.37329,34.80936],[-106.37359,34.80905],[-106.374,34.80894],[-106.37511,34.80891],[-106.37735,34.80973],[-106.37736,34.81014],[-106.37774,34.81049],[-106.37755,34.81064],[-106.37761,34.81097],[-106.37741,34.81117],[-106.37785,34.81184],[-106.37753,34.81246],[-106.37727,34.81252],[-106.3773,34.81281],[-106.37702,34.81289],[-106.37764,34.81344],[-106.3777,34.8138],[-106.37575,34.81393],[-106.37534,34.81488],[-106.37501,34.81492],[-106.37432,34.81558],[-106.37431,34.81574],[-106.37359,34.81564],[-106.37298,34.81608],[-106.37052,34.81674],[-106.37069,34.8171],[-106.37035,34.81724],[-106.37047,34.81733],[-106.37023,34.81763],[-106.36929,34.81751],[-106.36883,34.81796],[-106.36824,34.8178],[-106.36791,34.81792],[-106.36791,34.81821],[-106.36763,34.81823],[-106.367,34.81871],[-106.36653,34.8193],[-106.3664,34.82029],[-106.36583,34.82024],[-106.36571,34.81963],[-106.3654,34.81962],[-106.36535,34.81919],[-106.36559,34.81882],[-106.36548,34.81851],[-106.36522,34.81838],[-106.36506,34.81882],[-106.36519,34.81982],[-106.3654,34.81996],[-106.3652,34.82025],[-106.36551,34.82054],[-106.36554,34.82077],[-106.3647,34.82174],[-106.3651,34.82213],[-106.36485,34.82209],[-106.3646,34.8224],[-106.36387,34.82261],[-106.36366,34.82289],[-106.36319,34.82301],[-106.36307,34.82284],[-106.3629,34.823],[-106.36224,34.82287],[-106.36206,34.82301],[-106.36137,34.82293],[-106.36076,34.82308],[-106.35988,34.82289],[-106.35963,34.82308],[-106.35933,34.82252],[-106.35903,34.8229],[-106.35855,34.82299],[-106.35842,34.82284],[-106.35812,34.82309],[-106.35441,34.82303],[-106.35438,34.82314],[-106.34964,34.82351],[-106.34836,34.82321],[-106.34797,34.8235],[-106.34726,34.8236],[-106.34715,34.82343],[-106.34755,34.82336],[-106.34742,34.82309],[-106.34757,34.82286],[-106.34808,34.82252],[-106.34885,34.82239],[-106.34856,34.82185],[-106.34806,34.82196],[-106.34796,34.82178],[-106.34754,34.8222],[-106.34656,34.82244],[-106.34618,34.82316],[-106.34573,34.82303],[-106.34507,34.82313],[-106.34478,34.82373],[-106.34422,34.82616],[-106.34536,34.82642],[-106.34546,34.82685],[-106.34619,34.82674],[-106.34648,34.82719],[-106.34652,34.82809],[-106.34601,34.82843],[-106.34499,34.82809],[-106.34471,34.82707],[-106.34459,34.82684],[-106.34435,34.82687],[-106.34433,34.8278],[-106.34414,34.82812],[-106.3445,34.82859],[-106.34503,34.82891],[-106.34497,34.8297],[-106.34526,34.82995],[-106.34489,34.8314],[-106.34409,34.83207],[-106.34338,34.83219],[-106.34292,34.83172],[-106.34323,34.83091],[-106.34314,34.83054],[-106.3429,34.83043],[-106.342,34.83127],[-106.34194,34.83175],[-106.34207,34.83209],[-106.34165,34.83217],[-106.34204,34.83274],[-106.34201,34.83291],[-106.34273,34.83321],[-106.34282,34.83342],[-106.34264,34.83364],[-106.34308,34.83411],[-106.34252,34.83414],[-106.34252,34.8344],[-106.34205,34.835],[-106.3415,34.83533],[-106.34132,34.83596],[-106.34153,34.83621],[-106.34318,34.8367],[-106.34341,34.83651],[-106.34375,34.83656],[-106.3437,34.83748],[-106.34315,34.8378],[-106.34223,34.83874],[-106.34273,34.84018],[-106.34271,34.84061],[-106.34199,34.84057],[-106.3413,34.84155],[-106.34165,34.84212],[-106.34224,34.84261],[-106.34196,34.84324],[-106.34152,34.84333],[-106.34131,34.84418],[-106.34083,34.84444],[-106.34124,34.84513],[-106.3417,34.84525],[-106.34202,34.84554],[-106.34164,34.8462],[-106.34096,34.8464],[-106.34077,34.84728],[-106.34087,34.84779],[-106.34068,34.84838],[-106.33945,34.84964],[-106.33931,34.85109],[-106.33873,34.8518],[-106.33845,34.85272],[-106.33764,34.85328],[-106.33609,34.85347],[-106.33425,34.85321],[-106.33264,34.85413],[-106.33206,34.85394],[-106.33207,34.85367],[-106.33181,34.854],[-106.33061,34.85434],[-106.33118,34.8545],[-106.33132,34.85526],[-106.33081,34.85554],[-106.33089,34.8558],[-106.33074,34.85609],[-106.3301,34.85662],[-106.32835,34.85736],[-106.32792,34.85844],[-106.32746,34.85905],[-106.32715,34.85999],[-106.32578,34.86103],[-106.32579,34.86172],[-106.32458,34.86324],[-106.32275,34.86311],[-106.32229,34.86314],[-106.32211,34.86329],[-106.32087,34.86296],[-106.32009,34.86297],[-106.31954,34.86322],[-106.31945,34.86349],[-106.31957,34.86368],[-106.32103,34.86401],[-106.32228,34.8652],[-106.32219,34.86568],[-106.32159,34.86599],[-106.32099,34.86603],[-106.32107,34.86628],[-106.32165,34.86658],[-106.32161,34.86723],[-106.32111,34.8676],[-106.3211,34.86815],[-106.32068,34.86836],[-106.32057,34.8693],[-106.32019,34.86996],[-106.32029,34.87014],[-106.31935,34.87107],[-106.3188,34.87128],[-106.31843,34.87123],[-106.31815,34.87146],[-106.31805,34.87232],[-106.31826,34.87257],[-106.31832,34.8731],[-106.31758,34.87336],[-106.31738,34.8741],[-106.31715,34.8742],[-106.3165,34.87407],[-106.31553,34.87485],[-106.31523,34.87487],[-106.31523,34.87523],[-106.31579,34.87567],[-106.31563,34.87624],[-106.31534,34.87663],[-106.31541,34.87686],[-106.31507,34.87732],[-106.31408,34.87769],[-106.31329,34.87905],[-106.3131,34.88011],[-106.31267,34.88063],[-106.31238,34.88141],[-106.31132,34.88169],[-106.30971,34.88245],[-106.30823,34.88272],[-106.30735,34.88389],[-106.30672,34.88377],[-106.30547,34.88439],[-106.30529,34.88475],[-106.30564,34.88504],[-106.30565,34.88561],[-106.30501,34.88644],[-106.30471,34.88657],[-106.30475,34.88678],[-106.30355,34.88853],[-106.3021,34.88914],[-106.30165,34.88966],[-106.30118,34.89048],[-106.30112,34.89104],[-106.3008,34.89173],[-106.29978,34.89311],[-106.29902,34.89348],[-106.29615,34.89378],[-106.29581,34.89401],[-106.29558,34.89453],[-106.29603,34.89681],[-106.29559,34.89745],[-106.2949,34.89797],[-106.2948,34.89837],[-106.29349,34.89876],[-106.29235,34.8994],[-106.2883,34.9005],[-106.28831,34.90082],[-106.28734,34.90111],[-106.28724,34.90146],[-106.28627,34.90144],[-106.28627,34.90175],[-106.28428,34.90321],[-106.28404,34.90364],[-106.28391,34.90352],[-106.28084,34.90385],[-106.28019,34.90361],[-106.28016,34.90389],[-106.27942,34.90407],[-106.27902,34.90379],[-106.27883,34.90392],[-106.27863,34.90368],[-106.27787,34.90339],[-106.27684,34.90338],[-106.27679,34.90326],[-106.27729,34.90269],[-106.27718,34.90242],[-106.27575,34.90209],[-106.2754,34.90213],[-106.27615,34.90309],[-106.27556,34.90324],[-106.27552,34.90339],[-106.27517,34.90327],[-106.27491,34.90352],[-106.27417,34.90323],[-106.27372,34.90274],[-106.27382,34.90261],[-106.27352,34.90212],[-106.27332,34.90206],[-106.27308,34.90238],[-106.2734,34.90283],[-106.27334,34.90344],[-106.27269,34.90424],[-106.27207,34.90437],[-106.27098,34.90398],[-106.27108,34.90366],[-106.27087,34.90326],[-106.27086,34.90266],[-106.27043,34.90221]]],[[[-106.26791,34.80853],[-106.26788,34.80796],[-106.26822,34.80798],[-106.26837,34.80817],[-106.26869,34.80734],[-106.26811,34.80657],[-106.26723,34.80599],[-106.26706,34.80571],[-106.26732,34.8053],[-106.26799,34.80488],[-106.2682,34.80492],[-106.26819,34.80512],[-106.26797,34.80524],[-106.26788,34.80558],[-106.26853,34.80618],[-106.26901,34.80628],[-106.26901,34.8069],[-106.2697,34.80752],[-106.26951,34.80868],[-106.26911,34.80942],[-106.26915,34.80985],[-106.26879,34.81008],[-106.26841,34.81065],[-106.26824,34.81072],[-106.26809,34.81054],[-106.26821,34.80903],[-106.26791,34.80853]]],[[[-106.25195,34.82137],[-106.251,34.82121],[-106.2507,34.82086],[-106.25066,34.82],[-106.25181,34.81973],[-106.25324,34.82033],[-106.25344,34.82059],[-106.25327,34.82074],[-106.25239,34.82134],[-106.25195,34.82137]]],[[[-106.27011,34.80689],[-106.27032,34.80674],[-106.27073,34.80719],[-106.27157,34.80761],[-106.27166,34.80792],[-106.27155,34.80828],[-106.27095,34.80864],[-106.27045,34.80777],[-106.27016,34.80765],[-106.27011,34.80689]]],[[[-106.23523,34.83565],[-106.23554,34.83566],[-106.23571,34.83587],[-106.23572,34.83649],[-106.23593,34.83679],[-106.23537,34.83683],[-106.23408,34.83591],[-106.23523,34.83565]]],[[[-106.32677,34.81089],[-106.32704,34.81063],[-106.32729,34.81082],[-106.32779,34.81179],[-106.32762,34.81197],[-106.32703,34.81194],[-106.32671,34.81169],[-106.32677,34.81089]]],[[[-106.26684,34.80676],[-106.26675,34.80642],[-106.26719,34.80649],[-106.26769,34.80696],[-106.26746,34.80708],[-106.26684,34.80676]]],[[[-106.33385,34.81313],[-106.33402,34.81296],[-106.3344,34.81298],[-106.33444,34.81338],[-106.33385,34.81341],[-106.33385,34.81313]]],[[[-106.27976,34.80135],[-106.28022,34.80143],[-106.28037,34.80172],[-106.27979,34.8016],[-106.27976,34.80135]]]]},"properties":{"incidentname":"Dog Head","perimeterdatetime":1466374980000,"gisacres":17856.96,"state":"NM"}},{"type":"Feature","geometry":{"type":"MultiPolygon","coordinates":[[[[-106.23972,34.85467],[-106.24012,34.85449],[-106.23843,34.85336],[-106.23842,34.85311],[-106.23855,34.85291],[-106.24131,34.85168],[-106.24168,34.85065],[-106.24263,34.85064],[-106.243,34.85043],[-106.24384,34.85097],[-106.24491,34.85105],[-106.24506,34.85088],[-106.245,34.8507],[-106.24518,34.85066],[-106.24589,34.85095],[-106.24614,34.85126],[-106.24644,34.85135],[-106.24659,34.85179],[-106.24698,34.85208],[-106.24834,34.85252],[-106.24831,34.85304],[-106.24871,34.85342],[-106.24862,34.85373],[-106.24932,34.85476],[-106.24951,34.85476],[-106.24897,34.85339],[-106.24909,34.85261],[-106.25019,34.85217],[-106.25051,34.85224],[-106.25088,34.85262],[-106.25106,34.85224],[-106.25217,34.85223],[-106.25217,34.85181],[-106.25045,34.85116],[-106.25039,34.85073],[-106.25009,34.85054],[-106.24935,34.85056],[-106.24882,34.85037],[-106.24872,34.85048],[-106.2487,34.85001],[-106.24806,34.84992],[-106.2475,34.84964],[-106.24667,34.84798],[-106.24689,34.84729],[-106.24737,34.84711],[-106.24757,34.84686],[-106.247,34.84624],[-106.24631,34.84625],[-106.24633,34.84606],[-106.24731,34.84576],[-106.24795,34.84578],[-106.2483,34.84609],[-106.24926,34.84617],[-106.2493,34.84677],[-106.25076,34.84667],[-106.25087,34.84714],[-106.25114,34.84722],[-106.25402,34.84774],[-106.25485,34.84761],[-106.2559,34.84817],[-106.25614,34.84845],[-106.25708,34.84824],[-106.25756,34.8487],[-106.25819,34.84841],[-106.25836,34.84798],[-106.25865,34.84798],[-106.25886,34.84843],[-106.25924,34.84861],[-106.25939,34.84935],[-106.25989,34.84939],[-106.26099,34.84984],[-106.26085,34.85017],[-106.26051,34.85041],[-106.26046,34.85077],[-106.26087,34.85115],[-106.26174,34.85126],[-106.26215,34.85183],[-106.26225,34.8523],[-106.26254,34.85256],[-106.2637,34.85265],[-106.2643,34.85233],[-106.26433,34.85202],[-106.26336,34.8515],[-106.26318,34.85086],[-106.2625,34.8503],[-106.26296,34.84965],[-106.26304,34.84924],[-106.26268,34.84872],[-106.26146,34.84818],[-106.26125,34.84771],[-106.26023,34.84722],[-106.25996,34.84632],[-106.25952,34.8462],[-106.25884,34.84547],[-106.25921,34.84492],[-106.2614,34.84446],[-106.26207,34.84489],[-106.26399,34.84508],[-106.26443,34.84531],[-106.26466,34.84577],[-106.26516,34.84609],[-106.26583,34.84602],[-106.26593,34.84537],[-106.26586,34.84461],[-106.26469,34.84383],[-106.26437,34.84326],[-106.26375,34.84298],[-106.26323,34.8428],[-106.26181,34.84288],[-106.25853,34.84235],[-106.25864,34.84194],[-106.25733,34.84121],[-106.2568,34.84074],[-106.25683,34.84055],[-106.25793,34.84052],[-106.25846,34.84094],[-106.25904,34.84105],[-106.25934,34.84024],[-106.25878,34.83924],[-106.25852,34.83927],[-106.25829,34.8398],[-106.25807,34.83986],[-106.25793,34.84013],[-106.25712,34.84004],[-106.25663,34.83972],[-106.25632,34.83978],[-106.25557,34.83953],[-106.2544,34.84046],[-106.25385,34.84061],[-106.25281,34.8405],[-106.25217,34.84024],[-106.25204,34.83991],[-106.25169,34.83965],[-106.25106,34.83951],[-106.25128,34.8392],[-106.25203,34.8391],[-106.25185,34.83881],[-106.25208,34.83857],[-106.25332,34.83787],[-106.2534,34.83751],[-106.25403,34.83702],[-106.25333,34.83689],[-106.25238,34.83718],[-106.25171,34.83662],[-106.25139,34.8365],[-106.25066,34.83665],[-106.25032,34.83656],[-106.25014,34.83621],[-106.24973,34.83611],[-106.24875,34.83629],[-106.24666,34.8361],[-106.24659,34.8358],[-106.24611,34.83547],[-106.2459,34.83566],[-106.24505,34.83567],[-106.24432,34.83514],[-106.24098,34.83446],[-106.24025,34.83415],[-106.24008,34.83397],[-106.24008,34.83361],[-106.23986,34.83368],[-106.23928,34.83455],[-106.23964,34.83482],[-106.24054,34.83469],[-106.24068,34.83498],[-106.24046,34.83523],[-106.23959,34.83574],[-106.23944,34.83603],[-106.2389,34.83638],[-106.23824,34.83653],[-106.23742,34.8362],[-106.23756,34.83588],[-106.23698,34.83546],[-106.23713,34.8352],[-106.23751,34.83504],[-106.23658,34.83495],[-106.23632,34.83484],[-106.23635,34.83465],[-106.23811,34.8344],[-106.23849,34.83417],[-106.23595,34.83417],[-106.23468,34.83353],[-106.23495,34.8333],[-106.23575,34.83328],[-106.23621,34.83309],[-106.23774,34.8336],[-106.238,34.8339],[-106.23878,34.83386],[-106.23867,34.83345],[-106.23768,34.833],[-106.23815,34.83267],[-106.23804,34.83246],[-106.2377,34.83255],[-106.23759,34.83227],[-106.23808,34.83217],[-106.23818,34.83195],[-106.23781,34.83171],[-106.23757,34.83176],[-106.2374,34.83208],[-106.23709,34.8322],[-106.23709,34.83191],[-106.23638,34.83159],[-106.2362,34.83201],[-106.23639,34.83249],[-106.23595,34.83271],[-106.23538,34.83253],[-106.23541,34.83213],[-106.23574,34.83189],[-106.2351,34.83163],[-106.2351,34.83142],[-106.23593,34.8312],[-106.23786,34.83122],[-106.23823,34.83145],[-106.23878,34.83122],[-106.24026,34.831],[-106.24278,34.83117],[-106.24296,34.83104],[-106.24277,34.8305],[-106.24327,34.83031],[-106.24446,34.83037],[-106.24445,34.83003],[-106.24526,34.82977],[-106.2454,34.82955],[-106.24444,34.82944],[-106.24436,34.82927],[-106.24535,34.8287],[-106.24532,34.82843],[-106.24494,34.82839],[-106.2444,34.82871],[-106.2436,34.82883],[-106.24385,34.82918],[-106.24361,34.82972],[-106.24242,34.82959],[-106.24234,34.8299],[-106.24192,34.82998],[-106.24101,34.8293],[-106.24075,34.82931],[-106.24,34.82987],[-106.23963,34.82991],[-106.23809,34.82949],[-106.23434,34.82926],[-106.23346,34.82907],[-106.23211,34.82852],[-106.23143,34.82801],[-106.23098,34.82723],[-106.22984,34.8273],[-106.22811,34.82596],[-106.22772,34.82593],[-106.22681,34.82532],[-106.22548,34.82475],[-106.22529,34.82442],[-106.22553,34.82385],[-106.22691,34.82309],[-106.22784,34.82304],[-106.22997,34.82337],[-106.23156,34.82304],[-106.23316,34.82339],[-106.2358,34.82455],[-106.23628,34.82462],[-106.2368,34.82519],[-106.23688,34.82547],[-106.23772,34.82603],[-106.2393,34.82621],[-106.2394,34.82599],[-106.23996,34.82604],[-106.24034,34.82555],[-106.23958,34.82524],[-106.2397,34.82509],[-106.24023,34.82507],[-106.24047,34.82486],[-106.24113,34.82485],[-106.24388,34.82547],[-106.24511,34.82603],[-106.24604,34.82668],[-106.24682,34.82646],[-106.24737,34.82658],[-106.24761,34.827],[-106.24831,34.82764],[-106.24942,34.82806],[-106.24994,34.8281],[-106.24974,34.82844],[-106.24919,34.82825],[-106.24858,34.82828],[-106.24842,34.82857],[-106.24865,34.82907],[-106.24782,34.82943],[-106.24778,34.83085],[-106.24809,34.83107],[-106.24864,34.83078],[-106.24875,34.83035],[-106.24946,34.83001],[-106.24962,34.82884],[-106.25025,34.82864],[-106.254,34.82977],[-106.25586,34.82992],[-106.25594,34.82978],[-106.25536,34.82935],[-106.25426,34.82944],[-106.25367,34.82868],[-106.25351,34.82792],[-106.25227,34.82774],[-106.25178,34.82796],[-106.2504,34.82815],[-106.25019,34.82808],[-106.25027,34.82776],[-106.24954,34.82753],[-106.24992,34.82738],[-106.25064,34.82764],[-106.25151,34.82729],[-106.25217,34.82726],[-106.2522,34.827],[-106.25175,34.82646],[-106.25207,34.826],[-106.25341,34.82665],[-106.25444,34.82605],[-106.25525,34.82609],[-106.25572,34.82632],[-106.25577,34.82618],[-106.25525,34.82597],[-106.25556,34.82552],[-106.25591,34.8254],[-106.25667,34.82612],[-106.25684,34.82607],[-106.25684,34.82574],[-106.25761,34.82542],[-106.25804,34.82505],[-106.25859,34.82498],[-106.25865,34.82519],[-106.25842,34.82538],[-106.25909,34.82552],[-106.26068,34.82507],[-106.26103,34.82469],[-106.26127,34.82491],[-106.26206,34.82477],[-106.26272,34.82455],[-106.26292,34.82434],[-106.26291,34.82393],[-106.26248,34.82389],[-106.26179,34.82418],[-106.2595,34.82411],[-106.25565,34.82432],[-106.25547,34.8242],[-106.25556,34.82402],[-106.25542,34.82389],[-106.25564,34.8235],[-106.25558,34.8232],[-106.2552,34.8231],[-106.25492,34.82346],[-106.25446,34.82354],[-106.25416,34.82321],[-106.25433,34.82259],[-106.25386,34.82214],[-106.25423,34.82202],[-106.25432,34.82171],[-106.2547,34.82138],[-106.2557,34.8213],[-106.25575,34.82114],[-106.25639,34.82125],[-106.25649,34.82157],[-106.25674,34.82168],[-106.25708,34.82168],[-106.25727,34.82138],[-106.25768,34.82129],[-106.25836,34.82152],[-106.25888,34.82054],[-106.25975,34.82067],[-106.25987,34.82089],[-106.25979,34.8211],[-106.25943,34.82125],[-106.25989,34.82122],[-106.25974,34.8216],[-106.25998,34.82174],[-106.26071,34.82164],[-106.26433,34.8221],[-106.26499,34.82159],[-106.26461,34.82129],[-106.26489,34.82095],[-106.26556,34.82072],[-106.26618,34.82013],[-106.26595,34.81987],[-106.26444,34.81973],[-106.26458,34.81955],[-106.26457,34.81905],[-106.26509,34.81878],[-106.265,34.8184],[-106.26435,34.81783],[-106.2636,34.81813],[-106.26302,34.81794],[-106.26429,34.81724],[-106.26501,34.81744],[-106.26521,34.81735],[-106.26538,34.81699],[-106.26514,34.81642],[-106.26482,34.81628],[-106.2641,34.81631],[-106.26397,34.81564],[-106.26286,34.81501],[-106.26106,34.81462],[-106.25974,34.81478],[-106.25958,34.81404],[-106.25859,34.81391],[-106.25824,34.8137],[-106.25791,34.81294],[-106.25716,34.81263],[-106.25593,34.81169],[-106.25508,34.8113],[-106.25496,34.81099],[-106.25447,34.81066],[-106.25302,34.80884],[-106.25235,34.80834],[-106.25171,34.80818],[-106.25156,34.80794],[-106.25217,34.80789],[-106.25225,34.8076],[-106.251,34.80736],[-106.25029,34.80742],[-106.24923,34.80695],[-106.24814,34.80715],[-106.24566,34.80678],[-106.24542,34.80664],[-106.24538,34.8064],[-106.24587,34.80623],[-106.24595,34.80605],[-106.24573,34.80562],[-106.24333,34.80495],[-106.24302,34.8046],[-106.24313,34.80447],[-106.24409,34.80462],[-106.24475,34.80503],[-106.246,34.80461],[-106.2463,34.80475],[-106.24657,34.80517],[-106.24691,34.80509],[-106.24724,34.80463],[-106.24822,34.80524],[-106.24859,34.80531],[-106.24854,34.80558],[-106.2488,34.80571],[-106.24952,34.80571],[-106.24973,34.80556],[-106.24927,34.80532],[-106.24891,34.80487],[-106.24905,34.80473],[-106.24949,34.80477],[-106.24979,34.80514],[-106.25132,34.80542],[-106.25205,34.80582],[-106.25224,34.8057],[-106.2519,34.80525],[-106.25221,34.80509],[-106.25259,34.80512],[-106.25269,34.80475],[-106.25259,34.80461],[-106.25193,34.80458],[-106.25146,34.80432],[-106.25173,34.80374],[-106.25226,34.80358],[-106.25223,34.8033],[-106.25245,34.80314],[-106.25313,34.80315],[-106.25337,34.80343],[-106.25382,34.80334],[-106.25404,34.80374],[-106.25434,34.80389],[-106.25527,34.80383],[-106.25579,34.80415],[-106.2561,34.80503],[-106.25595,34.80518],[-106.25444,34.8053],[-106.25414,34.80577],[-106.255,34.80552],[-106.25676,34.80581],[-106.25761,34.80657],[-106.2576,34.80743],[-106.25818,34.80785],[-106.25859,34.80763],[-106.25908,34.80765],[-106.25964,34.80822],[-106.25965,34.80845],[-106.26046,34.80912],[-106.26167,34.80906],[-106.26171,34.80929],[-106.26131,34.80949],[-106.26145,34.8097],[-106.2625,34.81026],[-106.26484,34.81205],[-106.26563,34.81213],[-106.26673,34.81288],[-106.26738,34.81298],[-106.26842,34.81267],[-106.26879,34.81232],[-106.26919,34.81119],[-106.26914,34.81072],[-106.27024,34.80952],[-106.27082,34.80918],[-106.27137,34.80909],[-106.27264,34.80935],[-106.27482,34.81035],[-106.27492,34.8108],[-106.27544,34.81106],[-106.2766,34.81124],[-106.27724,34.81149],[-106.27836,34.81232],[-106.27879,34.81229],[-106.27923,34.81116],[-106.27913,34.81002],[-106.27823,34.80953],[-106.27778,34.80886],[-106.27757,34.80829],[-106.2768,34.80737],[-106.27674,34.80699],[-106.27706,34.80692],[-106.27779,34.80741],[-106.27935,34.80768],[-106.28,34.80817],[-106.28038,34.80877],[-106.2802,34.81029],[-106.28031,34.8112],[-106.28068,34.81122],[-106.28088,34.81076],[-106.28067,34.81019],[-106.28069,34.80972],[-106.28094,34.80928],[-106.2825,34.80941],[-106.28243,34.8093],[-106.28276,34.80922],[-106.2832,34.80948],[-106.28398,34.80947],[-106.28502,34.80903],[-106.28556,34.80897],[-106.28624,34.80971],[-106.28659,34.80987],[-106.2885,34.80985],[-106.28998,34.80929],[-106.29015,34.80903],[-106.28977,34.80869],[-106.28848,34.80893],[-106.28677,34.8087],[-106.28654,34.80846],[-106.28668,34.80829],[-106.28595,34.80806],[-106.28595,34.8077],[-106.28654,34.8067],[-106.28628,34.80644],[-106.2852,34.80595],[-106.28448,34.80598],[-106.2843,34.80567],[-106.28432,34.80531],[-106.28333,34.80465],[-106.28303,34.80423],[-106.2816,34.80322],[-106.2807,34.80306],[-106.28139,34.80178],[-106.28121,34.80119],[-106.28133,34.80098],[-106.27975,34.80013],[-106.27909,34.79949],[-106.27916,34.79869],[-106.27997,34.79884],[-106.28111,34.79951],[-106.2818,34.79923],[-106.28227,34.79958],[-106.28227,34.79992],[-106.28274,34.80049],[-106.28341,34.80091],[-106.28387,34.8004],[-106.28416,34.80035],[-106.28537,34.80112],[-106.28516,34.80158],[-106.28525,34.80182],[-106.28577,34.80165],[-106.28668,34.80233],[-106.28784,34.80243],[-106.28864,34.80193],[-106.29004,34.8014],[-106.2902,34.80099],[-106.29055,34.80104],[-106.29058,34.80173],[-106.2913,34.8019],[-106.29133,34.80238],[-106.29158,34.80241],[-106.29183,34.80214],[-106.2922,34.80204],[-106.29285,34.80213],[-106.29332,34.80251],[-106.29413,34.80267],[-106.29417,34.80229],[-106.29271,34.80166],[-106.29298,34.80138],[-106.29337,34.8014],[-106.29467,34.80202],[-106.2953,34.80205],[-106.29582,34.80223],[-106.29614,34.80254],[-106.29638,34.80248],[-106.29647,34.80293],[-106.29693,34.80297],[-106.29689,34.80315],[-106.29725,34.80342],[-106.29872,34.8042],[-106.29924,34.80484],[-106.2999,34.80455],[-106.3003,34.80457],[-106.30071,34.8049],[-106.29994,34.80345],[-106.29993,34.80309],[-106.29912,34.80275],[-106.29897,34.80244],[-106.29839,34.80206],[-106.29691,34.80184],[-106.29696,34.80158],[-106.29756,34.80131],[-106.29872,34.8012],[-106.30046,34.80147],[-106.30163,34.80215],[-106.3024,34.80223],[-106.3031,34.80203],[-106.30325,34.80236],[-106.30348,34.8024],[-106.30355,34.80286],[-106.3038,34.80316],[-106.30463,34.80357],[-106.30535,34.80366],[-106.30591,34.80415],[-106.30694,34.80439],[-106.30783,34.80511],[-106.30868,34.80541],[-106.30971,34.80641],[-106.31039,34.80633],[-106.31074,34.80649],[-106.31078,34.80683],[-106.31041,34.80715],[-106.31088,34.80746],[-106.31144,34.80748],[-106.31211,34.80791],[-106.31374,34.8082],[-106.31366,34.80839],[-106.31398,34.80849],[-106.31408,34.80883],[-106.31449,34.80913],[-106.31606,34.80919],[-106.31655,34.80949],[-106.31728,34.81031],[-106.3167,34.81101],[-106.31647,34.81187],[-106.31662,34.81241],[-106.31693,34.81246],[-106.31721,34.81217],[-106.31794,34.81228],[-106.31891,34.81207],[-106.31862,34.81147],[-106.31876,34.8113],[-106.32001,34.81137],[-106.32063,34.81148],[-106.32099,34.81182],[-106.322,34.81212],[-106.32235,34.81249],[-106.32343,34.81274],[-106.32368,34.81293],[-106.32375,34.81336],[-106.32417,34.81367],[-106.32487,34.81364],[-106.32569,34.81326],[-106.32611,34.81325],[-106.32652,34.8129],[-106.32607,34.81259],[-106.32547,34.81246],[-106.32537,34.81231],[-106.32547,34.81203],[-106.32693,34.81224],[-106.32767,34.81298],[-106.32812,34.81314],[-106.32833,34.81303],[-106.32814,34.81226],[-106.32845,34.81205],[-106.32882,34.81205],[-106.32867,34.81149],[-106.32878,34.81126],[-106.32927,34.81098],[-106.32988,34.81088],[-106.33061,34.81147],[-106.33099,34.81222],[-106.33099,34.81251],[-106.33045,34.81309],[-106.33045,34.81326],[-106.33073,34.81337],[-106.33128,34.81322],[-106.33159,34.81291],[-106.33228,34.81278],[-106.33298,34.81292],[-106.33341,34.8136],[-106.33438,34.81591],[-106.33449,34.81639],[-106.33433,34.81706],[-106.33479,34.81771],[-106.33494,34.81859],[-106.33585,34.81893],[-106.33603,34.81927],[-106.33608,34.82001],[-106.33647,34.82038],[-106.3363,34.82098],[-106.33641,34.82138],[-106.33697,34.82132],[-106.33741,34.82077],[-106.33824,34.82036],[-106.33785,34.81997],[-106.3378,34.81945],[-106.33829,34.81924],[-106.33894,34.81858],[-106.3389,34.81844],[-106.33931,34.81824],[-106.3395,34.81886],[-106.34008,34.81888],[-106.34106,34.81773],[-106.34126,34.81794],[-106.34155,34.81792],[-106.34164,34.81773],[-106.34138,34.81766],[-106.34182,34.81742],[-106.34211,34.81699],[-106.34272,34.81669],[-106.34345,34.81695],[-106.34472,34.81671],[-106.34846,34.81541],[-106.34926,34.81555],[-106.34981,34.81544],[-106.34985,34.81485],[-106.35051,34.81478],[-106.35071,34.81444],[-106.35133,34.8143],[-106.35217,34.81441],[-106.35268,34.81396],[-106.3535,34.81403],[-106.35336,34.81329],[-106.35373,34.81283],[-106.35444,34.81256],[-106.35553,34.81245],[-106.35618,34.81219],[-106.35624,34.81184],[-106.35761,34.8118],[-106.35824,34.81125],[-106.3591,34.8111],[-106.35936,34.81114],[-106.35921,34.81146],[-106.35942,34.81146],[-106.36023,34.8107],[-106.36058,34.81073],[-106.3607,34.81044],[-106.36131,34.81029],[-106.36145,34.81004],[-106.36207,34.80998],[-106.36244,34.80977],[-106.36333,34.80992],[-106.36349,34.8103],[-106.36362,34.81005],[-106.36426,34.80984],[-106.36563,34.81001],[-106.366,34.8098],[-106.36684,34.80975],[-106.36716,34.80993],[-106.36765,34.80986],[-106.36845,34.80933],[-106.3699,34.80916],[-106.37062,34.80935],[-106.37091,34.80917],[-106.37085,34.80903],[-106.36997,34.80833],[-106.36979,34.80784],[-106.36995,34.80713],[-106.37019,34.80681],[-106.37064,34.80683],[-106.37132,34.80808],[-106.3728,34.80895],[-106.37284,34.80927],[-106.37329,34.80934],[-106.37358,34.80903],[-106.374,34.80892],[-106.37511,34.80889],[-106.37634,34.80942],[-106.37715,34.80955],[-106.3774,34.8098],[-106.37736,34.81012],[-106.37774,34.81048],[-106.37755,34.81062],[-106.37761,34.81095],[-106.37741,34.81115],[-106.37785,34.81182],[-106.37753,34.81244],[-106.37727,34.8125],[-106.3773,34.81279],[-106.37702,34.81287],[-106.37764,34.81342],[-106.3777,34.81378],[-106.37575,34.81391],[-106.37534,34.81486],[-106.37501,34.81491],[-106.37432,34.81556],[-106.37431,34.81573],[-106.37359,34.81562],[-106.37298,34.81606],[-106.37052,34.81672],[-106.37069,34.81708],[-106.37035,34.81722],[-106.37047,34.81731],[-106.37023,34.81761],[-106.36929,34.81749],[-106.36902,34.81767],[-106.36897,34.81811],[-106.36875,34.81786],[-106.36855,34.81793],[-106.36824,34.81778],[-106.3679,34.8179],[-106.36791,34.81819],[-106.36763,34.81821],[-106.367,34.81869],[-106.36653,34.81928],[-106.3664,34.82027],[-106.36583,34.82022],[-106.36569,34.81983],[-106.36554,34.82013],[-106.36523,34.82026],[-106.36551,34.82052],[-106.36547,34.82098],[-106.3647,34.82172],[-106.3651,34.82211],[-106.36485,34.82207],[-106.3646,34.82238],[-106.36387,34.8226],[-106.36366,34.82287],[-106.36319,34.82299],[-106.36307,34.82282],[-106.36289,34.82298],[-106.36224,34.82285],[-106.36206,34.82299],[-106.36137,34.82291],[-106.36076,34.82306],[-106.35988,34.82287],[-106.35963,34.82306],[-106.35933,34.8225],[-106.35903,34.82288],[-106.35855,34.82297],[-106.35842,34.82282],[-106.35812,34.82307],[-106.35441,34.82301],[-106.35438,34.82312],[-106.34964,34.82349],[-106.34836,34.8232],[-106.34797,34.82348],[-106.34726,34.82358],[-106.34715,34.82341],[-106.34755,34.82334],[-106.34742,34.82307],[-106.34763,34.8228],[-106.34692,34.82275],[-106.347,34.82234],[-106.34656,34.82242],[-106.34618,34.82314],[-106.34573,34.82301],[-106.34507,34.82311],[-106.34478,34.82372],[-106.34422,34.82614],[-106.34536,34.8264],[-106.34546,34.82683],[-106.34619,34.82672],[-106.34648,34.82717],[-106.34652,34.82807],[-106.34601,34.82841],[-106.34498,34.82807],[-106.34471,34.82705],[-106.34459,34.82682],[-106.34435,34.82685],[-106.34433,34.82778],[-106.34414,34.8281],[-106.34449,34.82857],[-106.34503,34.82889],[-106.34497,34.82968],[-106.34526,34.82993],[-106.34489,34.83138],[-106.34377,34.8322],[-106.34279,34.83203],[-106.3427,34.83178],[-106.34216,34.83181],[-106.34207,34.83207],[-106.34165,34.83216],[-106.34204,34.83272],[-106.34201,34.83289],[-106.34273,34.83319],[-106.34282,34.8334],[-106.34264,34.83362],[-106.34308,34.8341],[-106.34252,34.83412],[-106.34252,34.83438],[-106.342,34.835],[-106.34201,34.83533],[-106.34147,34.83537],[-106.34132,34.83594],[-106.34153,34.83619],[-106.34318,34.83668],[-106.34341,34.83649],[-106.34375,34.83654],[-106.3437,34.83746],[-106.34315,34.83778],[-106.34223,34.83872],[-106.34273,34.84016],[-106.34271,34.84059],[-106.34199,34.84055],[-106.3413,34.84153],[-106.34142,34.84184],[-106.34224,34.84259],[-106.34196,34.84322],[-106.34152,34.84331],[-106.34131,34.84416],[-106.34083,34.84442],[-106.34124,34.84511],[-106.3417,34.84523],[-106.34202,34.84552],[-106.34164,34.84618],[-106.34096,34.84639],[-106.34077,34.84726],[-106.34087,34.84778],[-106.34067,34.84836],[-106.33945,34.84962],[-106.33931,34.85108],[-106.33873,34.85178],[-106.33845,34.8527],[-106.33764,34.85326],[-106.33609,34.85345],[-106.33425,34.85319],[-106.33264,34.85411],[-106.33206,34.85392],[-106.33207,34.85365],[-106.33181,34.85398],[-106.33061,34.85432],[-106.33118,34.85448],[-106.33132,34.85524],[-106.33081,34.85552],[-106.33089,34.85578],[-106.33074,34.85607],[-106.3301,34.8566],[-106.32835,34.85734],[-106.32792,34.85842],[-106.32746,34.85903],[-106.32715,34.85997],[-106.32578,34.86102],[-106.32579,34.8617],[-106.32458,34.86323],[-106.32275,34.86309],[-106.32229,34.86312],[-106.32211,34.86327],[-106.32087,34.86294],[-106.32009,34.86295],[-106.31954,34.8632],[-106.31945,34.86347],[-106.31957,34.86366],[-106.32103,34.86399],[-106.32225,34.86506],[-106.32219,34.86566],[-106.32159,34.86597],[-106.32099,34.86601],[-106.32107,34.86626],[-106.32165,34.86656],[-106.32161,34.86721],[-106.32111,34.86758],[-106.3211,34.86813],[-106.32068,34.86834],[-106.32057,34.86928],[-106.32019,34.86994],[-106.32029,34.87012],[-106.31935,34.87105],[-106.3188,34.87126],[-106.31843,34.87121],[-106.31815,34.87144],[-106.31805,34.8723],[-106.31826,34.87255],[-106.31832,34.87308],[-106.31758,34.87334],[-106.31738,34.87409],[-106.31715,34.87418],[-106.3165,34.87405],[-106.31553,34.87483],[-106.31523,34.87485],[-106.31523,34.87521],[-106.31579,34.87565],[-106.31563,34.87622],[-106.31534,34.87661],[-106.31541,34.87684],[-106.31507,34.8773],[-106.31408,34.87767],[-106.31329,34.87903],[-106.3131,34.88009],[-106.31267,34.88061],[-106.31238,34.88139],[-106.31132,34.88167],[-106.30971,34.88243],[-106.30823,34.8827],[-106.30735,34.88387],[-106.30672,34.88375],[-106.30547,34.88437],[-106.30529,34.88473],[-106.30564,34.88502],[-106.30565,34.88559],[-106.30501,34.88642],[-106.30471,34.88655],[-106.30475,34.88676],[-106.30355,34.88851],[-106.3021,34.88912],[-106.30165,34.88964],[-106.30118,34.89046],[-106.30112,34.89102],[-106.3008,34.89171],[-106.29978,34.89309],[-106.29902,34.89346],[-106.29615,34.89376],[-106.29581,34.89399],[-106.29558,34.89451],[-106.29603,34.89679],[-106.29559,34.89743],[-106.2949,34.89795],[-106.2948,34.89835],[-106.29349,34.89874],[-106.29235,34.89938],[-106.2883,34.90048],[-106.28831,34.9008],[-106.28734,34.90109],[-106.28724,34.90144],[-106.28627,34.90142],[-106.28627,34.90173],[-106.28428,34.90319],[-106.28404,34.90362],[-106.28391,34.9035],[-106.28084,34.90383],[-106.28019,34.90359],[-106.28016,34.90387],[-106.27942,34.90405],[-106.27902,34.90377],[-106.27883,34.9039],[-106.27863,34.90366],[-106.27787,34.90337],[-106.27684,34.90336],[-106.27679,34.90324],[-106.27729,34.90267],[-106.27718,34.9024],[-106.27575,34.90207],[-106.27558,34.90242],[-106.27615,34.90307],[-106.27556,34.90322],[-106.27552,34.90337],[-106.27517,34.90325],[-106.27491,34.90351],[-106.27417,34.90321],[-106.27372,34.90272],[-106.27382,34.90259],[-106.27352,34.9021],[-106.27332,34.90204],[-106.27308,34.90236],[-106.2734,34.90281],[-106.27334,34.90342],[-106.27269,34.90423],[-106.27206,34.90435],[-106.27098,34.90396],[-106.27108,34.90364],[-106.27087,34.90324],[-106.27086,34.90264],[-106.26971,34.9015],[-106.26926,34.90143],[-106.26951,34.90107],[-106.26994,34.90095],[-106.26978,34.90068],[-106.2687,34.90006],[-106.26801,34.90041],[-106.26759,34.90027],[-106.26751,34.89987],[-106.26724,34.89984],[-106.26734,34.90013],[-106.26704,34.90059],[-106.26672,34.90034],[-106.26647,34.9],[-106.26682,34.89982],[-106.2674,34.8991],[-106.26708,34.89904],[-106.26636,34.89959],[-106.26584,34.89966],[-106.26563,34.89963],[-106.26539,34.89925],[-106.26497,34.8997],[-106.2645,34.89982],[-106.26378,34.89952],[-106.26256,34.89939],[-106.26213,34.89971],[-106.26035,34.89896],[-106.2591,34.89881],[-106.25919,34.89856],[-106.2595,34.8985],[-106.25947,34.89828],[-106.26008,34.8982],[-106.25978,34.89761],[-106.25865,34.89707],[-106.25812,34.89705],[-106.256,34.89638],[-106.25547,34.89565],[-106.2557,34.89543],[-106.25468,34.89537],[-106.25214,34.89382],[-106.25181,34.89335],[-106.2518,34.89278],[-106.25218,34.89254],[-106.2529,34.89239],[-106.25547,34.89231],[-106.25601,34.89295],[-106.25629,34.89292],[-106.25614,34.89259],[-106.2564,34.89242],[-106.25839,34.89207],[-106.25923,34.89146],[-106.25901,34.89096],[-106.25849,34.89082],[-106.25868,34.89053],[-106.2584,34.89028],[-106.25744,34.89014],[-106.25646,34.89056],[-106.25562,34.89052],[-106.25582,34.89023],[-106.25718,34.88991],[-106.25757,34.88947],[-106.25865,34.88999],[-106.25944,34.89005],[-106.26108,34.88968],[-106.26102,34.88949],[-106.25945,34.88929],[-106.2593,34.88898],[-106.25857,34.88862],[-106.25857,34.88816],[-106.25691,34.88774],[-106.25659,34.8875],[-106.25615,34.88751],[-106.25593,34.88787],[-106.25526,34.88776],[-106.25494,34.88743],[-106.25439,34.88757],[-106.25411,34.88814],[-106.25289,34.88874],[-106.25179,34.88967],[-106.25135,34.89042],[-106.2495,34.89218],[-106.24677,34.89297],[-106.24607,34.89281],[-106.24579,34.89305],[-106.24527,34.89318],[-106.24506,34.89268],[-106.24368,34.89153],[-106.24356,34.89129],[-106.24367,34.89114],[-106.24312,34.89074],[-106.24243,34.89109],[-106.2413,34.89119],[-106.23975,34.89035],[-106.23846,34.88931],[-106.23834,34.88903],[-106.23848,34.88881],[-106.2411,34.88933],[-106.24249,34.88939],[-106.24286,34.88915],[-106.24286,34.88884],[-106.24233,34.88849],[-106.24259,34.88839],[-106.24323,34.88855],[-106.24311,34.88822],[-106.24133,34.88754],[-106.24109,34.88721],[-106.24197,34.88606],[-106.24247,34.88638],[-106.24397,34.88568],[-106.24455,34.88574],[-106.24472,34.88593],[-106.24521,34.88555],[-106.24553,34.88557],[-106.24588,34.88597],[-106.24605,34.88575],[-106.24596,34.88535],[-106.24688,34.88474],[-106.24783,34.88452],[-106.24939,34.88474],[-106.24982,34.88404],[-106.25031,34.88397],[-106.2506,34.88375],[-106.25076,34.88317],[-106.25148,34.88271],[-106.25217,34.88266],[-106.25248,34.8828],[-106.25358,34.88247],[-106.25494,34.88242],[-106.25501,34.88263],[-106.25547,34.88282],[-106.25724,34.88308],[-106.25826,34.883],[-106.25834,34.88279],[-106.25788,34.88265],[-106.25766,34.88189],[-106.25768,34.8815],[-106.2581,34.88064],[-106.25804,34.88043],[-106.25676,34.87982],[-106.25658,34.87911],[-106.25613,34.87861],[-106.25642,34.8783],[-106.2574,34.87786],[-106.25896,34.87808],[-106.25959,34.87752],[-106.26003,34.87757],[-106.25952,34.8785],[-106.26004,34.87871],[-106.26213,34.87848],[-106.26427,34.87888],[-106.26486,34.87909],[-106.26541,34.87959],[-106.2659,34.87942],[-106.26601,34.87891],[-106.26574,34.8782],[-106.26658,34.87819],[-106.26678,34.8779],[-106.26671,34.87747],[-106.26566,34.87672],[-106.26479,34.87656],[-106.26418,34.87671],[-106.26348,34.87624],[-106.26226,34.87626],[-106.26168,34.87607],[-106.26079,34.87624],[-106.2596,34.8759],[-106.25921,34.87528],[-106.25846,34.87495],[-106.25822,34.87462],[-106.25859,34.8745],[-106.25876,34.87392],[-106.25903,34.87393],[-106.25939,34.8736],[-106.26004,34.87378],[-106.26011,34.87353],[-106.26046,34.87357],[-106.26058,34.87386],[-106.26128,34.8741],[-106.26168,34.87479],[-106.26262,34.8748],[-106.26329,34.87517],[-106.26355,34.87488],[-106.26389,34.87488],[-106.26456,34.87525],[-106.26484,34.875],[-106.26526,34.87501],[-106.26547,34.87508],[-106.26563,34.87541],[-106.26633,34.87545],[-106.26738,34.87582],[-106.2677,34.87582],[-106.26801,34.87505],[-106.2676,34.87334],[-106.26815,34.87328],[-106.26898,34.87416],[-106.26941,34.87401],[-106.26941,34.87383],[-106.2699,34.87393],[-106.27014,34.87427],[-106.27077,34.87383],[-106.27181,34.87415],[-106.27214,34.87451],[-106.27246,34.87458],[-106.27329,34.87416],[-106.27367,34.87435],[-106.27376,34.87456],[-106.27407,34.87411],[-106.27571,34.87354],[-106.27836,34.87411],[-106.27937,34.8741],[-106.28087,34.87368],[-106.28139,34.87391],[-106.28192,34.87455],[-106.2823,34.87464],[-106.28328,34.87425],[-106.28336,34.87403],[-106.28397,34.87395],[-106.28399,34.87364],[-106.28324,34.87329],[-106.28332,34.87284],[-106.28236,34.87278],[-106.28238,34.87256],[-106.28218,34.87237],[-106.28146,34.87241],[-106.28096,34.8722],[-106.2809,34.87172],[-106.28057,34.87136],[-106.27994,34.8714],[-106.27969,34.8708],[-106.27777,34.87161],[-106.27699,34.87178],[-106.27589,34.87175],[-106.27483,34.87097],[-106.27403,34.87112],[-106.27402,34.87091],[-106.27376,34.87074],[-106.27387,34.87015],[-106.27352,34.87003],[-106.27345,34.86975],[-106.27299,34.86958],[-106.27273,34.86985],[-106.27247,34.86964],[-106.27252,34.8693],[-106.272,34.86938],[-106.27119,34.86903],[-106.27035,34.86928],[-106.27017,34.86909],[-106.2696,34.86955],[-106.26922,34.86948],[-106.26864,34.86906],[-106.26818,34.86951],[-106.26674,34.86972],[-106.26666,34.86996],[-106.26605,34.87023],[-106.26594,34.87066],[-106.26618,34.87082],[-106.26643,34.87068],[-106.26678,34.87072],[-106.26676,34.87087],[-106.26627,34.87123],[-106.26572,34.87125],[-106.26458,34.87215],[-106.2634,34.87257],[-106.26312,34.87355],[-106.26187,34.87311],[-106.26163,34.87288],[-106.26259,34.87277],[-106.26243,34.87267],[-106.2629,34.87222],[-106.26262,34.87129],[-106.26164,34.87168],[-106.26103,34.8715],[-106.25974,34.87149],[-106.25975,34.87177],[-106.25946,34.87167],[-106.25859,34.87212],[-106.25856,34.87223],[-106.25926,34.87244],[-106.25935,34.87265],[-106.25854,34.87307],[-106.25646,34.87314],[-106.2564,34.87302],[-106.25697,34.87256],[-106.25795,34.87241],[-106.25799,34.8721],[-106.25754,34.87208],[-106.25751,34.87168],[-106.25828,34.87122],[-106.259,34.87107],[-106.25894,34.87064],[-106.25862,34.87045],[-106.25645,34.87054],[-106.25598,34.87036],[-106.25635,34.87011],[-106.256,34.86986],[-106.25469,34.86934],[-106.25492,34.8691],[-106.25584,34.86905],[-106.25584,34.86876],[-106.25549,34.86866],[-106.25531,34.86828],[-106.25601,34.86821],[-106.256,34.86799],[-106.2551,34.86784],[-106.25504,34.86755],[-106.25623,34.86749],[-106.25512,34.86715],[-106.2547,34.86615],[-106.25522,34.86636],[-106.2554,34.86669],[-106.25595,34.86675],[-106.25602,34.86657],[-106.25577,34.86633],[-106.25616,34.86626],[-106.25629,34.86599],[-106.25757,34.86636],[-106.25884,34.86591],[-106.25892,34.86563],[-106.26042,34.86563],[-106.2608,34.86549],[-106.26082,34.86484],[-106.26001,34.86478],[-106.26,34.86457],[-106.26133,34.8645],[-106.26297,34.86341],[-106.2635,34.86243],[-106.26318,34.86205],[-106.26251,34.86206],[-106.26121,34.86248],[-106.26041,34.86256],[-106.25968,34.86237],[-106.25987,34.86214],[-106.25965,34.86173],[-106.25938,34.86168],[-106.25949,34.86125],[-106.26006,34.86108],[-106.26047,34.86141],[-106.26045,34.86198],[-106.2606,34.86222],[-106.26098,34.86207],[-106.26141,34.86138],[-106.26122,34.86085],[-106.25931,34.8607],[-106.25858,34.86042],[-106.25774,34.86064],[-106.25722,34.86046],[-106.25739,34.86019],[-106.25841,34.8597],[-106.25801,34.85939],[-106.25826,34.85872],[-106.25809,34.85845],[-106.25762,34.85808],[-106.25625,34.85803],[-106.25588,34.85825],[-106.25553,34.85821],[-106.25542,34.85804],[-106.25555,34.85757],[-106.25514,34.85722],[-106.25462,34.85694],[-106.25418,34.85685],[-106.25384,34.85697],[-106.25349,34.85683],[-106.2534,34.85655],[-106.25411,34.85618],[-106.25378,34.85598],[-106.25305,34.85631],[-106.25068,34.85599],[-106.25029,34.85616],[-106.24924,34.8561],[-106.24908,34.85619],[-106.24896,34.85743],[-106.24866,34.85776],[-106.2482,34.85786],[-106.24773,34.85759],[-106.24714,34.85801],[-106.24635,34.85778],[-106.24577,34.85738],[-106.24566,34.85693],[-106.24494,34.85641],[-106.24507,34.85627],[-106.24499,34.85609],[-106.24386,34.85588],[-106.2429,34.85593],[-106.24268,34.85625],[-106.24158,34.85622],[-106.24143,34.8568],[-106.24122,34.85702],[-106.24149,34.85754],[-106.24135,34.85819],[-106.24019,34.85798],[-106.24005,34.85818],[-106.2402,34.85846],[-106.24045,34.8586],[-106.24119,34.85854],[-106.24226,34.85892],[-106.2433,34.85955],[-106.2439,34.85964],[-106.244,34.86009],[-106.24383,34.86114],[-106.24513,34.86191],[-106.24688,34.8621],[-106.24732,34.86239],[-106.2474,34.86255],[-106.24714,34.86296],[-106.24643,34.86319],[-106.24633,34.8638],[-106.2459,34.86372],[-106.24574,34.86322],[-106.24524,34.8629],[-106.24443,34.86278],[-106.24418,34.8622],[-106.24386,34.86224],[-106.24355,34.86251],[-106.24252,34.86252],[-106.24231,34.86227],[-106.2414,34.86223],[-106.24142,34.86171],[-106.24024,34.86188],[-106.23932,34.86166],[-106.23839,34.86128],[-106.23722,34.8605],[-106.23675,34.85993],[-106.23362,34.8596],[-106.23329,34.85942],[-106.2331,34.85908],[-106.23223,34.85898],[-106.23205,34.85837],[-106.23174,34.85816],[-106.2318,34.8576],[-106.23164,34.85727],[-106.23001,34.85684],[-106.22947,34.85656],[-106.22942,34.85629],[-106.22969,34.85555],[-106.23002,34.85533],[-106.23188,34.85507],[-106.23131,34.85462],[-106.23208,34.8547],[-106.23243,34.85403],[-106.23309,34.85363],[-106.23389,34.8538],[-106.23554,34.85381],[-106.23629,34.85405],[-106.23678,34.85389],[-106.23708,34.85396],[-106.23761,34.8545],[-106.23717,34.85486],[-106.23746,34.855],[-106.23804,34.85495],[-106.23858,34.85469],[-106.23853,34.8543],[-106.23792,34.8539],[-106.23802,34.85368],[-106.23879,34.85398],[-106.23898,34.85428],[-106.23882,34.85501],[-106.23898,34.85522],[-106.23926,34.85472],[-106.23972,34.85467]]],[[[-106.26791,34.80853],[-106.26788,34.80796],[-106.26822,34.80798],[-106.26837,34.80817],[-106.26869,34.80734],[-106.26811,34.80657],[-106.26723,34.80599],[-106.26706,34.80571],[-106.26732,34.8053],[-106.26799,34.80488],[-106.2682,34.80492],[-106.26819,34.80512],[-106.26797,34.80524],[-106.26788,34.80558],[-106.26853,34.80618],[-106.26901,34.80628],[-106.26901,34.8069],[-106.2697,34.80752],[-106.26951,34.80868],[-106.26911,34.80942],[-106.26915,34.80985],[-106.26879,34.81008],[-106.26841,34.81065],[-106.26824,34.81072],[-106.26809,34.81054],[-106.26821,34.80903],[-106.26791,34.80853]]],[[[-106.25239,34.82134],[-106.25181,34.82137],[-106.25145,34.82164],[-106.2509,34.82137],[-106.25016,34.8215],[-106.24978,34.82034],[-106.25026,34.8202],[-106.25003,34.81986],[-106.25014,34.8198],[-106.25092,34.8196],[-106.25181,34.81973],[-106.25324,34.82033],[-106.25344,34.82059],[-106.25239,34.82134]]],[[[-106.23593,34.83679],[-106.23537,34.83682],[-106.23408,34.83591],[-106.23504,34.83576],[-106.23544,34.83534],[-106.23628,34.83552],[-106.23641,34.83565],[-106.23622,34.83611],[-106.23648,34.83632],[-106.23646,34.83652],[-106.23608,34.83663],[-106.23575,34.83653],[-106.23593,34.83679]]],[[[-106.27011,34.80689],[-106.27032,34.80674],[-106.27073,34.80719],[-106.27157,34.80761],[-106.27166,34.80792],[-106.27155,34.80828],[-106.27095,34.80864],[-106.27045,34.80777],[-106.27016,34.80765],[-106.27011,34.80689]]],[[[-106.32677,34.81089],[-106.32704,34.81063],[-106.32729,34.81082],[-106.32779,34.81179],[-106.32762,34.81197],[-106.32703,34.81194],[-106.32671,34.81169],[-106.32677,34.81089]]],[[[-106.26684,34.80676],[-106.26675,34.80642],[-106.26719,34.80649],[-106.26769,34.80696],[-106.26746,34.80708],[-106.26684,34.80676]]],[[[-106.33444,34.81338],[-106.33385,34.81342],[-106.33385,34.81313],[-106.33402,34.81296],[-106.3344,34.81298],[-106.33444,34.81338]]],[[[-106.28037,34.80172],[-106.27998,34.80168],[-106.2797,34.80145],[-106.28022,34.80143],[-106.28037,34.80172]]]]},"properties":{"incidentname":"Dog Head","perimeterdatetime":1466380800000,"gisacres":17952.04,"state":"NM"}},{"type":"Feature","geometry":{"type":"MultiPolygon","coordinates":[[[[-106.27043,34.90221],[-106.26971,34.90152],[-106.26926,34.90145],[-106.26951,34.90109],[-106.26994,34.90097],[-106.26978,34.9007],[-106.2687,34.90008],[-106.26801,34.90043],[-106.26759,34.90029],[-106.26751,34.89989],[-106.26724,34.89986],[-106.26734,34.90015],[-106.26704,34.90061],[-106.26672,34.90036],[-106.26647,34.90001],[-106.26682,34.89984],[-106.2674,34.89912],[-106.26708,34.89906],[-106.26636,34.89961],[-106.26584,34.89968],[-106.26563,34.89965],[-106.26539,34.89926],[-106.26497,34.89972],[-106.2645,34.89984],[-106.26378,34.89954],[-106.26256,34.89941],[-106.26213,34.89973],[-106.26035,34.89898],[-106.2591,34.89883],[-106.25919,34.89858],[-106.2595,34.89852],[-106.25947,34.8983],[-106.26008,34.89822],[-106.25978,34.89763],[-106.25865,34.89709],[-106.25812,34.89707],[-106.256,34.8964],[-106.25547,34.89567],[-106.2557,34.89545],[-106.25468,34.89539],[-106.25187,34.89358],[-106.2518,34.8928],[-106.25218,34.89255],[-106.25365,34.89232],[-106.25547,34.89233],[-106.25601,34.89297],[-106.25629,34.89294],[-106.25614,34.89261],[-106.2564,34.89244],[-106.2584,34.89208],[-106.25923,34.89148],[-106.25901,34.89098],[-106.25849,34.89084],[-106.25868,34.89055],[-106.2579,34.89016],[-106.25744,34.89016],[-106.25646,34.89058],[-106.25562,34.89054],[-106.25582,34.89025],[-106.25718,34.88993],[-106.25757,34.88949],[-106.25865,34.89001],[-106.25944,34.89007],[-106.26108,34.8897],[-106.26102,34.88951],[-106.25945,34.88931],[-106.2593,34.889],[-106.25857,34.88864],[-106.25857,34.88818],[-106.25691,34.88776],[-106.25659,34.88752],[-106.25615,34.88753],[-106.25593,34.88789],[-106.25526,34.88778],[-106.25494,34.88744],[-106.25439,34.88759],[-106.25411,34.88816],[-106.25289,34.88876],[-106.25179,34.88969],[-106.25135,34.89044],[-106.2495,34.8922],[-106.24677,34.89299],[-106.24607,34.89283],[-106.24579,34.89307],[-106.24527,34.8932],[-106.24506,34.8927],[-106.24368,34.89154],[-106.24356,34.89131],[-106.24367,34.89116],[-106.24312,34.89076],[-106.24243,34.8911],[-106.2413,34.89121],[-106.23975,34.89037],[-106.23846,34.88933],[-106.23834,34.88905],[-106.23848,34.88883],[-106.2411,34.88935],[-106.24249,34.88941],[-106.24286,34.88917],[-106.24286,34.88886],[-106.24233,34.8885],[-106.24259,34.88841],[-106.24323,34.88857],[-106.24311,34.88823],[-106.24133,34.88756],[-106.24109,34.88723],[-106.24197,34.88607],[-106.24247,34.8864],[-106.24397,34.8857],[-106.24455,34.88576],[-106.24472,34.88595],[-106.24521,34.88556],[-106.24553,34.88559],[-106.24588,34.88599],[-106.24605,34.88577],[-106.24596,34.88537],[-106.24688,34.88476],[-106.24783,34.88454],[-106.2494,34.88476],[-106.24982,34.88406],[-106.25031,34.88399],[-106.2506,34.88377],[-106.25076,34.88319],[-106.25148,34.88273],[-106.25217,34.88268],[-106.25248,34.88282],[-106.25358,34.88249],[-106.25494,34.88244],[-106.25501,34.88265],[-106.25547,34.88283],[-106.25725,34.8831],[-106.25826,34.88302],[-106.25834,34.88281],[-106.25788,34.88267],[-106.25766,34.88191],[-106.25768,34.88152],[-106.25811,34.88066],[-106.25804,34.88045],[-106.25676,34.87984],[-106.25658,34.87913],[-106.25613,34.87863],[-106.25642,34.87832],[-106.2574,34.87788],[-106.25896,34.8781],[-106.25959,34.87754],[-106.26003,34.87759],[-106.25952,34.87852],[-106.26004,34.87873],[-106.26051,34.87877],[-106.26169,34.87848],[-106.26361,34.87872],[-106.26486,34.87911],[-106.2653,34.87956],[-106.26567,34.8796],[-106.2659,34.87943],[-106.26601,34.87893],[-106.26574,34.87822],[-106.26658,34.87821],[-106.26678,34.87792],[-106.26671,34.87749],[-106.26566,34.87674],[-106.26479,34.87658],[-106.26418,34.87673],[-106.26348,34.87626],[-106.26227,34.87628],[-106.26168,34.87609],[-106.26079,34.87626],[-106.2596,34.87591],[-106.25921,34.8753],[-106.25846,34.87497],[-106.25822,34.87464],[-106.25859,34.87452],[-106.25876,34.87392],[-106.25903,34.87393],[-106.25939,34.8736],[-106.26004,34.87378],[-106.26011,34.87353],[-106.26046,34.87357],[-106.26058,34.87386],[-106.26128,34.8741],[-106.26168,34.87479],[-106.26262,34.8748],[-106.26329,34.87517],[-106.26355,34.87488],[-106.26389,34.87488],[-106.26456,34.87525],[-106.26484,34.875],[-106.26526,34.87501],[-106.26547,34.87508],[-106.26563,34.87541],[-106.26633,34.87547],[-106.26738,34.87584],[-106.2677,34.87584],[-106.26801,34.87507],[-106.2676,34.87336],[-106.26815,34.8733],[-106.26898,34.87418],[-106.26941,34.87403],[-106.26941,34.87385],[-106.2699,34.87395],[-106.27014,34.87428],[-106.27077,34.87385],[-106.27181,34.87417],[-106.27214,34.87453],[-106.27246,34.87459],[-106.27329,34.87418],[-106.27367,34.87437],[-106.27376,34.87458],[-106.27407,34.87412],[-106.27571,34.87356],[-106.27836,34.87413],[-106.27937,34.87412],[-106.28087,34.8737],[-106.28139,34.87393],[-106.28192,34.87457],[-106.2823,34.87466],[-106.28328,34.87427],[-106.28336,34.87405],[-106.28397,34.87397],[-106.28399,34.87366],[-106.28324,34.87331],[-106.28332,34.87286],[-106.28236,34.8728],[-106.28239,34.87258],[-106.28218,34.87239],[-106.28146,34.87242],[-106.28096,34.87221],[-106.2809,34.87174],[-106.28057,34.87138],[-106.27994,34.87141],[-106.27969,34.87082],[-106.27777,34.87163],[-106.27699,34.8718],[-106.27589,34.87177],[-106.27483,34.87099],[-106.27403,34.87114],[-106.27402,34.87093],[-106.27376,34.87076],[-106.27387,34.87017],[-106.27352,34.87005],[-106.27345,34.86976],[-106.27299,34.8696],[-106.27273,34.86987],[-106.27247,34.86966],[-106.27252,34.86932],[-106.272,34.8694],[-106.27119,34.86905],[-106.27035,34.8693],[-106.27017,34.86911],[-106.2696,34.86957],[-106.26922,34.8695],[-106.26864,34.86908],[-106.26818,34.86953],[-106.26674,34.86974],[-106.26666,34.86998],[-106.26605,34.87025],[-106.26594,34.87068],[-106.26618,34.87084],[-106.26643,34.8707],[-106.26678,34.87074],[-106.26676,34.87088],[-106.26627,34.87124],[-106.26572,34.87127],[-106.26458,34.87217],[-106.2634,34.87259],[-106.26312,34.87357],[-106.26187,34.87313],[-106.26163,34.87289],[-106.26259,34.87279],[-106.26243,34.87269],[-106.2629,34.87224],[-106.26262,34.87131],[-106.26165,34.8717],[-106.26103,34.87152],[-106.2597,34.87151],[-106.25859,34.87214],[-106.25856,34.87225],[-106.25926,34.87246],[-106.25935,34.87267],[-106.25854,34.87309],[-106.25646,34.87316],[-106.2564,34.87304],[-106.25697,34.87258],[-106.25795,34.87242],[-106.25799,34.87212],[-106.25754,34.8721],[-106.25751,34.8717],[-106.25828,34.87124],[-106.259,34.87108],[-106.25894,34.87066],[-106.25862,34.87047],[-106.25645,34.87056],[-106.25598,34.87038],[-106.25635,34.87013],[-106.256,34.86987],[-106.25469,34.86936],[-106.25492,34.86912],[-106.25584,34.86907],[-106.25584,34.86878],[-106.25549,34.86866],[-106.25531,34.86828],[-106.25601,34.86821],[-106.256,34.86801],[-106.2551,34.86786],[-106.25504,34.86757],[-106.25623,34.86751],[-106.25512,34.86716],[-106.2547,34.86617],[-106.25522,34.86638],[-106.2554,34.86671],[-106.25595,34.86677],[-106.25602,34.86657],[-106.25577,34.86633],[-106.25618,34.86623],[-106.25629,34.86601],[-106.25757,34.86638],[-106.25884,34.86593],[-106.25892,34.86565],[-106.26042,34.86565],[-106.2608,34.86551],[-106.26082,34.86486],[-106.26001,34.8648],[-106.26,34.86458],[-106.26133,34.86452],[-106.26297,34.86343],[-106.2635,34.86245],[-106.26318,34.86207],[-106.26251,34.86208],[-106.26122,34.8625],[-106.26041,34.86258],[-106.25968,34.86239],[-106.25987,34.86216],[-106.25965,34.86175],[-106.25938,34.8617],[-106.25935,34.86148],[-106.25961,34.86117],[-106.26006,34.8611],[-106.26048,34.86143],[-106.26045,34.862],[-106.2606,34.86224],[-106.26098,34.86209],[-106.26141,34.86138],[-106.26137,34.86104],[-106.26122,34.86085],[-106.25931,34.8607],[-106.25858,34.86042],[-106.25791,34.86062],[-106.25722,34.86046],[-106.25739,34.86019],[-106.25841,34.8597],[-106.25802,34.8594],[-106.25826,34.85873],[-106.25762,34.8581],[-106.25623,34.85804],[-106.25588,34.85825],[-106.25553,34.85821],[-106.25542,34.85804],[-106.25555,34.85759],[-106.25514,34.85724],[-106.25462,34.85696],[-106.25418,34.85687],[-106.25384,34.85699],[-106.25349,34.85685],[-106.2534,34.85657],[-106.25411,34.8562],[-106.25378,34.856],[-106.25305,34.85633],[-106.25066,34.856],[-106.25029,34.85616],[-106.24924,34.8561],[-106.24908,34.85619],[-106.24896,34.85743],[-106.24866,34.85776],[-106.2482,34.85786],[-106.24773,34.85759],[-106.24714,34.85801],[-106.24635,34.85778],[-106.24577,34.85738],[-106.24566,34.85696],[-106.24494,34.85643],[-106.24507,34.85629],[-106.24499,34.8561],[-106.24386,34.8559],[-106.24289,34.85595],[-106.24268,34.85625],[-106.24164,34.85616],[-106.24122,34.85702],[-106.24149,34.85754],[-106.24135,34.85819],[-106.24019,34.85798],[-106.24005,34.85818],[-106.2402,34.85846],[-106.24045,34.8586],[-106.24119,34.85854],[-106.24226,34.85892],[-106.2433,34.85955],[-106.2439,34.85964],[-106.244,34.86009],[-106.24383,34.86114],[-106.24513,34.86191],[-106.24688,34.8621],[-106.24732,34.86239],[-106.24731,34.86277],[-106.24665,34.86307],[-106.24622,34.86307],[-106.2459,34.86384],[-106.24521,34.86288],[-106.24463,34.86269],[-106.24418,34.8622],[-106.24333,34.86243],[-106.24178,34.86162],[-106.2414,34.86155],[-106.24079,34.86169],[-106.23833,34.86084],[-106.23701,34.85983],[-106.23639,34.85965],[-106.23571,34.85975],[-106.23512,34.86005],[-106.23326,34.85922],[-106.23227,34.85903],[-106.23305,34.8575],[-106.23245,34.85747],[-106.23218,34.8572],[-106.2312,34.85708],[-106.23,34.85656],[-106.2301,34.85547],[-106.23082,34.85517],[-106.23131,34.85524],[-106.23126,34.85455],[-106.23215,34.85473],[-106.23346,34.85366],[-106.23387,34.85379],[-106.23408,34.85406],[-106.2332,34.85433],[-106.23293,34.85468],[-106.233,34.85484],[-106.23362,34.85475],[-106.2345,34.85421],[-106.23465,34.85389],[-106.23629,34.85405],[-106.23678,34.85389],[-106.23746,34.85422],[-106.23761,34.8545],[-106.23717,34.85486],[-106.23746,34.855],[-106.23804,34.85495],[-106.23858,34.85469],[-106.23853,34.8543],[-106.23792,34.8539],[-106.23802,34.85368],[-106.23879,34.85398],[-106.23898,34.85428],[-106.23882,34.85501],[-106.23898,34.85522],[-106.23926,34.85472],[-106.24011,34.8545],[-106.23843,34.85338],[-106.23853,34.85292],[-106.24147,34.85189],[-106.24172,34.85128],[-106.24219,34.85089],[-106.2442,34.85115],[-106.24501,34.8517],[-106.24527,34.85162],[-106.24557,34.85089],[-106.24589,34.85097],[-106.24614,34.85128],[-106.24644,34.85137],[-106.24659,34.85181],[-106.24698,34.8521],[-106.24834,34.85254],[-106.24831,34.85306],[-106.24871,34.85344],[-106.24862,34.85375],[-106.24932,34.85478],[-106.24951,34.85478],[-106.24897,34.85341],[-106.24909,34.85263],[-106.25019,34.85219],[-106.25051,34.85226],[-106.25088,34.85264],[-106.25106,34.85226],[-106.25217,34.85225],[-106.25217,34.85183],[-106.25045,34.85118],[-106.25039,34.85075],[-106.25009,34.85056],[-106.24935,34.85058],[-106.24882,34.85039],[-106.24872,34.8505],[-106.2487,34.85003],[-106.24806,34.84994],[-106.2475,34.84966],[-106.24667,34.848],[-106.24689,34.8473],[-106.24737,34.84713],[-106.24754,34.84689],[-106.24723,34.84636],[-106.24667,34.84629],[-106.24681,34.84593],[-106.24731,34.84576],[-106.24795,34.84578],[-106.2483,34.84609],[-106.25035,34.8467],[-106.25087,34.84714],[-106.2559,34.84819],[-106.25877,34.8483],[-106.26088,34.84971],[-106.26087,34.85117],[-106.26254,34.85258],[-106.2637,34.85267],[-106.2643,34.85235],[-106.26433,34.85204],[-106.26336,34.85152],[-106.26296,34.84967],[-106.26219,34.84858],[-106.26093,34.84757],[-106.25884,34.84549],[-106.25921,34.84493],[-106.2614,34.84448],[-106.26208,34.84491],[-106.26399,34.8451],[-106.26443,34.84533],[-106.26466,34.84578],[-106.26516,34.84611],[-106.26583,34.84604],[-106.26586,34.84463],[-106.26469,34.84385],[-106.26437,34.84328],[-106.26323,34.84282],[-106.26181,34.8429],[-106.25853,34.84237],[-106.25864,34.84196],[-106.25733,34.84123],[-106.2568,34.84076],[-106.25683,34.84057],[-106.25793,34.84053],[-106.25846,34.84096],[-106.25904,34.84107],[-106.25934,34.84026],[-106.25878,34.83926],[-106.25852,34.83929],[-106.25829,34.83981],[-106.25807,34.83988],[-106.25793,34.84015],[-106.25712,34.84005],[-106.25663,34.83974],[-106.25632,34.8398],[-106.25557,34.83955],[-106.2544,34.84048],[-106.25281,34.84052],[-106.25217,34.84026],[-106.25128,34.83922],[-106.25189,34.83919],[-106.25185,34.83883],[-106.25208,34.83859],[-106.25332,34.83789],[-106.25351,34.83748],[-106.25403,34.83704],[-106.25333,34.83691],[-106.25238,34.8372],[-106.25139,34.83652],[-106.25032,34.83658],[-106.25014,34.83622],[-106.24973,34.83613],[-106.2491,34.83628],[-106.24666,34.83612],[-106.24611,34.83549],[-106.2459,34.83568],[-106.24505,34.83569],[-106.24432,34.83516],[-106.24098,34.83448],[-106.24025,34.83417],[-106.24008,34.83398],[-106.24008,34.83363],[-106.23986,34.8337],[-106.23908,34.83484],[-106.23883,34.8349],[-106.23912,34.83501],[-106.23959,34.8349],[-106.23968,34.83519],[-106.23941,34.83564],[-106.23836,34.83566],[-106.23836,34.83592],[-106.23855,34.83607],[-106.2385,34.8365],[-106.23824,34.83653],[-106.23753,34.83607],[-106.23756,34.83588],[-106.23698,34.83546],[-106.23713,34.8352],[-106.23749,34.83506],[-106.23632,34.83486],[-106.23635,34.83466],[-106.23838,34.83431],[-106.23615,34.83419],[-106.23567,34.83409],[-106.23468,34.83353],[-106.23493,34.83327],[-106.23525,34.83322],[-106.23647,34.83341],[-106.23714,34.83375],[-106.2379,34.8339],[-106.23878,34.83386],[-106.23848,34.83334],[-106.23768,34.83302],[-106.23816,34.83208],[-106.23805,34.83182],[-106.23781,34.83173],[-106.237,34.83192],[-106.23638,34.83161],[-106.2362,34.83202],[-106.23637,34.83255],[-106.23595,34.83273],[-106.23538,34.83255],[-106.23541,34.83216],[-106.23568,34.83203],[-106.2351,34.83165],[-106.23561,34.83122],[-106.23786,34.83124],[-106.23843,34.83142],[-106.23878,34.83123],[-106.24026,34.83102],[-106.24278,34.83119],[-106.24296,34.83106],[-106.24277,34.83052],[-106.24327,34.83033],[-106.24447,34.83039],[-106.24445,34.83003],[-106.24526,34.82977],[-106.2454,34.82955],[-106.24444,34.82944],[-106.24436,34.82927],[-106.24535,34.8287],[-106.24532,34.82843],[-106.24494,34.82839],[-106.2444,34.82871],[-106.2436,34.82883],[-106.24385,34.82918],[-106.24361,34.82972],[-106.24242,34.82959],[-106.24234,34.8299],[-106.24192,34.82998],[-106.24101,34.8293],[-106.24075,34.82931],[-106.24,34.82987],[-106.23963,34.82991],[-106.23809,34.82949],[-106.23604,34.82951],[-106.23617,34.82935],[-106.23346,34.82907],[-106.23211,34.82852],[-106.23088,34.82723],[-106.22912,34.82685],[-106.2282,34.82554],[-106.22752,34.82592],[-106.22683,34.82569],[-106.2264,34.82526],[-106.22493,34.82469],[-106.22494,34.82426],[-106.22695,34.82357],[-106.22857,34.8234],[-106.22906,34.82349],[-106.23156,34.82304],[-106.23645,34.82471],[-106.23659,34.82529],[-106.23743,34.82586],[-106.23906,34.82614],[-106.23971,34.82642],[-106.24004,34.82683],[-106.24069,34.82681],[-106.24093,34.82521],[-106.24305,34.82496],[-106.2431,34.8258],[-106.24361,34.82566],[-106.24399,34.82595],[-106.2443,34.82653],[-106.24472,34.82682],[-106.24563,34.82692],[-106.24624,34.82667],[-106.24645,34.82699],[-106.24692,34.82701],[-106.24717,34.82746],[-106.24825,34.82806],[-106.24842,34.82827],[-106.24788,34.82926],[-106.24839,34.83006],[-106.24893,34.83029],[-106.24978,34.82993],[-106.24954,34.82899],[-106.25025,34.82864],[-106.254,34.82979],[-106.25586,34.82994],[-106.25594,34.8298],[-106.25536,34.82937],[-106.25426,34.82945],[-106.25367,34.8287],[-106.25351,34.82794],[-106.25308,34.8278],[-106.25227,34.82776],[-106.25178,34.82798],[-106.25022,34.82812],[-106.25027,34.82778],[-106.24972,34.82767],[-106.24992,34.8274],[-106.25051,34.82747],[-106.25075,34.82715],[-106.25055,34.82636],[-106.25188,34.82629],[-106.25207,34.82602],[-106.25262,34.82625],[-106.25418,34.82623],[-106.25555,34.8257],[-106.25556,34.82554],[-106.25602,34.82555],[-106.25667,34.82614],[-106.25684,34.82609],[-106.25684,34.82575],[-106.25804,34.82507],[-106.25866,34.82554],[-106.25932,34.82547],[-106.26068,34.82509],[-106.26103,34.82471],[-106.26145,34.82487],[-106.26206,34.82479],[-106.26272,34.82457],[-106.26292,34.82436],[-106.26291,34.82395],[-106.26248,34.82391],[-106.26179,34.8242],[-106.2595,34.82413],[-106.25565,34.82433],[-106.25547,34.82422],[-106.25556,34.82404],[-106.25542,34.82391],[-106.25564,34.82352],[-106.25558,34.82321],[-106.2552,34.82312],[-106.25492,34.82348],[-106.25446,34.82356],[-106.25416,34.82323],[-106.25433,34.82261],[-106.25386,34.82216],[-106.25423,34.82204],[-106.25432,34.82172],[-106.2547,34.8214],[-106.2557,34.82132],[-106.25575,34.82116],[-106.25639,34.82127],[-106.25649,34.82159],[-106.25675,34.8217],[-106.25708,34.8217],[-106.25727,34.8214],[-106.25768,34.82131],[-106.25836,34.82152],[-106.25888,34.82054],[-106.25975,34.82067],[-106.25987,34.82089],[-106.25979,34.8211],[-106.25943,34.82127],[-106.25989,34.82124],[-106.25974,34.8216],[-106.25998,34.82174],[-106.26071,34.82166],[-106.26433,34.82212],[-106.26499,34.82161],[-106.26461,34.82131],[-106.26489,34.82097],[-106.26556,34.82074],[-106.26618,34.82015],[-106.26595,34.81989],[-106.26444,34.81975],[-106.26458,34.81957],[-106.26457,34.81907],[-106.26509,34.8188],[-106.265,34.81842],[-106.26435,34.81785],[-106.26361,34.81815],[-106.26302,34.81796],[-106.26429,34.81726],[-106.26501,34.81746],[-106.26521,34.81736],[-106.26538,34.81701],[-106.26514,34.81644],[-106.26482,34.8163],[-106.2641,34.81633],[-106.26397,34.81566],[-106.26286,34.81503],[-106.26106,34.81464],[-106.25974,34.8148],[-106.25958,34.81406],[-106.25859,34.81393],[-106.25824,34.81372],[-106.25791,34.81296],[-106.25716,34.81265],[-106.25593,34.81171],[-106.25508,34.81131],[-106.25496,34.81101],[-106.25447,34.81068],[-106.25302,34.80885],[-106.25235,34.80836],[-106.25171,34.8082],[-106.25029,34.80744],[-106.24977,34.80764],[-106.24814,34.80717],[-106.24626,34.80726],[-106.24542,34.80666],[-106.24538,34.80642],[-106.24587,34.80625],[-106.24596,34.80607],[-106.24573,34.80563],[-106.24333,34.80497],[-106.24302,34.80462],[-106.24313,34.80449],[-106.24409,34.80464],[-106.24475,34.80505],[-106.246,34.80462],[-106.2463,34.80477],[-106.24657,34.80519],[-106.24691,34.80511],[-106.24724,34.80465],[-106.2488,34.80573],[-106.24952,34.80573],[-106.24973,34.80558],[-106.24909,34.80513],[-106.24891,34.80489],[-106.24905,34.80474],[-106.24949,34.80479],[-106.24979,34.80516],[-106.25132,34.80544],[-106.25205,34.80583],[-106.25303,34.80559],[-106.25374,34.80579],[-106.25346,34.80545],[-106.25268,34.80535],[-106.25259,34.80462],[-106.25193,34.8046],[-106.25146,34.80434],[-106.25173,34.80376],[-106.25226,34.8036],[-106.25223,34.80332],[-106.25245,34.80316],[-106.25313,34.80316],[-106.25337,34.80345],[-106.25382,34.80336],[-106.25404,34.80376],[-106.25434,34.80391],[-106.25527,34.80385],[-106.25579,34.80417],[-106.2561,34.80505],[-106.25595,34.8052],[-106.25443,34.80532],[-106.25414,34.80579],[-106.255,34.80554],[-106.25676,34.80583],[-106.25761,34.80659],[-106.2576,34.80745],[-106.25818,34.80787],[-106.25859,34.80765],[-106.25908,34.80767],[-106.25964,34.80824],[-106.25965,34.80846],[-106.26046,34.80914],[-106.26167,34.80908],[-106.26171,34.80931],[-106.26131,34.80951],[-106.26145,34.80972],[-106.2625,34.81028],[-106.26484,34.81207],[-106.26563,34.81215],[-106.26673,34.8129],[-106.26738,34.81299],[-106.26842,34.81269],[-106.26879,34.81234],[-106.26919,34.81121],[-106.26914,34.81074],[-106.27024,34.80954],[-106.27082,34.8092],[-106.27137,34.80911],[-106.27264,34.80937],[-106.27483,34.81037],[-106.27492,34.81082],[-106.27544,34.81108],[-106.2766,34.81126],[-106.27724,34.81151],[-106.27836,34.81234],[-106.27879,34.81231],[-106.27923,34.81118],[-106.27913,34.81004],[-106.27823,34.80955],[-106.27778,34.80888],[-106.27757,34.80831],[-106.2768,34.80739],[-106.27674,34.80701],[-106.27706,34.80693],[-106.27779,34.80743],[-106.27935,34.8077],[-106.28,34.80819],[-106.28038,34.80878],[-106.2802,34.81031],[-106.28031,34.81122],[-106.28068,34.81124],[-106.28088,34.81078],[-106.28067,34.81021],[-106.28069,34.80974],[-106.28094,34.8093],[-106.28251,34.80943],[-106.28243,34.80932],[-106.28276,34.80924],[-106.2832,34.80949],[-106.28398,34.80949],[-106.28502,34.80905],[-106.28556,34.80899],[-106.28624,34.80972],[-106.28659,34.80989],[-106.2885,34.80987],[-106.28998,34.80931],[-106.29015,34.80905],[-106.28977,34.80871],[-106.28849,34.80895],[-106.28677,34.80872],[-106.28654,34.80848],[-106.28668,34.80831],[-106.28596,34.80808],[-106.28595,34.80772],[-106.28654,34.80672],[-106.28628,34.80646],[-106.2852,34.80597],[-106.28448,34.806],[-106.2843,34.80569],[-106.28432,34.80533],[-106.28333,34.80467],[-106.28303,34.80425],[-106.2816,34.80324],[-106.2807,34.80308],[-106.28139,34.8018],[-106.28121,34.80121],[-106.28133,34.801],[-106.27975,34.80015],[-106.27909,34.79951],[-106.27916,34.79871],[-106.27997,34.79886],[-106.28111,34.79953],[-106.2818,34.79925],[-106.28227,34.7996],[-106.28227,34.79994],[-106.28274,34.80051],[-106.28341,34.80093],[-106.28387,34.80042],[-106.28416,34.80037],[-106.28512,34.80103],[-106.28525,34.80184],[-106.28577,34.80167],[-106.28668,34.80235],[-106.28784,34.80245],[-106.28864,34.80194],[-106.29004,34.80141],[-106.2902,34.80101],[-106.29055,34.80106],[-106.29058,34.80175],[-106.2913,34.80192],[-106.29133,34.8024],[-106.29158,34.80243],[-106.29183,34.80216],[-106.2922,34.80206],[-106.29285,34.80215],[-106.29332,34.80253],[-106.29413,34.80269],[-106.29417,34.80231],[-106.29271,34.80168],[-106.29298,34.8014],[-106.29337,34.80142],[-106.29468,34.80204],[-106.29582,34.80225],[-106.29647,34.80295],[-106.299,34.80443],[-106.29925,34.80486],[-106.2999,34.80457],[-106.3003,34.80459],[-106.30072,34.80492],[-106.29994,34.80347],[-106.29993,34.80311],[-106.29912,34.80276],[-106.29897,34.80246],[-106.29839,34.80208],[-106.29691,34.80186],[-106.29696,34.80159],[-106.29756,34.80133],[-106.29872,34.80122],[-106.30046,34.80149],[-106.30163,34.80217],[-106.3024,34.80224],[-106.3031,34.80205],[-106.3038,34.80318],[-106.30463,34.80359],[-106.30535,34.80368],[-106.30591,34.80417],[-106.30678,34.80438],[-106.30783,34.80513],[-106.30868,34.80543],[-106.30971,34.80643],[-106.31039,34.80635],[-106.31074,34.80651],[-106.31078,34.80685],[-106.31041,34.80717],[-106.31088,34.80748],[-106.31144,34.8075],[-106.31211,34.80793],[-106.31374,34.80822],[-106.31366,34.80841],[-106.31398,34.8085],[-106.31408,34.80885],[-106.31449,34.80915],[-106.31606,34.80921],[-106.31655,34.80951],[-106.31728,34.81033],[-106.3167,34.81103],[-106.31647,34.81189],[-106.31662,34.81243],[-106.31693,34.81248],[-106.31721,34.81219],[-106.31794,34.8123],[-106.31891,34.81209],[-106.31862,34.81149],[-106.31876,34.81132],[-106.32001,34.81139],[-106.32063,34.8115],[-106.32099,34.81184],[-106.322,34.81214],[-106.32235,34.81251],[-106.32343,34.81276],[-106.32368,34.81295],[-106.32375,34.81338],[-106.32417,34.81369],[-106.32487,34.81366],[-106.32569,34.81328],[-106.32611,34.81327],[-106.32652,34.81292],[-106.32607,34.81261],[-106.32547,34.81248],[-106.32537,34.81233],[-106.32547,34.81205],[-106.32693,34.81226],[-106.32767,34.813],[-106.32812,34.81316],[-106.32833,34.81305],[-106.32814,34.81228],[-106.32845,34.81207],[-106.32882,34.81207],[-106.32867,34.81151],[-106.32878,34.81128],[-106.32927,34.811],[-106.32988,34.8109],[-106.33061,34.81149],[-106.3307,34.81189],[-106.33099,34.81224],[-106.33099,34.81253],[-106.33045,34.81311],[-106.33045,34.81328],[-106.33073,34.81339],[-106.33128,34.81324],[-106.33159,34.81292],[-106.33228,34.8128],[-106.33298,34.81294],[-106.33341,34.81362],[-106.33438,34.81593],[-106.33449,34.81641],[-106.33433,34.81707],[-106.33479,34.81773],[-106.33494,34.81861],[-106.33585,34.81895],[-106.33603,34.81929],[-106.33608,34.82003],[-106.33647,34.8204],[-106.3363,34.821],[-106.33641,34.8214],[-106.33697,34.82134],[-106.33741,34.82079],[-106.33824,34.82038],[-106.33785,34.81998],[-106.3378,34.81947],[-106.33829,34.81926],[-106.33894,34.8186],[-106.3389,34.81846],[-106.33931,34.81826],[-106.3395,34.81888],[-106.34008,34.8189],[-106.34106,34.81775],[-106.34126,34.81796],[-106.34155,34.81794],[-106.34164,34.81775],[-106.34138,34.81768],[-106.34182,34.81744],[-106.34211,34.81701],[-106.34272,34.81671],[-106.34345,34.81697],[-106.34472,34.81673],[-106.34846,34.81543],[-106.34926,34.81557],[-106.34981,34.81546],[-106.34985,34.81487],[-106.35051,34.8148],[-106.35071,34.81446],[-106.35133,34.81431],[-106.35217,34.81442],[-106.35268,34.81398],[-106.3535,34.81405],[-106.35336,34.81331],[-106.35373,34.81285],[-106.35444,34.81258],[-106.35553,34.81247],[-106.35618,34.81221],[-106.35624,34.81186],[-106.35761,34.81182],[-106.35824,34.81127],[-106.3591,34.81111],[-106.35936,34.81116],[-106.35921,34.81148],[-106.35942,34.81148],[-106.36023,34.81072],[-106.36059,34.81074],[-106.3607,34.81046],[-106.36131,34.81031],[-106.36145,34.81006],[-106.36207,34.81],[-106.36244,34.80979],[-106.36333,34.80993],[-106.36349,34.81032],[-106.36362,34.81007],[-106.36426,34.80986],[-106.36563,34.81003],[-106.36601,34.80982],[-106.36684,34.80977],[-106.36716,34.80995],[-106.36765,34.80988],[-106.36845,34.80935],[-106.3699,34.80918],[-106.37062,34.80937],[-106.37091,34.80919],[-106.37085,34.80905],[-106.36997,34.80835],[-106.36979,34.80786],[-106.36995,34.80714],[-106.37019,34.80683],[-106.37064,34.80685],[-106.37132,34.8081],[-106.3728,34.80897],[-106.37284,34.80929],[-106.37329,34.80936],[-106.37359,34.80905],[-106.374,34.80894],[-106.37511,34.80891],[-106.37735,34.80973],[-106.37736,34.81014],[-106.37774,34.81049],[-106.37755,34.81064],[-106.37761,34.81097],[-106.37741,34.81117],[-106.37785,34.81184],[-106.37753,34.81246],[-106.37727,34.81252],[-106.3773,34.81281],[-106.37702,34.81289],[-106.37764,34.81344],[-106.3777,34.8138],[-106.37575,34.81393],[-106.37534,34.81488],[-106.37501,34.81492],[-106.37432,34.81558],[-106.37431,34.81574],[-106.37359,34.81564],[-106.37298,34.81608],[-106.37052,34.81674],[-106.37069,34.8171],[-106.37035,34.81724],[-106.37047,34.81733],[-106.37023,34.81763],[-106.36929,34.81751],[-106.36883,34.81796],[-106.36824,34.8178],[-106.36791,34.81792],[-106.36791,34.81821],[-106.36763,34.81823],[-106.367,34.81871],[-106.36653,34.8193],[-106.3664,34.82029],[-106.36583,34.82024],[-106.36571,34.81963],[-106.3654,34.81962],[-106.36535,34.81919],[-106.36559,34.81882],[-106.36548,34.81851],[-106.36522,34.81838],[-106.36506,34.81882],[-106.36519,34.81982],[-106.3654,34.81996],[-106.3652,34.82025],[-106.36551,34.82054],[-106.36554,34.82077],[-106.3647,34.82174],[-106.3651,34.82213],[-106.36485,34.82209],[-106.3646,34.8224],[-106.36387,34.82261],[-106.36366,34.82289],[-106.36319,34.82301],[-106.36307,34.82284],[-106.3629,34.823],[-106.36224,34.82287],[-106.36206,34.82301],[-106.36137,34.82293],[-106.36076,34.82308],[-106.35988,34.82289],[-106.35963,34.82308],[-106.35933,34.82252],[-106.35903,34.8229],[-106.35855,34.82299],[-106.35842,34.82284],[-106.35812,34.82309],[-106.35441,34.82303],[-106.35438,34.82314],[-106.34964,34.82351],[-106.34836,34.82321],[-106.34797,34.8235],[-106.34726,34.8236],[-106.34715,34.82343],[-106.34755,34.82336],[-106.34742,34.82309],[-106.34757,34.82286],[-106.34808,34.82252],[-106.34885,34.82239],[-106.34856,34.82185],[-106.34806,34.82196],[-106.34796,34.82178],[-106.34754,34.8222],[-106.34656,34.82244],[-106.34618,34.82316],[-106.34573,34.82303],[-106.34507,34.82313],[-106.34478,34.82373],[-106.34422,34.82616],[-106.34536,34.82642],[-106.3458,34.82673],[-106.34619,34.82674],[-106.34648,34.82719],[-106.34652,34.82809],[-106.34601,34.82843],[-106.34499,34.82809],[-106.34471,34.82707],[-106.34459,34.82684],[-106.34435,34.82687],[-106.34433,34.8278],[-106.34414,34.82812],[-106.3445,34.82859],[-106.34503,34.82891],[-106.34497,34.8297],[-106.34526,34.82995],[-106.34489,34.8314],[-106.34409,34.83207],[-106.34338,34.83219],[-106.34292,34.83172],[-106.34323,34.83091],[-106.34314,34.83054],[-106.3429,34.83043],[-106.342,34.83127],[-106.34194,34.83175],[-106.34207,34.83209],[-106.34165,34.83217],[-106.34204,34.83274],[-106.34201,34.83291],[-106.34254,34.8331],[-106.34293,34.83448],[-106.34241,34.83512],[-106.34143,34.83564],[-106.34132,34.83596],[-106.34153,34.83621],[-106.34318,34.8367],[-106.34365,34.83651],[-106.3437,34.83748],[-106.34302,34.83799],[-106.34248,34.83867],[-106.34299,34.83894],[-106.34291,34.83938],[-106.34267,34.84004],[-106.34152,34.84158],[-106.34255,34.8427],[-106.34152,34.84333],[-106.34131,34.84418],[-106.34153,34.84564],[-106.34178,34.84595],[-106.34131,34.84638],[-106.34096,34.8464],[-106.34076,34.8481],[-106.3406,34.84845],[-106.33951,34.8496],[-106.33931,34.85109],[-106.33873,34.8518],[-106.33845,34.85272],[-106.33794,34.85317],[-106.33609,34.85347],[-106.33416,34.85323],[-106.33376,34.8536],[-106.33264,34.85413],[-106.33181,34.854],[-106.33073,34.85436],[-106.33124,34.8546],[-106.33132,34.85526],[-106.33081,34.85554],[-106.33074,34.85609],[-106.3301,34.85662],[-106.32835,34.85736],[-106.32792,34.85844],[-106.32746,34.85905],[-106.32715,34.85999],[-106.32578,34.86103],[-106.32579,34.86172],[-106.32458,34.86324],[-106.32275,34.86311],[-106.32229,34.86314],[-106.32211,34.86329],[-106.32087,34.86296],[-106.32009,34.86297],[-106.31954,34.86322],[-106.31945,34.86349],[-106.31957,34.86368],[-106.32103,34.86401],[-106.32228,34.8652],[-106.32219,34.86568],[-106.32159,34.86599],[-106.32099,34.86603],[-106.32107,34.86628],[-106.32165,34.86658],[-106.32161,34.86723],[-106.32111,34.8676],[-106.3211,34.86815],[-106.32068,34.86836],[-106.32057,34.8693],[-106.32019,34.86996],[-106.32029,34.87014],[-106.31935,34.87107],[-106.3188,34.87128],[-106.31843,34.87123],[-106.31815,34.87146],[-106.31805,34.87232],[-106.31826,34.87257],[-106.31832,34.8731],[-106.31758,34.87336],[-106.31738,34.8741],[-106.31715,34.8742],[-106.3165,34.87407],[-106.31553,34.87485],[-106.31523,34.87487],[-106.31523,34.87523],[-106.31579,34.87567],[-106.31563,34.87624],[-106.31534,34.87663],[-106.31541,34.87686],[-106.31507,34.87732],[-106.31408,34.87769],[-106.31329,34.87905],[-106.3131,34.88011],[-106.31267,34.88063],[-106.31238,34.88141],[-106.31132,34.88169],[-106.30971,34.88245],[-106.30823,34.88272],[-106.30735,34.88389],[-106.30672,34.88377],[-106.30547,34.88439],[-106.30529,34.88475],[-106.30564,34.88504],[-106.30565,34.88561],[-106.30501,34.88644],[-106.30471,34.88657],[-106.30475,34.88678],[-106.30355,34.88853],[-106.3021,34.88914],[-106.30165,34.88966],[-106.30118,34.89048],[-106.30112,34.89104],[-106.3008,34.89173],[-106.29978,34.89311],[-106.29902,34.89348],[-106.29615,34.89378],[-106.29581,34.89401],[-106.29558,34.89453],[-106.29603,34.89681],[-106.29559,34.89745],[-106.2949,34.89797],[-106.2948,34.89837],[-106.29349,34.89876],[-106.29235,34.8994],[-106.2883,34.9005],[-106.28831,34.90082],[-106.28734,34.90111],[-106.28724,34.90146],[-106.28627,34.90144],[-106.28627,34.90175],[-106.28428,34.90321],[-106.28404,34.90364],[-106.28391,34.90352],[-106.28084,34.90385],[-106.28019,34.90361],[-106.28016,34.90389],[-106.27942,34.90407],[-106.27902,34.90379],[-106.27883,34.90392],[-106.27863,34.90368],[-106.27787,34.90339],[-106.27684,34.90338],[-106.27679,34.90326],[-106.27729,34.90269],[-106.27718,34.90242],[-106.27575,34.90209],[-106.2754,34.90213],[-106.27615,34.90309],[-106.27556,34.90324],[-106.27552,34.90339],[-106.27517,34.90327],[-106.27491,34.90352],[-106.27417,34.90323],[-106.27372,34.90274],[-106.27382,34.90261],[-106.27352,34.90212],[-106.27332,34.90206],[-106.27308,34.90238],[-106.2734,34.90283],[-106.27334,34.90344],[-106.27269,34.90424],[-106.27207,34.90437],[-106.27098,34.90398],[-106.27108,34.90366],[-106.27087,34.90326],[-106.27086,34.90266],[-106.27043,34.90221]]],[[[-106.26791,34.80853],[-106.26788,34.80796],[-106.26822,34.80798],[-106.26837,34.80817],[-106.26869,34.80734],[-106.26811,34.80657],[-106.26723,34.80599],[-106.26706,34.80571],[-106.26732,34.8053],[-106.26799,34.80488],[-106.2682,34.80492],[-106.26819,34.80512],[-106.26797,34.80524],[-106.26788,34.80558],[-106.26853,34.80618],[-106.26901,34.80628],[-106.26901,34.8069],[-106.2697,34.80752],[-106.26951,34.80868],[-106.26911,34.80942],[-106.26915,34.80985],[-106.26879,34.81008],[-106.26841,34.81065],[-106.26824,34.81072],[-106.26809,34.81054],[-106.26821,34.80903],[-106.26791,34.80853]]],[[[-106.25195,34.82137],[-106.251,34.82121],[-106.2507,34.82086],[-106.25066,34.82],[-106.25181,34.81973],[-106.25324,34.82033],[-106.25344,34.82059],[-106.25327,34.82074],[-106.25239,34.82134],[-106.25195,34.82137]]],[[[-106.23506,34.83661],[-106.23431,34.83615],[-106.23419,34.83583],[-106.23543,34.83565],[-106.23571,34.83535],[-106.23641,34.83565],[-106.23622,34.83611],[-106.23648,34.83632],[-106.23646,34.83652],[-106.23614,34.83663],[-106.23575,34.83653],[-106.23593,34.83679],[-106.23547,34.83684],[-106.23506,34.83661]]],[[[-106.27011,34.80689],[-106.27032,34.80674],[-106.27073,34.80719],[-106.27157,34.80761],[-106.27166,34.80792],[-106.27155,34.80828],[-106.27095,34.80864],[-106.27045,34.80777],[-106.27016,34.80765],[-106.27011,34.80689]]],[[[-106.32677,34.81089],[-106.32704,34.81063],[-106.32729,34.81082],[-106.32779,34.81179],[-106.32762,34.81197],[-106.32703,34.81194],[-106.32671,34.81169],[-106.32677,34.81089]]],[[[-106.26684,34.80676],[-106.26675,34.80642],[-106.26719,34.80649],[-106.26769,34.80696],[-106.26746,34.80708],[-106.26684,34.80676]]],[[[-106.33385,34.81313],[-106.33402,34.81296],[-106.3344,34.81298],[-106.33444,34.81338],[-106.33385,34.81341],[-106.33385,34.81313]]],[[[-106.24934,34.82827],[-106.24906,34.82819],[-106.24942,34.82806],[-106.24994,34.8281],[-106.24974,34.82844],[-106.24934,34.82827]]],[[[-106.27976,34.80135],[-106.28022,34.80143],[-106.28037,34.80172],[-106.27979,34.8016],[-106.27976,34.80135]]]]},"properties":{"incidentname":"Dog Head","perimeterdatetime":1466459280000,"gisacres":17900.81,"state":"NM"}},{"type":"Feature","geometry":{"type":"MultiPolygon","coordinates":[[[[-106.27043,34.90221],[-106.26971,34.90152],[-106.26926,34.90145],[-106.26951,34.90109],[-106.26994,34.90097],[-106.26978,34.9007],[-106.2687,34.90008],[-106.26801,34.90043],[-106.26759,34.90029],[-106.26751,34.89989],[-106.26724,34.89986],[-106.26734,34.90015],[-106.26704,34.90061],[-106.26672,34.90036],[-106.26647,34.90001],[-106.26682,34.89984],[-106.2674,34.89912],[-106.26708,34.89906],[-106.26636,34.89961],[-106.26584,34.89968],[-106.26563,34.89965],[-106.26539,34.89926],[-106.26497,34.89972],[-106.2645,34.89984],[-106.26378,34.89954],[-106.26256,34.89941],[-106.26213,34.89973],[-106.26035,34.89898],[-106.2591,34.89883],[-106.25919,34.89858],[-106.2595,34.89852],[-106.25947,34.8983],[-106.26008,34.89822],[-106.25978,34.89763],[-106.25865,34.89709],[-106.25812,34.89707],[-106.256,34.8964],[-106.25547,34.89567],[-106.2557,34.89545],[-106.25468,34.89539],[-106.25187,34.89358],[-106.2518,34.8928],[-106.25218,34.89255],[-106.25365,34.89232],[-106.25547,34.89233],[-106.25601,34.89297],[-106.25629,34.89294],[-106.25614,34.89261],[-106.2564,34.89244],[-106.2584,34.89208],[-106.25923,34.89148],[-106.25901,34.89098],[-106.25849,34.89084],[-106.25868,34.89055],[-106.2579,34.89016],[-106.25744,34.89016],[-106.25646,34.89058],[-106.25562,34.89054],[-106.25582,34.89025],[-106.25718,34.88993],[-106.25757,34.88949],[-106.25865,34.89001],[-106.25944,34.89007],[-106.26108,34.8897],[-106.26102,34.88951],[-106.25945,34.88931],[-106.2593,34.889],[-106.25857,34.88864],[-106.25857,34.88818],[-106.25691,34.88776],[-106.25659,34.88752],[-106.25615,34.88753],[-106.25593,34.88789],[-106.25526,34.88778],[-106.25494,34.88744],[-106.25439,34.88759],[-106.25411,34.88816],[-106.25289,34.88876],[-106.25179,34.88969],[-106.25135,34.89044],[-106.2495,34.8922],[-106.24677,34.89299],[-106.24607,34.89283],[-106.24579,34.89307],[-106.24527,34.8932],[-106.24506,34.8927],[-106.24368,34.89154],[-106.24356,34.89131],[-106.24367,34.89116],[-106.24312,34.89076],[-106.24243,34.8911],[-106.2413,34.89121],[-106.23975,34.89037],[-106.23846,34.88933],[-106.23834,34.88905],[-106.23848,34.88883],[-106.2411,34.88935],[-106.24249,34.88941],[-106.24286,34.88917],[-106.24286,34.88886],[-106.24233,34.8885],[-106.24259,34.88841],[-106.24323,34.88857],[-106.24311,34.88823],[-106.24133,34.88756],[-106.24109,34.88723],[-106.24197,34.88607],[-106.24247,34.8864],[-106.24397,34.8857],[-106.24455,34.88576],[-106.24472,34.88595],[-106.24521,34.88556],[-106.24553,34.88559],[-106.24588,34.88599],[-106.24605,34.88577],[-106.24596,34.88537],[-106.24688,34.88476],[-106.24783,34.88454],[-106.2494,34.88476],[-106.24982,34.88406],[-106.25031,34.88399],[-106.2506,34.88377],[-106.25076,34.88319],[-106.25148,34.88273],[-106.25217,34.88268],[-106.25248,34.88282],[-106.25358,34.88249],[-106.25494,34.88244],[-106.25501,34.88265],[-106.25547,34.88283],[-106.25725,34.8831],[-106.25826,34.88302],[-106.25834,34.88281],[-106.25788,34.88267],[-106.25766,34.88191],[-106.25768,34.88152],[-106.25811,34.88066],[-106.25804,34.88045],[-106.25676,34.87984],[-106.25658,34.87913],[-106.25613,34.87863],[-106.25642,34.87832],[-106.2574,34.87788],[-106.25896,34.8781],[-106.25959,34.87754],[-106.26003,34.87759],[-106.25952,34.87852],[-106.26004,34.87873],[-106.26051,34.87877],[-106.26169,34.87848],[-106.26361,34.87872],[-106.26486,34.87911],[-106.2653,34.87956],[-106.26567,34.8796],[-106.2659,34.87943],[-106.26601,34.87893],[-106.26574,34.87822],[-106.26658,34.87821],[-106.26678,34.87792],[-106.26671,34.87749],[-106.26566,34.87674],[-106.26479,34.87658],[-106.26418,34.87673],[-106.26348,34.87626],[-106.26227,34.87628],[-106.26168,34.87609],[-106.26079,34.87626],[-106.2596,34.87591],[-106.25921,34.8753],[-106.25846,34.87497],[-106.25822,34.87464],[-106.25859,34.87452],[-106.25876,34.87392],[-106.25903,34.87393],[-106.25939,34.8736],[-106.26004,34.87378],[-106.26011,34.87353],[-106.26046,34.87357],[-106.26058,34.87386],[-106.26128,34.8741],[-106.26168,34.87479],[-106.26262,34.8748],[-106.26329,34.87517],[-106.26355,34.87488],[-106.26389,34.87488],[-106.26456,34.87525],[-106.26484,34.875],[-106.26526,34.87501],[-106.26547,34.87508],[-106.26563,34.87541],[-106.26633,34.87547],[-106.26738,34.87584],[-106.2677,34.87584],[-106.26801,34.87507],[-106.2676,34.87336],[-106.26815,34.8733],[-106.26898,34.87418],[-106.26941,34.87403],[-106.26941,34.87385],[-106.2699,34.87395],[-106.27014,34.87428],[-106.27077,34.87385],[-106.27181,34.87417],[-106.27214,34.87453],[-106.27246,34.87459],[-106.27329,34.87418],[-106.27367,34.87437],[-106.27376,34.87458],[-106.27407,34.87412],[-106.27571,34.87356],[-106.27836,34.87413],[-106.27937,34.87412],[-106.28087,34.8737],[-106.28139,34.87393],[-106.28192,34.87457],[-106.2823,34.87466],[-106.28328,34.87427],[-106.28336,34.87405],[-106.28397,34.87397],[-106.28399,34.87366],[-106.28324,34.87331],[-106.28332,34.87286],[-106.28236,34.8728],[-106.28239,34.87258],[-106.28218,34.87239],[-106.28146,34.87242],[-106.28096,34.87221],[-106.2809,34.87174],[-106.28057,34.87138],[-106.27994,34.87141],[-106.27969,34.87082],[-106.27777,34.87163],[-106.27699,34.8718],[-106.27589,34.87177],[-106.27483,34.87099],[-106.27403,34.87114],[-106.27402,34.87093],[-106.27376,34.87076],[-106.27387,34.87017],[-106.27352,34.87005],[-106.27345,34.86976],[-106.27299,34.8696],[-106.27273,34.86987],[-106.27247,34.86966],[-106.27252,34.86932],[-106.272,34.8694],[-106.27119,34.86905],[-106.27035,34.8693],[-106.27017,34.86911],[-106.2696,34.86957],[-106.26922,34.8695],[-106.26864,34.86908],[-106.26818,34.86953],[-106.26674,34.86974],[-106.26666,34.86998],[-106.26605,34.87025],[-106.26594,34.87068],[-106.26618,34.87084],[-106.26643,34.8707],[-106.26678,34.87074],[-106.26676,34.87088],[-106.26627,34.87124],[-106.26572,34.87127],[-106.26458,34.87217],[-106.2634,34.87259],[-106.26312,34.87357],[-106.26187,34.87313],[-106.26163,34.87289],[-106.26259,34.87279],[-106.26243,34.87269],[-106.2629,34.87224],[-106.26262,34.87131],[-106.26165,34.8717],[-106.26103,34.87152],[-106.2597,34.87151],[-106.25859,34.87214],[-106.25856,34.87225],[-106.25926,34.87246],[-106.25935,34.87267],[-106.25854,34.87309],[-106.25646,34.87316],[-106.2564,34.87304],[-106.25697,34.87258],[-106.25795,34.87242],[-106.25799,34.87212],[-106.25754,34.8721],[-106.25751,34.8717],[-106.25828,34.87124],[-106.259,34.87108],[-106.25894,34.87066],[-106.25862,34.87047],[-106.25645,34.87056],[-106.25598,34.87038],[-106.25635,34.87013],[-106.256,34.86987],[-106.25469,34.86936],[-106.25492,34.86912],[-106.25584,34.86907],[-106.25584,34.86878],[-106.25549,34.86866],[-106.25531,34.86828],[-106.25601,34.86821],[-106.256,34.86801],[-106.2551,34.86786],[-106.25504,34.86757],[-106.25623,34.86751],[-106.25512,34.86716],[-106.2547,34.86617],[-106.25522,34.86638],[-106.2554,34.86671],[-106.25595,34.86677],[-106.25602,34.86657],[-106.25577,34.86633],[-106.25618,34.86623],[-106.25629,34.86601],[-106.25757,34.86638],[-106.25884,34.86593],[-106.25892,34.86565],[-106.26042,34.86565],[-106.2608,34.86551],[-106.26082,34.86486],[-106.26001,34.8648],[-106.26,34.86458],[-106.26133,34.86452],[-106.26297,34.86343],[-106.2635,34.86245],[-106.26318,34.86207],[-106.26251,34.86208],[-106.26122,34.8625],[-106.26041,34.86258],[-106.25968,34.86239],[-106.25987,34.86216],[-106.25965,34.86175],[-106.25938,34.8617],[-106.25935,34.86148],[-106.25961,34.86117],[-106.26006,34.8611],[-106.26048,34.86143],[-106.26045,34.862],[-106.2606,34.86224],[-106.26098,34.86209],[-106.26141,34.86138],[-106.26137,34.86104],[-106.26122,34.86085],[-106.25931,34.8607],[-106.25858,34.86042],[-106.25791,34.86062],[-106.25722,34.86046],[-106.25739,34.86019],[-106.25841,34.8597],[-106.25802,34.8594],[-106.25826,34.85873],[-106.25762,34.8581],[-106.25623,34.85804],[-106.25588,34.85825],[-106.25553,34.85821],[-106.25542,34.85804],[-106.25555,34.85759],[-106.25514,34.85724],[-106.25462,34.85696],[-106.25418,34.85687],[-106.25384,34.85699],[-106.25349,34.85685],[-106.2534,34.85657],[-106.25411,34.8562],[-106.25378,34.856],[-106.25305,34.85633],[-106.25066,34.856],[-106.25029,34.85616],[-106.24924,34.8561],[-106.24908,34.85619],[-106.24896,34.85743],[-106.24866,34.85776],[-106.2482,34.85786],[-106.24773,34.85759],[-106.24714,34.85801],[-106.24635,34.85778],[-106.24577,34.85738],[-106.24566,34.85696],[-106.24494,34.85643],[-106.24507,34.85629],[-106.24499,34.8561],[-106.24386,34.8559],[-106.24289,34.85595],[-106.24268,34.85625],[-106.24164,34.85616],[-106.24122,34.85702],[-106.24149,34.85754],[-106.24135,34.85819],[-106.24019,34.85798],[-106.24005,34.85818],[-106.2402,34.85846],[-106.24045,34.8586],[-106.24119,34.85854],[-106.24226,34.85892],[-106.2433,34.85955],[-106.2439,34.85964],[-106.244,34.86009],[-106.24383,34.86114],[-106.24513,34.86191],[-106.24688,34.8621],[-106.24732,34.86239],[-106.24731,34.86277],[-106.24665,34.86307],[-106.24622,34.86307],[-106.2459,34.86384],[-106.24521,34.86288],[-106.24463,34.86269],[-106.24418,34.8622],[-106.24333,34.86243],[-106.24178,34.86162],[-106.2414,34.86155],[-106.24079,34.86169],[-106.23833,34.86084],[-106.23701,34.85983],[-106.23639,34.85965],[-106.23571,34.85975],[-106.23512,34.86005],[-106.23326,34.85922],[-106.23227,34.85903],[-106.23305,34.8575],[-106.23245,34.85747],[-106.23218,34.8572],[-106.2312,34.85708],[-106.23,34.85656],[-106.2301,34.85547],[-106.23082,34.85517],[-106.23131,34.85524],[-106.23126,34.85455],[-106.23215,34.85473],[-106.23346,34.85366],[-106.23387,34.85379],[-106.23408,34.85406],[-106.2332,34.85433],[-106.23293,34.85468],[-106.233,34.85484],[-106.23362,34.85475],[-106.2345,34.85421],[-106.23465,34.85389],[-106.23629,34.85405],[-106.23678,34.85389],[-106.23746,34.85422],[-106.23761,34.8545],[-106.23717,34.85486],[-106.23746,34.855],[-106.23804,34.85495],[-106.23858,34.85469],[-106.23853,34.8543],[-106.23792,34.8539],[-106.23802,34.85368],[-106.23879,34.85398],[-106.23898,34.85428],[-106.23882,34.85501],[-106.23898,34.85522],[-106.23926,34.85472],[-106.24011,34.8545],[-106.23843,34.85338],[-106.23853,34.85292],[-106.24147,34.85189],[-106.24172,34.85128],[-106.24219,34.85089],[-106.2442,34.85115],[-106.24501,34.8517],[-106.24527,34.85162],[-106.24557,34.85089],[-106.24589,34.85097],[-106.24614,34.85128],[-106.24644,34.85137],[-106.24659,34.85181],[-106.24698,34.8521],[-106.24834,34.85254],[-106.24831,34.85306],[-106.24871,34.85344],[-106.24862,34.85375],[-106.24932,34.85478],[-106.24951,34.85478],[-106.24897,34.85341],[-106.24909,34.85263],[-106.25019,34.85219],[-106.25051,34.85226],[-106.25088,34.85264],[-106.25106,34.85226],[-106.25217,34.85225],[-106.25217,34.85183],[-106.25045,34.85118],[-106.25039,34.85075],[-106.25009,34.85056],[-106.24935,34.85058],[-106.24882,34.85039],[-106.24872,34.8505],[-106.2487,34.85003],[-106.24806,34.84994],[-106.2475,34.84966],[-106.24667,34.848],[-106.24689,34.8473],[-106.24737,34.84713],[-106.24754,34.84689],[-106.24723,34.84636],[-106.24667,34.84629],[-106.24681,34.84593],[-106.24731,34.84576],[-106.24795,34.84578],[-106.2483,34.84609],[-106.25035,34.8467],[-106.25087,34.84714],[-106.2559,34.84819],[-106.25877,34.8483],[-106.26088,34.84971],[-106.26087,34.85117],[-106.26254,34.85258],[-106.2637,34.85267],[-106.2643,34.85235],[-106.26433,34.85204],[-106.26336,34.85152],[-106.26296,34.84967],[-106.26219,34.84858],[-106.26093,34.84757],[-106.25884,34.84549],[-106.25921,34.84493],[-106.2614,34.84448],[-106.26208,34.84491],[-106.26399,34.8451],[-106.26443,34.84533],[-106.26466,34.84578],[-106.26516,34.84611],[-106.26583,34.84604],[-106.26586,34.84463],[-106.26469,34.84385],[-106.26437,34.84328],[-106.26323,34.84282],[-106.26181,34.8429],[-106.25853,34.84237],[-106.25864,34.84196],[-106.25733,34.84123],[-106.2568,34.84076],[-106.25683,34.84057],[-106.25793,34.84053],[-106.25846,34.84096],[-106.25904,34.84107],[-106.25934,34.84026],[-106.25878,34.83926],[-106.25852,34.83929],[-106.25829,34.83981],[-106.25807,34.83988],[-106.25793,34.84015],[-106.25712,34.84005],[-106.25663,34.83974],[-106.25632,34.8398],[-106.25557,34.83955],[-106.2544,34.84048],[-106.25281,34.84052],[-106.25217,34.84026],[-106.25128,34.83922],[-106.25189,34.83919],[-106.25185,34.83883],[-106.25208,34.83859],[-106.25332,34.83789],[-106.25351,34.83748],[-106.25403,34.83704],[-106.25333,34.83691],[-106.25238,34.8372],[-106.25139,34.83652],[-106.25032,34.83658],[-106.25014,34.83622],[-106.24973,34.83613],[-106.2491,34.83628],[-106.24666,34.83612],[-106.24611,34.83549],[-106.2459,34.83568],[-106.24505,34.83569],[-106.24432,34.83516],[-106.24098,34.83448],[-106.24025,34.83417],[-106.24008,34.83398],[-106.24008,34.83363],[-106.23986,34.8337],[-106.23908,34.83484],[-106.23883,34.8349],[-106.23912,34.83501],[-106.23959,34.8349],[-106.23968,34.83519],[-106.23941,34.83564],[-106.23836,34.83566],[-106.23836,34.83592],[-106.23855,34.83607],[-106.2385,34.8365],[-106.23824,34.83653],[-106.23753,34.83607],[-106.23756,34.83588],[-106.23698,34.83546],[-106.23713,34.8352],[-106.23749,34.83506],[-106.23632,34.83486],[-106.23635,34.83466],[-106.23838,34.83431],[-106.23615,34.83419],[-106.23567,34.83409],[-106.23468,34.83353],[-106.23493,34.83327],[-106.23525,34.83322],[-106.23647,34.83341],[-106.23714,34.83375],[-106.2379,34.8339],[-106.23878,34.83386],[-106.23848,34.83334],[-106.23768,34.83302],[-106.23816,34.83208],[-106.23805,34.83182],[-106.23781,34.83173],[-106.237,34.83192],[-106.23638,34.83161],[-106.2362,34.83202],[-106.23637,34.83255],[-106.23595,34.83273],[-106.23538,34.83255],[-106.23541,34.83216],[-106.23568,34.83203],[-106.2351,34.83165],[-106.23561,34.83122],[-106.23786,34.83124],[-106.23843,34.83142],[-106.23878,34.83123],[-106.24026,34.83102],[-106.24278,34.83119],[-106.24296,34.83106],[-106.24277,34.83052],[-106.24327,34.83033],[-106.24447,34.83039],[-106.24445,34.83003],[-106.24526,34.82977],[-106.2454,34.82955],[-106.24444,34.82944],[-106.24436,34.82927],[-106.24535,34.8287],[-106.24532,34.82843],[-106.24494,34.82839],[-106.2444,34.82871],[-106.2436,34.82883],[-106.24385,34.82918],[-106.24361,34.82972],[-106.24242,34.82959],[-106.24234,34.8299],[-106.24192,34.82998],[-106.24101,34.8293],[-106.24075,34.82931],[-106.24,34.82987],[-106.23963,34.82991],[-106.23809,34.82949],[-106.23604,34.82951],[-106.23617,34.82935],[-106.23346,34.82907],[-106.23211,34.82852],[-106.23088,34.82723],[-106.22912,34.82685],[-106.2282,34.82554],[-106.22752,34.82592],[-106.22683,34.82569],[-106.2264,34.82526],[-106.22493,34.82469],[-106.22494,34.82426],[-106.22695,34.82357],[-106.22857,34.8234],[-106.22906,34.82349],[-106.23156,34.82304],[-106.23645,34.82471],[-106.23659,34.82529],[-106.23743,34.82586],[-106.23906,34.82614],[-106.23971,34.82642],[-106.23993,34.82669],[-106.24049,34.82516],[-106.24305,34.82496],[-106.2431,34.8258],[-106.24361,34.82566],[-106.24399,34.82595],[-106.2443,34.82653],[-106.24472,34.82682],[-106.24563,34.82692],[-106.24624,34.82667],[-106.24645,34.82699],[-106.24692,34.82701],[-106.24717,34.82746],[-106.24825,34.82806],[-106.24842,34.82827],[-106.24788,34.82926],[-106.24839,34.83006],[-106.24893,34.83029],[-106.24978,34.82993],[-106.24954,34.82899],[-106.25025,34.82864],[-106.254,34.82979],[-106.25586,34.82994],[-106.25594,34.8298],[-106.25536,34.82937],[-106.25426,34.82945],[-106.25367,34.8287],[-106.25351,34.82794],[-106.25308,34.8278],[-106.25227,34.82776],[-106.25178,34.82798],[-106.25066,34.82813],[-106.25052,34.82835],[-106.25029,34.82825],[-106.25027,34.82778],[-106.24972,34.82767],[-106.24992,34.8274],[-106.25051,34.82747],[-106.25075,34.82715],[-106.25055,34.82636],[-106.25188,34.82629],[-106.25207,34.82602],[-106.25262,34.82625],[-106.25418,34.82623],[-106.25555,34.8257],[-106.25556,34.82554],[-106.25602,34.82555],[-106.25667,34.82614],[-106.25684,34.82609],[-106.25684,34.82575],[-106.25804,34.82507],[-106.25866,34.82554],[-106.25932,34.82547],[-106.26068,34.82509],[-106.26103,34.82471],[-106.26145,34.82487],[-106.26206,34.82479],[-106.26272,34.82457],[-106.26292,34.82436],[-106.26291,34.82395],[-106.26248,34.82391],[-106.26179,34.8242],[-106.2595,34.82413],[-106.25565,34.82433],[-106.25547,34.82422],[-106.25556,34.82404],[-106.25542,34.82391],[-106.25564,34.82352],[-106.25558,34.82321],[-106.2552,34.82312],[-106.25492,34.82348],[-106.25446,34.82356],[-106.25416,34.82323],[-106.25433,34.82261],[-106.25386,34.82216],[-106.25423,34.82204],[-106.25432,34.82172],[-106.2547,34.8214],[-106.2557,34.82132],[-106.25575,34.82116],[-106.25639,34.82127],[-106.25649,34.82159],[-106.25675,34.8217],[-106.25708,34.8217],[-106.25727,34.8214],[-106.25768,34.82131],[-106.25836,34.82152],[-106.25888,34.82054],[-106.25975,34.82067],[-106.25987,34.82089],[-106.25979,34.8211],[-106.25943,34.82127],[-106.25989,34.82124],[-106.25974,34.8216],[-106.25998,34.82174],[-106.26071,34.82166],[-106.26433,34.82212],[-106.26499,34.82161],[-106.26461,34.82131],[-106.26489,34.82097],[-106.26556,34.82074],[-106.26618,34.82015],[-106.26595,34.81989],[-106.26444,34.81975],[-106.26458,34.81957],[-106.26457,34.81907],[-106.26509,34.8188],[-106.265,34.81842],[-106.26435,34.81785],[-106.26361,34.81815],[-106.26302,34.81796],[-106.26429,34.81726],[-106.26501,34.81746],[-106.26521,34.81736],[-106.26538,34.81701],[-106.26514,34.81644],[-106.26482,34.8163],[-106.2641,34.81633],[-106.26397,34.81566],[-106.26286,34.81503],[-106.26106,34.81464],[-106.25974,34.8148],[-106.25958,34.81406],[-106.25859,34.81393],[-106.25824,34.81372],[-106.25791,34.81296],[-106.25716,34.81265],[-106.25593,34.81171],[-106.25508,34.81131],[-106.25496,34.81101],[-106.25447,34.81068],[-106.25302,34.80885],[-106.25235,34.80836],[-106.25171,34.8082],[-106.25029,34.80744],[-106.24977,34.80764],[-106.24814,34.80717],[-106.24626,34.80726],[-106.24542,34.80666],[-106.24538,34.80642],[-106.24587,34.80625],[-106.24596,34.80607],[-106.24573,34.80563],[-106.24333,34.80497],[-106.24302,34.80462],[-106.24313,34.80449],[-106.24409,34.80464],[-106.24475,34.80505],[-106.246,34.80462],[-106.2463,34.80477],[-106.24657,34.80519],[-106.24691,34.80511],[-106.24724,34.80465],[-106.2488,34.80573],[-106.24952,34.80573],[-106.24973,34.80558],[-106.24909,34.80513],[-106.24891,34.80489],[-106.24905,34.80474],[-106.24949,34.80479],[-106.24979,34.80516],[-106.25132,34.80544],[-106.25205,34.80583],[-106.25303,34.80559],[-106.25374,34.80579],[-106.25346,34.80545],[-106.25268,34.80535],[-106.25259,34.80462],[-106.25193,34.8046],[-106.25146,34.80434],[-106.25173,34.80376],[-106.25226,34.8036],[-106.25223,34.80332],[-106.25245,34.80316],[-106.25313,34.80316],[-106.25337,34.80345],[-106.25382,34.80336],[-106.25404,34.80376],[-106.25434,34.80391],[-106.25527,34.80385],[-106.25579,34.80417],[-106.2561,34.80505],[-106.25595,34.8052],[-106.25443,34.80532],[-106.25414,34.80579],[-106.255,34.80554],[-106.25676,34.80583],[-106.25761,34.80659],[-106.2576,34.80745],[-106.25818,34.80787],[-106.25859,34.80765],[-106.25908,34.80767],[-106.25964,34.80824],[-106.25965,34.80846],[-106.26046,34.80914],[-106.26167,34.80908],[-106.26171,34.80931],[-106.26131,34.80951],[-106.26145,34.80972],[-106.2625,34.81028],[-106.26484,34.81207],[-106.26563,34.81215],[-106.26673,34.8129],[-106.26738,34.81299],[-106.26842,34.81269],[-106.26879,34.81234],[-106.26919,34.81121],[-106.26914,34.81074],[-106.27024,34.80954],[-106.27082,34.8092],[-106.27137,34.80911],[-106.27264,34.80937],[-106.27483,34.81037],[-106.27492,34.81082],[-106.27544,34.81108],[-106.2766,34.81126],[-106.27724,34.81151],[-106.27836,34.81234],[-106.27879,34.81231],[-106.27923,34.81118],[-106.27913,34.81004],[-106.27823,34.80955],[-106.27778,34.80888],[-106.27757,34.80831],[-106.2768,34.80739],[-106.27674,34.80701],[-106.27706,34.80693],[-106.27779,34.80743],[-106.27935,34.8077],[-106.28,34.80819],[-106.28038,34.80878],[-106.2802,34.81031],[-106.28031,34.81122],[-106.28068,34.81124],[-106.28088,34.81078],[-106.28067,34.81021],[-106.28069,34.80974],[-106.28094,34.8093],[-106.28251,34.80943],[-106.28243,34.80932],[-106.28276,34.80924],[-106.2832,34.80949],[-106.28398,34.80949],[-106.28502,34.80905],[-106.28556,34.80899],[-106.28624,34.80972],[-106.28659,34.80989],[-106.2885,34.80987],[-106.28998,34.80931],[-106.29015,34.80905],[-106.28977,34.80871],[-106.28849,34.80895],[-106.28677,34.80872],[-106.28654,34.80848],[-106.28668,34.80831],[-106.28596,34.80808],[-106.28595,34.80772],[-106.28654,34.80672],[-106.28628,34.80646],[-106.2852,34.80597],[-106.28448,34.806],[-106.2843,34.80569],[-106.28432,34.80533],[-106.28333,34.80467],[-106.28303,34.80425],[-106.2816,34.80324],[-106.2807,34.80308],[-106.28139,34.8018],[-106.28121,34.80121],[-106.28133,34.801],[-106.27975,34.80015],[-106.27909,34.79951],[-106.27916,34.79871],[-106.27997,34.79886],[-106.28111,34.79953],[-106.2818,34.79925],[-106.28227,34.7996],[-106.28227,34.79994],[-106.28274,34.80051],[-106.28341,34.80093],[-106.28387,34.80042],[-106.28416,34.80037],[-106.28512,34.80103],[-106.28525,34.80184],[-106.28577,34.80167],[-106.28668,34.80235],[-106.28784,34.80245],[-106.28864,34.80194],[-106.29004,34.80141],[-106.2902,34.80101],[-106.29055,34.80106],[-106.29058,34.80175],[-106.2913,34.80192],[-106.29133,34.8024],[-106.29158,34.80243],[-106.29183,34.80216],[-106.2922,34.80206],[-106.29285,34.80215],[-106.29332,34.80253],[-106.29413,34.80269],[-106.29417,34.80231],[-106.29271,34.80168],[-106.29298,34.8014],[-106.29337,34.80142],[-106.29468,34.80204],[-106.29582,34.80225],[-106.29647,34.80295],[-106.299,34.80443],[-106.29925,34.80486],[-106.2999,34.80457],[-106.3003,34.80459],[-106.30072,34.80492],[-106.29994,34.80347],[-106.29993,34.80311],[-106.29912,34.80276],[-106.29897,34.80246],[-106.29839,34.80208],[-106.29691,34.80186],[-106.29696,34.80159],[-106.29756,34.80133],[-106.29872,34.80122],[-106.30046,34.80149],[-106.30163,34.80217],[-106.3024,34.80224],[-106.3031,34.80205],[-106.3038,34.80318],[-106.30463,34.80359],[-106.30535,34.80368],[-106.30591,34.80417],[-106.30678,34.80438],[-106.30783,34.80513],[-106.30868,34.80543],[-106.30971,34.80643],[-106.31039,34.80635],[-106.31074,34.80651],[-106.31078,34.80685],[-106.31041,34.80717],[-106.31088,34.80748],[-106.31144,34.8075],[-106.31211,34.80793],[-106.31374,34.80822],[-106.31366,34.80841],[-106.31398,34.8085],[-106.31408,34.80885],[-106.31449,34.80915],[-106.31606,34.80921],[-106.31655,34.80951],[-106.31728,34.81033],[-106.3167,34.81103],[-106.31647,34.81189],[-106.31662,34.81243],[-106.31693,34.81248],[-106.31721,34.81219],[-106.31794,34.8123],[-106.31891,34.81209],[-106.31862,34.81149],[-106.31876,34.81132],[-106.32001,34.81139],[-106.32063,34.8115],[-106.32099,34.81184],[-106.322,34.81214],[-106.32235,34.81251],[-106.32343,34.81276],[-106.32368,34.81295],[-106.32375,34.81338],[-106.32417,34.81369],[-106.32487,34.81366],[-106.32569,34.81328],[-106.32611,34.81327],[-106.32652,34.81292],[-106.32607,34.81261],[-106.32547,34.81248],[-106.32537,34.81233],[-106.32547,34.81205],[-106.32693,34.81226],[-106.32767,34.813],[-106.32812,34.81316],[-106.32833,34.81305],[-106.32814,34.81228],[-106.32845,34.81207],[-106.32882,34.81207],[-106.32867,34.81151],[-106.32878,34.81128],[-106.32927,34.811],[-106.32988,34.8109],[-106.33061,34.81149],[-106.3307,34.81189],[-106.33099,34.81224],[-106.33099,34.81253],[-106.33045,34.81311],[-106.33045,34.81328],[-106.33073,34.81339],[-106.33128,34.81324],[-106.33159,34.81292],[-106.33228,34.8128],[-106.33298,34.81294],[-106.33341,34.81362],[-106.33438,34.81593],[-106.33449,34.81641],[-106.33433,34.81707],[-106.33479,34.81773],[-106.33494,34.81861],[-106.33585,34.81895],[-106.33603,34.81929],[-106.33608,34.82003],[-106.33647,34.8204],[-106.3363,34.821],[-106.33641,34.8214],[-106.33697,34.82134],[-106.33741,34.82079],[-106.33824,34.82038],[-106.33785,34.81998],[-106.3378,34.81947],[-106.33829,34.81926],[-106.33894,34.8186],[-106.3389,34.81846],[-106.33931,34.81826],[-106.3395,34.81888],[-106.34008,34.8189],[-106.34106,34.81775],[-106.34126,34.81796],[-106.34155,34.81794],[-106.34164,34.81775],[-106.34138,34.81768],[-106.34182,34.81744],[-106.34211,34.81701],[-106.34272,34.81671],[-106.34345,34.81697],[-106.34472,34.81673],[-106.34846,34.81543],[-106.34926,34.81557],[-106.34981,34.81546],[-106.34985,34.81487],[-106.35051,34.8148],[-106.35071,34.81446],[-106.35133,34.81431],[-106.35217,34.81442],[-106.35268,34.81398],[-106.3535,34.81405],[-106.35336,34.81331],[-106.35373,34.81285],[-106.35444,34.81258],[-106.35553,34.81247],[-106.35618,34.81221],[-106.35624,34.81186],[-106.35761,34.81182],[-106.35824,34.81127],[-106.3591,34.81111],[-106.35936,34.81116],[-106.35921,34.81148],[-106.35942,34.81148],[-106.36023,34.81072],[-106.36059,34.81074],[-106.3607,34.81046],[-106.36131,34.81031],[-106.36145,34.81006],[-106.36207,34.81],[-106.36244,34.80979],[-106.36333,34.80993],[-106.36349,34.81032],[-106.36362,34.81007],[-106.36426,34.80986],[-106.36563,34.81003],[-106.36601,34.80982],[-106.36684,34.80977],[-106.36716,34.80995],[-106.36765,34.80988],[-106.36845,34.80935],[-106.3699,34.80918],[-106.37062,34.80937],[-106.37091,34.80919],[-106.37085,34.80905],[-106.36997,34.80835],[-106.36979,34.80786],[-106.36995,34.80714],[-106.37019,34.80683],[-106.37064,34.80685],[-106.37132,34.8081],[-106.3728,34.80897],[-106.37284,34.80929],[-106.37329,34.80936],[-106.37359,34.80905],[-106.374,34.80894],[-106.37511,34.80891],[-106.37735,34.80973],[-106.37736,34.81014],[-106.37774,34.81049],[-106.37755,34.81064],[-106.37761,34.81097],[-106.37741,34.81117],[-106.37785,34.81184],[-106.37753,34.81246],[-106.37727,34.81252],[-106.3773,34.81281],[-106.37702,34.81289],[-106.37764,34.81344],[-106.3777,34.8138],[-106.37575,34.81393],[-106.37534,34.81488],[-106.37501,34.81492],[-106.37432,34.81558],[-106.37431,34.81574],[-106.37359,34.81564],[-106.37298,34.81608],[-106.37052,34.81674],[-106.37069,34.8171],[-106.37035,34.81724],[-106.37047,34.81733],[-106.37023,34.81763],[-106.36929,34.81751],[-106.36883,34.81796],[-106.36824,34.8178],[-106.36791,34.81792],[-106.36791,34.81821],[-106.36763,34.81823],[-106.367,34.81871],[-106.36653,34.8193],[-106.3664,34.82029],[-106.36583,34.82024],[-106.36571,34.81963],[-106.3654,34.81962],[-106.36535,34.81919],[-106.36559,34.81882],[-106.36548,34.81851],[-106.36522,34.81838],[-106.36506,34.81882],[-106.36519,34.81982],[-106.3654,34.81996],[-106.3652,34.82025],[-106.36551,34.82054],[-106.36554,34.82077],[-106.3647,34.82174],[-106.3651,34.82213],[-106.36485,34.82209],[-106.3646,34.8224],[-106.36387,34.82261],[-106.36366,34.82289],[-106.36319,34.82301],[-106.36307,34.82284],[-106.3629,34.823],[-106.36224,34.82287],[-106.36206,34.82301],[-106.36137,34.82293],[-106.36076,34.82308],[-106.35988,34.82289],[-106.35963,34.82308],[-106.35933,34.82252],[-106.35903,34.8229],[-106.35855,34.82299],[-106.35842,34.82284],[-106.35812,34.82309],[-106.35441,34.82303],[-106.35438,34.82314],[-106.34964,34.82351],[-106.34836,34.82321],[-106.34797,34.8235],[-106.34726,34.8236],[-106.34715,34.82343],[-106.34755,34.82336],[-106.34742,34.82309],[-106.34757,34.82286],[-106.34808,34.82252],[-106.34885,34.82239],[-106.34856,34.82185],[-106.34806,34.82196],[-106.34796,34.82178],[-106.34754,34.8222],[-106.34656,34.82244],[-106.34618,34.82316],[-106.34573,34.82303],[-106.34507,34.82313],[-106.34478,34.82373],[-106.34422,34.82616],[-106.34536,34.82642],[-106.3458,34.82673],[-106.34619,34.82674],[-106.34648,34.82719],[-106.34652,34.82809],[-106.34601,34.82843],[-106.34499,34.82809],[-106.34471,34.82707],[-106.34459,34.82684],[-106.34435,34.82687],[-106.34433,34.8278],[-106.34414,34.82812],[-106.3445,34.82859],[-106.34503,34.82891],[-106.34497,34.8297],[-106.34526,34.82995],[-106.34489,34.8314],[-106.34409,34.83207],[-106.34338,34.83219],[-106.34292,34.83172],[-106.34323,34.83091],[-106.34314,34.83054],[-106.3429,34.83043],[-106.342,34.83127],[-106.34194,34.83175],[-106.34207,34.83209],[-106.34165,34.83217],[-106.34204,34.83274],[-106.34201,34.83291],[-106.34254,34.8331],[-106.34293,34.83448],[-106.34241,34.83512],[-106.34143,34.83564],[-106.34132,34.83596],[-106.34153,34.83621],[-106.34318,34.8367],[-106.34365,34.83651],[-106.3437,34.83748],[-106.34302,34.83799],[-106.34248,34.83867],[-106.34299,34.83894],[-106.34291,34.83938],[-106.34267,34.84004],[-106.34152,34.84158],[-106.34255,34.8427],[-106.34152,34.84333],[-106.34131,34.84418],[-106.34153,34.84564],[-106.34178,34.84595],[-106.34131,34.84638],[-106.34096,34.8464],[-106.34076,34.8481],[-106.3406,34.84845],[-106.33951,34.8496],[-106.33931,34.85109],[-106.33873,34.8518],[-106.33845,34.85272],[-106.33794,34.85317],[-106.33609,34.85347],[-106.33416,34.85323],[-106.33376,34.8536],[-106.33264,34.85413],[-106.33181,34.854],[-106.33073,34.85436],[-106.33124,34.8546],[-106.33132,34.85526],[-106.33081,34.85554],[-106.33074,34.85609],[-106.3301,34.85662],[-106.32835,34.85736],[-106.32792,34.85844],[-106.32746,34.85905],[-106.32715,34.85999],[-106.32578,34.86103],[-106.32579,34.86172],[-106.32458,34.86324],[-106.32275,34.86311],[-106.32229,34.86314],[-106.32211,34.86329],[-106.32087,34.86296],[-106.32009,34.86297],[-106.31954,34.86322],[-106.31945,34.86349],[-106.31957,34.86368],[-106.32103,34.86401],[-106.32228,34.8652],[-106.32219,34.86568],[-106.32159,34.86599],[-106.32099,34.86603],[-106.32107,34.86628],[-106.32165,34.86658],[-106.32161,34.86723],[-106.32111,34.8676],[-106.3211,34.86815],[-106.32068,34.86836],[-106.32057,34.8693],[-106.32019,34.86996],[-106.32029,34.87014],[-106.31935,34.87107],[-106.3188,34.87128],[-106.31843,34.87123],[-106.31815,34.87146],[-106.31805,34.87232],[-106.31826,34.87257],[-106.31832,34.8731],[-106.31758,34.87336],[-106.31738,34.8741],[-106.31715,34.8742],[-106.3165,34.87407],[-106.31553,34.87485],[-106.31523,34.87487],[-106.31523,34.87523],[-106.31579,34.87567],[-106.31563,34.87624],[-106.31534,34.87663],[-106.31541,34.87686],[-106.31507,34.87732],[-106.31408,34.87769],[-106.31329,34.87905],[-106.3131,34.88011],[-106.31267,34.88063],[-106.31238,34.88141],[-106.31132,34.88169],[-106.30971,34.88245],[-106.30823,34.88272],[-106.30735,34.88389],[-106.30672,34.88377],[-106.30547,34.88439],[-106.30529,34.88475],[-106.30564,34.88504],[-106.30565,34.88561],[-106.30501,34.88644],[-106.30471,34.88657],[-106.30475,34.88678],[-106.30355,34.88853],[-106.3021,34.88914],[-106.30165,34.88966],[-106.30118,34.89048],[-106.30112,34.89104],[-106.3008,34.89173],[-106.29978,34.89311],[-106.29902,34.89348],[-106.29615,34.89378],[-106.29581,34.89401],[-106.29558,34.89453],[-106.29603,34.89681],[-106.29559,34.89745],[-106.2949,34.89797],[-106.2948,34.89837],[-106.29349,34.89876],[-106.29235,34.8994],[-106.2883,34.9005],[-106.28831,34.90082],[-106.28734,34.90111],[-106.28724,34.90146],[-106.28627,34.90144],[-106.28627,34.90175],[-106.28428,34.90321],[-106.28404,34.90364],[-106.28391,34.90352],[-106.28084,34.90385],[-106.28019,34.90361],[-106.28016,34.90389],[-106.27942,34.90407],[-106.27902,34.90379],[-106.27883,34.90392],[-106.27863,34.90368],[-106.27787,34.90339],[-106.27684,34.90338],[-106.27679,34.90326],[-106.27729,34.90269],[-106.27718,34.90242],[-106.27575,34.90209],[-106.2754,34.90213],[-106.27615,34.90309],[-106.27556,34.90324],[-106.27552,34.90339],[-106.27517,34.90327],[-106.27491,34.90352],[-106.27417,34.90323],[-106.27372,34.90274],[-106.27382,34.90261],[-106.27352,34.90212],[-106.27332,34.90206],[-106.27308,34.90238],[-106.2734,34.90283],[-106.27334,34.90344],[-106.27269,34.90424],[-106.27207,34.90437],[-106.27098,34.90398],[-106.27108,34.90366],[-106.27087,34.90326],[-106.27086,34.90266],[-106.27043,34.90221]]],[[[-106.26791,34.80853],[-106.26788,34.80796],[-106.26822,34.80798],[-106.26837,34.80817],[-106.26869,34.80734],[-106.26811,34.80657],[-106.26723,34.80599],[-106.26706,34.80571],[-106.26732,34.8053],[-106.26799,34.80488],[-106.2682,34.80492],[-106.26819,34.80512],[-106.26797,34.80524],[-106.26788,34.80558],[-106.26853,34.80618],[-106.26901,34.80628],[-106.26901,34.8069],[-106.2697,34.80752],[-106.26951,34.80868],[-106.26911,34.80942],[-106.26915,34.80985],[-106.26879,34.81008],[-106.26841,34.81065],[-106.26824,34.81072],[-106.26809,34.81054],[-106.26821,34.80903],[-106.26791,34.80853]]],[[[-106.25195,34.82137],[-106.251,34.82121],[-106.2507,34.82086],[-106.25066,34.82],[-106.25181,34.81973],[-106.25324,34.82033],[-106.25344,34.82059],[-106.25327,34.82074],[-106.25239,34.82134],[-106.25195,34.82137]]],[[[-106.23506,34.83661],[-106.23431,34.83615],[-106.23419,34.83583],[-106.23543,34.83565],[-106.23571,34.83535],[-106.23641,34.83565],[-106.23622,34.83611],[-106.23648,34.83632],[-106.23646,34.83652],[-106.23614,34.83663],[-106.23575,34.83653],[-106.23593,34.83679],[-106.23547,34.83684],[-106.23506,34.83661]]],[[[-106.27011,34.80689],[-106.27032,34.80674],[-106.27073,34.80719],[-106.27157,34.80761],[-106.27166,34.80792],[-106.27155,34.80828],[-106.27095,34.80864],[-106.27045,34.80777],[-106.27016,34.80765],[-106.27011,34.80689]]],[[[-106.32677,34.81089],[-106.32704,34.81063],[-106.32729,34.81082],[-106.32779,34.81179],[-106.32762,34.81197],[-106.32703,34.81194],[-106.32671,34.81169],[-106.32677,34.81089]]],[[[-106.26684,34.80676],[-106.26675,34.80642],[-106.26719,34.80649],[-106.26769,34.80696],[-106.26746,34.80708],[-106.26684,34.80676]]],[[[-106.33385,34.81313],[-106.33402,34.81296],[-106.3344,34.81298],[-106.33444,34.81338],[-106.33385,34.81341],[-106.33385,34.81313]]],[[[-106.24934,34.82827],[-106.24906,34.82819],[-106.24942,34.82806],[-106.24994,34.8281],[-106.24974,34.82844],[-106.24934,34.82827]]],[[[-106.27976,34.80135],[-106.28022,34.80143],[-106.28037,34.80172],[-106.27979,34.8016],[-106.27976,34.80135]]]]},"properties":{"incidentname":"Dog Head","perimeterdatetime":1466476500000,"gisacres":17903.55,"state":"NM"}},{"type":"Feature","geometry":{"type":"MultiPolygon","coordinates":[[[[-106.27043,34.90221],[-106.26971,34.90152],[-106.26926,34.90145],[-106.26951,34.90109],[-106.26994,34.90097],[-106.26978,34.9007],[-106.2687,34.90008],[-106.26801,34.90043],[-106.26759,34.90029],[-106.26751,34.89989],[-106.26724,34.89986],[-106.26734,34.90015],[-106.26704,34.90061],[-106.26672,34.90036],[-106.26647,34.90001],[-106.26682,34.89984],[-106.2674,34.89912],[-106.26708,34.89906],[-106.26636,34.89961],[-106.26584,34.89968],[-106.26563,34.89965],[-106.26539,34.89926],[-106.26497,34.89972],[-106.2645,34.89984],[-106.26378,34.89954],[-106.26256,34.89941],[-106.26213,34.89973],[-106.26035,34.89898],[-106.2591,34.89883],[-106.25919,34.89858],[-106.2595,34.89852],[-106.25947,34.8983],[-106.26008,34.89822],[-106.25978,34.89763],[-106.25865,34.89709],[-106.25812,34.89707],[-106.256,34.8964],[-106.25547,34.89567],[-106.2557,34.89545],[-106.25468,34.89539],[-106.25187,34.89358],[-106.2518,34.8928],[-106.25218,34.89255],[-106.25365,34.89232],[-106.25547,34.89233],[-106.25601,34.89297],[-106.25629,34.89294],[-106.25614,34.89261],[-106.2564,34.89244],[-106.2584,34.89208],[-106.25923,34.89148],[-106.25901,34.89098],[-106.25849,34.89084],[-106.25868,34.89055],[-106.2579,34.89016],[-106.25744,34.89016],[-106.25646,34.89058],[-106.25562,34.89054],[-106.25582,34.89025],[-106.25718,34.88993],[-106.25757,34.88949],[-106.25865,34.89001],[-106.25944,34.89007],[-106.26108,34.8897],[-106.26102,34.88951],[-106.25945,34.88931],[-106.2593,34.889],[-106.25857,34.88864],[-106.25857,34.88818],[-106.25691,34.88776],[-106.25659,34.88752],[-106.25615,34.88753],[-106.25593,34.88789],[-106.25526,34.88778],[-106.25494,34.88744],[-106.25439,34.88759],[-106.25411,34.88816],[-106.25289,34.88876],[-106.25179,34.88969],[-106.25135,34.89044],[-106.2495,34.8922],[-106.24677,34.89299],[-106.24607,34.89283],[-106.24579,34.89307],[-106.24527,34.8932],[-106.24506,34.8927],[-106.24368,34.89154],[-106.24356,34.89131],[-106.24367,34.89116],[-106.24312,34.89076],[-106.24243,34.8911],[-106.2413,34.89121],[-106.23975,34.89037],[-106.23846,34.88933],[-106.23834,34.88905],[-106.23848,34.88883],[-106.2411,34.88935],[-106.24249,34.88941],[-106.24286,34.88917],[-106.24286,34.88886],[-106.24233,34.8885],[-106.24259,34.88841],[-106.24323,34.88857],[-106.24311,34.88823],[-106.24133,34.88756],[-106.24109,34.88723],[-106.24197,34.88607],[-106.24247,34.8864],[-106.24397,34.8857],[-106.24455,34.88576],[-106.24472,34.88595],[-106.24521,34.88556],[-106.24553,34.88559],[-106.24588,34.88599],[-106.24605,34.88577],[-106.24596,34.88537],[-106.24688,34.88476],[-106.24783,34.88454],[-106.2494,34.88476],[-106.24982,34.88406],[-106.25031,34.88399],[-106.2506,34.88377],[-106.25076,34.88319],[-106.25148,34.88273],[-106.25217,34.88268],[-106.25248,34.88282],[-106.25358,34.88249],[-106.25494,34.88244],[-106.25501,34.88265],[-106.25547,34.88283],[-106.25725,34.8831],[-106.25826,34.88302],[-106.25834,34.88281],[-106.25788,34.88267],[-106.25766,34.88191],[-106.25768,34.88152],[-106.25811,34.88066],[-106.25804,34.88045],[-106.25676,34.87984],[-106.25658,34.87913],[-106.25613,34.87863],[-106.25642,34.87832],[-106.2574,34.87788],[-106.25896,34.8781],[-106.25959,34.87754],[-106.26003,34.87759],[-106.25952,34.87852],[-106.26004,34.87873],[-106.26051,34.87877],[-106.26169,34.87848],[-106.26361,34.87872],[-106.26486,34.87911],[-106.2653,34.87956],[-106.26567,34.8796],[-106.2659,34.87943],[-106.26601,34.87893],[-106.26574,34.87822],[-106.26658,34.87821],[-106.26678,34.87792],[-106.26671,34.87749],[-106.26566,34.87674],[-106.26479,34.87658],[-106.26418,34.87673],[-106.26348,34.87626],[-106.26227,34.87628],[-106.26168,34.87609],[-106.26079,34.87626],[-106.2596,34.87591],[-106.25921,34.8753],[-106.25846,34.87497],[-106.25822,34.87464],[-106.25859,34.87452],[-106.25876,34.87392],[-106.25903,34.87393],[-106.25939,34.8736],[-106.26004,34.87378],[-106.26011,34.87353],[-106.26046,34.87357],[-106.26058,34.87386],[-106.26128,34.8741],[-106.26168,34.87479],[-106.26262,34.8748],[-106.26329,34.87517],[-106.26355,34.87488],[-106.26389,34.87488],[-106.26456,34.87525],[-106.26484,34.875],[-106.26526,34.87501],[-106.26547,34.87508],[-106.26563,34.87541],[-106.26633,34.87547],[-106.26738,34.87584],[-106.2677,34.87584],[-106.26801,34.87507],[-106.2676,34.87336],[-106.26815,34.8733],[-106.26898,34.87418],[-106.26941,34.87403],[-106.26941,34.87385],[-106.2699,34.87395],[-106.27014,34.87428],[-106.27077,34.87385],[-106.27181,34.87417],[-106.27214,34.87453],[-106.27246,34.87459],[-106.27329,34.87418],[-106.27367,34.87437],[-106.27376,34.87458],[-106.27407,34.87412],[-106.27571,34.87356],[-106.27836,34.87413],[-106.27937,34.87412],[-106.28087,34.8737],[-106.28139,34.87393],[-106.28192,34.87457],[-106.2823,34.87466],[-106.28328,34.87427],[-106.28336,34.87405],[-106.28397,34.87397],[-106.28399,34.87366],[-106.28324,34.87331],[-106.28332,34.87286],[-106.28236,34.8728],[-106.28239,34.87258],[-106.28218,34.87239],[-106.28146,34.87242],[-106.28096,34.87221],[-106.2809,34.87174],[-106.28057,34.87138],[-106.27994,34.87141],[-106.27969,34.87082],[-106.27777,34.87163],[-106.27699,34.8718],[-106.27589,34.87177],[-106.27483,34.87099],[-106.27403,34.87114],[-106.27402,34.87093],[-106.27376,34.87076],[-106.27387,34.87017],[-106.27352,34.87005],[-106.27345,34.86976],[-106.27299,34.8696],[-106.27273,34.86987],[-106.27247,34.86966],[-106.27252,34.86932],[-106.272,34.8694],[-106.27119,34.86905],[-106.27035,34.8693],[-106.27017,34.86911],[-106.2696,34.86957],[-106.26922,34.8695],[-106.26864,34.86908],[-106.26818,34.86953],[-106.26674,34.86974],[-106.26666,34.86998],[-106.26605,34.87025],[-106.26594,34.87068],[-106.26618,34.87084],[-106.26643,34.8707],[-106.26678,34.87074],[-106.26676,34.87088],[-106.26627,34.87124],[-106.26572,34.87127],[-106.26458,34.87217],[-106.2634,34.87259],[-106.26312,34.87357],[-106.26187,34.87313],[-106.26163,34.87289],[-106.26259,34.87279],[-106.26243,34.87269],[-106.2629,34.87224],[-106.26262,34.87131],[-106.26165,34.8717],[-106.26103,34.87152],[-106.2597,34.87151],[-106.25859,34.87214],[-106.25856,34.87225],[-106.25926,34.87246],[-106.25935,34.87267],[-106.25854,34.87309],[-106.25646,34.87316],[-106.2564,34.87304],[-106.25697,34.87258],[-106.25795,34.87242],[-106.25799,34.87212],[-106.25754,34.8721],[-106.25751,34.8717],[-106.25828,34.87124],[-106.259,34.87108],[-106.25894,34.87066],[-106.25862,34.87047],[-106.25645,34.87056],[-106.25598,34.87038],[-106.25635,34.87013],[-106.256,34.86987],[-106.25469,34.86936],[-106.25492,34.86912],[-106.25584,34.86907],[-106.25584,34.86878],[-106.25549,34.86866],[-106.25531,34.86828],[-106.25601,34.86821],[-106.256,34.86801],[-106.2551,34.86786],[-106.25504,34.86757],[-106.25623,34.86751],[-106.25512,34.86716],[-106.2547,34.86617],[-106.25522,34.86638],[-106.2554,34.86671],[-106.25595,34.86677],[-106.25602,34.86657],[-106.25577,34.86633],[-106.25618,34.86623],[-106.25629,34.86601],[-106.25757,34.86638],[-106.25884,34.86593],[-106.25892,34.86565],[-106.26042,34.86565],[-106.2608,34.86551],[-106.26082,34.86486],[-106.26001,34.8648],[-106.26,34.86458],[-106.26133,34.86452],[-106.26297,34.86343],[-106.2635,34.86245],[-106.26318,34.86207],[-106.26251,34.86208],[-106.26122,34.8625],[-106.26041,34.86258],[-106.25968,34.86239],[-106.25987,34.86216],[-106.25965,34.86175],[-106.25938,34.8617],[-106.25935,34.86148],[-106.25961,34.86117],[-106.26006,34.8611],[-106.26048,34.86143],[-106.26045,34.862],[-106.2606,34.86224],[-106.26098,34.86209],[-106.26141,34.86138],[-106.26137,34.86104],[-106.26122,34.86085],[-106.25931,34.8607],[-106.25858,34.86042],[-106.25791,34.86062],[-106.25722,34.86046],[-106.25739,34.86019],[-106.25841,34.8597],[-106.25802,34.8594],[-106.25826,34.85873],[-106.25762,34.8581],[-106.25623,34.85804],[-106.25588,34.85825],[-106.25553,34.85821],[-106.25542,34.85804],[-106.25555,34.85759],[-106.25514,34.85724],[-106.25462,34.85696],[-106.25418,34.85687],[-106.25384,34.85699],[-106.25349,34.85685],[-106.2534,34.85657],[-106.25411,34.8562],[-106.25378,34.856],[-106.25305,34.85633],[-106.25066,34.856],[-106.25029,34.85616],[-106.24924,34.8561],[-106.24908,34.85619],[-106.24896,34.85743],[-106.24866,34.85776],[-106.2482,34.85786],[-106.24773,34.85759],[-106.24714,34.85801],[-106.24635,34.85778],[-106.24577,34.85738],[-106.24566,34.85696],[-106.24494,34.85643],[-106.24507,34.85629],[-106.24499,34.8561],[-106.24386,34.8559],[-106.24289,34.85595],[-106.24268,34.85625],[-106.24164,34.85616],[-106.24122,34.85702],[-106.24149,34.85754],[-106.24135,34.85819],[-106.24019,34.85798],[-106.24005,34.85818],[-106.2402,34.85846],[-106.24045,34.8586],[-106.24119,34.85854],[-106.24226,34.85892],[-106.2433,34.85955],[-106.2439,34.85964],[-106.244,34.86009],[-106.24383,34.86114],[-106.24513,34.86191],[-106.24688,34.8621],[-106.24732,34.86239],[-106.24731,34.86277],[-106.24665,34.86307],[-106.24622,34.86307],[-106.2459,34.86384],[-106.24521,34.86288],[-106.24463,34.86269],[-106.24418,34.8622],[-106.24333,34.86243],[-106.24178,34.86162],[-106.2414,34.86155],[-106.24079,34.86169],[-106.23833,34.86084],[-106.23701,34.85983],[-106.23639,34.85965],[-106.23571,34.85975],[-106.23512,34.86005],[-106.23326,34.85922],[-106.23227,34.85903],[-106.23305,34.8575],[-106.23245,34.85747],[-106.23218,34.8572],[-106.2312,34.85708],[-106.23,34.85656],[-106.2301,34.85547],[-106.23082,34.85517],[-106.23131,34.85524],[-106.23126,34.85455],[-106.23215,34.85473],[-106.23346,34.85366],[-106.23387,34.85379],[-106.23408,34.85406],[-106.2332,34.85433],[-106.23293,34.85468],[-106.233,34.85484],[-106.23362,34.85475],[-106.2345,34.85421],[-106.23465,34.85389],[-106.23629,34.85405],[-106.23678,34.85389],[-106.23746,34.85422],[-106.23761,34.8545],[-106.23717,34.85486],[-106.23746,34.855],[-106.23804,34.85495],[-106.23858,34.85469],[-106.23853,34.8543],[-106.23792,34.8539],[-106.23802,34.85368],[-106.23879,34.85398],[-106.23898,34.85428],[-106.23882,34.85501],[-106.23898,34.85522],[-106.23926,34.85472],[-106.24011,34.8545],[-106.23843,34.85338],[-106.23853,34.85292],[-106.24147,34.85189],[-106.24172,34.85128],[-106.24219,34.85089],[-106.2442,34.85115],[-106.24501,34.8517],[-106.24527,34.85162],[-106.24557,34.85089],[-106.24589,34.85097],[-106.24614,34.85128],[-106.24644,34.85137],[-106.24659,34.85181],[-106.24698,34.8521],[-106.24834,34.85254],[-106.24831,34.85306],[-106.24871,34.85344],[-106.24862,34.85375],[-106.24932,34.85478],[-106.24951,34.85478],[-106.24897,34.85341],[-106.24909,34.85263],[-106.25019,34.85219],[-106.25051,34.85226],[-106.25088,34.85264],[-106.25106,34.85226],[-106.25217,34.85225],[-106.25217,34.85183],[-106.25045,34.85118],[-106.25039,34.85075],[-106.25009,34.85056],[-106.24935,34.85058],[-106.24882,34.85039],[-106.24872,34.8505],[-106.2487,34.85003],[-106.24806,34.84994],[-106.2475,34.84966],[-106.24667,34.848],[-106.24689,34.8473],[-106.24737,34.84713],[-106.24754,34.84689],[-106.24723,34.84636],[-106.24667,34.84629],[-106.24681,34.84593],[-106.24731,34.84576],[-106.24795,34.84578],[-106.2483,34.84609],[-106.25035,34.8467],[-106.25087,34.84714],[-106.2559,34.84819],[-106.25877,34.8483],[-106.26088,34.84971],[-106.26087,34.85117],[-106.26254,34.85258],[-106.2637,34.85267],[-106.2643,34.85235],[-106.26433,34.85204],[-106.26336,34.85152],[-106.26296,34.84967],[-106.26219,34.84858],[-106.26093,34.84757],[-106.25884,34.84549],[-106.25921,34.84493],[-106.2614,34.84448],[-106.26208,34.84491],[-106.26399,34.8451],[-106.26443,34.84533],[-106.26466,34.84578],[-106.26516,34.84611],[-106.26583,34.84604],[-106.26586,34.84463],[-106.26469,34.84385],[-106.26437,34.84328],[-106.26323,34.84282],[-106.26181,34.8429],[-106.25853,34.84237],[-106.25864,34.84196],[-106.25733,34.84123],[-106.2568,34.84076],[-106.25683,34.84057],[-106.25793,34.84053],[-106.25846,34.84096],[-106.25904,34.84107],[-106.25934,34.84026],[-106.25878,34.83926],[-106.25852,34.83929],[-106.25829,34.83981],[-106.25807,34.83988],[-106.25793,34.84015],[-106.25712,34.84005],[-106.25663,34.83974],[-106.25632,34.8398],[-106.25557,34.83955],[-106.2544,34.84048],[-106.25281,34.84052],[-106.25217,34.84026],[-106.25128,34.83922],[-106.25189,34.83919],[-106.25185,34.83883],[-106.25208,34.83859],[-106.25332,34.83789],[-106.25351,34.83748],[-106.25403,34.83704],[-106.25333,34.83691],[-106.25238,34.8372],[-106.25139,34.83652],[-106.25032,34.83658],[-106.25014,34.83622],[-106.24973,34.83613],[-106.2491,34.83628],[-106.24666,34.83612],[-106.24611,34.83549],[-106.2459,34.83568],[-106.24505,34.83569],[-106.24432,34.83516],[-106.24098,34.83448],[-106.24025,34.83417],[-106.24008,34.83398],[-106.24008,34.83363],[-106.23986,34.8337],[-106.23908,34.83484],[-106.23883,34.8349],[-106.23912,34.83501],[-106.23959,34.8349],[-106.23968,34.83519],[-106.23941,34.83564],[-106.23836,34.83566],[-106.23836,34.83592],[-106.23855,34.83607],[-106.2385,34.8365],[-106.23824,34.83653],[-106.23753,34.83607],[-106.23756,34.83588],[-106.23698,34.83546],[-106.23713,34.8352],[-106.23749,34.83506],[-106.23632,34.83486],[-106.23635,34.83466],[-106.23838,34.83431],[-106.23615,34.83419],[-106.23567,34.83409],[-106.23468,34.83353],[-106.23493,34.83327],[-106.23525,34.83322],[-106.23647,34.83341],[-106.23714,34.83375],[-106.2379,34.8339],[-106.23878,34.83386],[-106.23848,34.83334],[-106.23768,34.83302],[-106.23816,34.83208],[-106.23805,34.83182],[-106.23781,34.83173],[-106.237,34.83192],[-106.23638,34.83161],[-106.2362,34.83202],[-106.23637,34.83255],[-106.23595,34.83273],[-106.23538,34.83255],[-106.23541,34.83216],[-106.23568,34.83203],[-106.2351,34.83165],[-106.23561,34.83122],[-106.23786,34.83124],[-106.23843,34.83142],[-106.23878,34.83123],[-106.24026,34.83102],[-106.24278,34.83119],[-106.24296,34.83106],[-106.24277,34.83052],[-106.24327,34.83033],[-106.24447,34.83039],[-106.24445,34.83003],[-106.24526,34.82977],[-106.2454,34.82955],[-106.24444,34.82944],[-106.24436,34.82927],[-106.24535,34.8287],[-106.24532,34.82843],[-106.24494,34.82839],[-106.2444,34.82871],[-106.2436,34.82883],[-106.24385,34.82918],[-106.24361,34.82972],[-106.24242,34.82959],[-106.24234,34.8299],[-106.24192,34.82998],[-106.24101,34.8293],[-106.24075,34.82931],[-106.24,34.82987],[-106.23963,34.82991],[-106.23809,34.82949],[-106.23604,34.82951],[-106.23617,34.82935],[-106.23346,34.82907],[-106.23211,34.82852],[-106.23088,34.82723],[-106.22912,34.82685],[-106.2282,34.82554],[-106.22752,34.82592],[-106.22683,34.82569],[-106.2264,34.82526],[-106.22493,34.82469],[-106.22494,34.82426],[-106.22695,34.82357],[-106.22857,34.8234],[-106.22906,34.82349],[-106.23156,34.82304],[-106.23645,34.82471],[-106.23659,34.82529],[-106.23743,34.82586],[-106.23906,34.82614],[-106.23971,34.82642],[-106.24004,34.82683],[-106.24069,34.82681],[-106.24093,34.82521],[-106.24305,34.82496],[-106.2431,34.8258],[-106.24361,34.82566],[-106.24399,34.82595],[-106.2443,34.82653],[-106.24472,34.82682],[-106.24563,34.82692],[-106.24624,34.82667],[-106.24645,34.82699],[-106.24692,34.82701],[-106.24717,34.82746],[-106.24825,34.82806],[-106.24842,34.82827],[-106.24788,34.82926],[-106.24839,34.83006],[-106.24893,34.83029],[-106.24978,34.82993],[-106.24954,34.82899],[-106.25025,34.82864],[-106.254,34.82979],[-106.25586,34.82994],[-106.25594,34.8298],[-106.25536,34.82937],[-106.25426,34.82945],[-106.25367,34.8287],[-106.25351,34.82794],[-106.25308,34.8278],[-106.25227,34.82776],[-106.25178,34.82798],[-106.25022,34.82812],[-106.25027,34.82778],[-106.24972,34.82767],[-106.24992,34.8274],[-106.25051,34.82747],[-106.25075,34.82715],[-106.25055,34.82636],[-106.25188,34.82629],[-106.25207,34.82602],[-106.25262,34.82625],[-106.25418,34.82623],[-106.25555,34.8257],[-106.25556,34.82554],[-106.25602,34.82555],[-106.25667,34.82614],[-106.25684,34.82609],[-106.25684,34.82575],[-106.25804,34.82507],[-106.25866,34.82554],[-106.25932,34.82547],[-106.26068,34.82509],[-106.26103,34.82471],[-106.26145,34.82487],[-106.26206,34.82479],[-106.26272,34.82457],[-106.26292,34.82436],[-106.26291,34.82395],[-106.26248,34.82391],[-106.26179,34.8242],[-106.2595,34.82413],[-106.25565,34.82433],[-106.25547,34.82422],[-106.25556,34.82404],[-106.25542,34.82391],[-106.25564,34.82352],[-106.25558,34.82321],[-106.2552,34.82312],[-106.25492,34.82348],[-106.25446,34.82356],[-106.25416,34.82323],[-106.25433,34.82261],[-106.25386,34.82216],[-106.25423,34.82204],[-106.25432,34.82172],[-106.2547,34.8214],[-106.2557,34.82132],[-106.25575,34.82116],[-106.25639,34.82127],[-106.25649,34.82159],[-106.25675,34.8217],[-106.25708,34.8217],[-106.25727,34.8214],[-106.25768,34.82131],[-106.25836,34.82152],[-106.25888,34.82054],[-106.25975,34.82067],[-106.25987,34.82089],[-106.25979,34.8211],[-106.25943,34.82127],[-106.25989,34.82124],[-106.25974,34.8216],[-106.25998,34.82174],[-106.26071,34.82166],[-106.26433,34.82212],[-106.26499,34.82161],[-106.26461,34.82131],[-106.26489,34.82097],[-106.26556,34.82074],[-106.26618,34.82015],[-106.26595,34.81989],[-106.26444,34.81975],[-106.26458,34.81957],[-106.26457,34.81907],[-106.26509,34.8188],[-106.265,34.81842],[-106.26435,34.81785],[-106.26361,34.81815],[-106.26302,34.81796],[-106.26429,34.81726],[-106.26501,34.81746],[-106.26521,34.81736],[-106.26538,34.81701],[-106.26514,34.81644],[-106.26482,34.8163],[-106.2641,34.81633],[-106.26397,34.81566],[-106.26286,34.81503],[-106.26106,34.81464],[-106.25974,34.8148],[-106.25958,34.81406],[-106.25859,34.81393],[-106.25824,34.81372],[-106.25791,34.81296],[-106.25716,34.81265],[-106.25593,34.81171],[-106.25508,34.81131],[-106.25496,34.81101],[-106.25447,34.81068],[-106.25302,34.80885],[-106.25235,34.80836],[-106.25171,34.8082],[-106.25029,34.80744],[-106.24977,34.80764],[-106.24814,34.80717],[-106.24626,34.80726],[-106.24542,34.80666],[-106.24538,34.80642],[-106.24587,34.80625],[-106.24596,34.80607],[-106.24573,34.80563],[-106.24333,34.80497],[-106.24302,34.80462],[-106.24313,34.80449],[-106.24409,34.80464],[-106.24475,34.80505],[-106.246,34.80462],[-106.2463,34.80477],[-106.24657,34.80519],[-106.24691,34.80511],[-106.24724,34.80465],[-106.2488,34.80573],[-106.24952,34.80573],[-106.24973,34.80558],[-106.24909,34.80513],[-106.24891,34.80489],[-106.24905,34.80474],[-106.24949,34.80479],[-106.24979,34.80516],[-106.25132,34.80544],[-106.25205,34.80583],[-106.25303,34.80559],[-106.25374,34.80579],[-106.25346,34.80545],[-106.25268,34.80535],[-106.25259,34.80462],[-106.25193,34.8046],[-106.25146,34.80434],[-106.25173,34.80376],[-106.25226,34.8036],[-106.25223,34.80332],[-106.25245,34.80316],[-106.25313,34.80316],[-106.25337,34.80345],[-106.25382,34.80336],[-106.25404,34.80376],[-106.25434,34.80391],[-106.25527,34.80385],[-106.25579,34.80417],[-106.2561,34.80505],[-106.25595,34.8052],[-106.25443,34.80532],[-106.25414,34.80579],[-106.255,34.80554],[-106.25676,34.80583],[-106.25761,34.80659],[-106.2576,34.80745],[-106.25818,34.80787],[-106.25859,34.80765],[-106.25908,34.80767],[-106.25964,34.80824],[-106.25965,34.80846],[-106.26046,34.80914],[-106.26167,34.80908],[-106.26171,34.80931],[-106.26131,34.80951],[-106.26145,34.80972],[-106.2625,34.81028],[-106.26484,34.81207],[-106.26563,34.81215],[-106.26673,34.8129],[-106.26738,34.81299],[-106.26842,34.81269],[-106.26879,34.81234],[-106.26919,34.81121],[-106.26914,34.81074],[-106.27024,34.80954],[-106.27082,34.8092],[-106.27137,34.80911],[-106.27264,34.80937],[-106.27483,34.81037],[-106.27492,34.81082],[-106.27544,34.81108],[-106.2766,34.81126],[-106.27724,34.81151],[-106.27836,34.81234],[-106.27879,34.81231],[-106.27923,34.81118],[-106.27913,34.81004],[-106.27823,34.80955],[-106.27778,34.80888],[-106.27757,34.80831],[-106.2768,34.80739],[-106.27674,34.80701],[-106.27706,34.80693],[-106.27779,34.80743],[-106.27935,34.8077],[-106.28,34.80819],[-106.28038,34.80878],[-106.2802,34.81031],[-106.28031,34.81122],[-106.28068,34.81124],[-106.28088,34.81078],[-106.28067,34.81021],[-106.28069,34.80974],[-106.28094,34.8093],[-106.28251,34.80943],[-106.28243,34.80932],[-106.28276,34.80924],[-106.2832,34.80949],[-106.28398,34.80949],[-106.28502,34.80905],[-106.28556,34.80899],[-106.28624,34.80972],[-106.28659,34.80989],[-106.2885,34.80987],[-106.28998,34.80931],[-106.29015,34.80905],[-106.28977,34.80871],[-106.28849,34.80895],[-106.28677,34.80872],[-106.28654,34.80848],[-106.28668,34.80831],[-106.28596,34.80808],[-106.28595,34.80772],[-106.28654,34.80672],[-106.28628,34.80646],[-106.2852,34.80597],[-106.28448,34.806],[-106.2843,34.80569],[-106.28432,34.80533],[-106.28333,34.80467],[-106.28303,34.80425],[-106.2816,34.80324],[-106.2807,34.80308],[-106.28139,34.8018],[-106.28121,34.80121],[-106.28133,34.801],[-106.27975,34.80015],[-106.27909,34.79951],[-106.27916,34.79871],[-106.27997,34.79886],[-106.28111,34.79953],[-106.2818,34.79925],[-106.28227,34.7996],[-106.28227,34.79994],[-106.28274,34.80051],[-106.28341,34.80093],[-106.28387,34.80042],[-106.28416,34.80037],[-106.28512,34.80103],[-106.28525,34.80184],[-106.28577,34.80167],[-106.28668,34.80235],[-106.28784,34.80245],[-106.28864,34.80194],[-106.29004,34.80141],[-106.2902,34.80101],[-106.29055,34.80106],[-106.29058,34.80175],[-106.2913,34.80192],[-106.29133,34.8024],[-106.29158,34.80243],[-106.29183,34.80216],[-106.2922,34.80206],[-106.29285,34.80215],[-106.29332,34.80253],[-106.29413,34.80269],[-106.29417,34.80231],[-106.29271,34.80168],[-106.29298,34.8014],[-106.29337,34.80142],[-106.29468,34.80204],[-106.29582,34.80225],[-106.29647,34.80295],[-106.299,34.80443],[-106.29925,34.80486],[-106.2999,34.80457],[-106.3003,34.80459],[-106.30072,34.80492],[-106.29994,34.80347],[-106.29993,34.80311],[-106.29912,34.80276],[-106.29897,34.80246],[-106.29839,34.80208],[-106.29691,34.80186],[-106.29696,34.80159],[-106.29756,34.80133],[-106.29872,34.80122],[-106.30046,34.80149],[-106.30163,34.80217],[-106.3024,34.80224],[-106.3031,34.80205],[-106.3038,34.80318],[-106.30463,34.80359],[-106.30535,34.80368],[-106.30591,34.80417],[-106.30678,34.80438],[-106.30783,34.80513],[-106.30868,34.80543],[-106.30971,34.80643],[-106.31039,34.80635],[-106.31074,34.80651],[-106.31078,34.80685],[-106.31041,34.80717],[-106.31088,34.80748],[-106.31144,34.8075],[-106.31211,34.80793],[-106.31374,34.80822],[-106.31366,34.80841],[-106.31398,34.8085],[-106.31408,34.80885],[-106.31449,34.80915],[-106.31606,34.80921],[-106.31655,34.80951],[-106.31728,34.81033],[-106.3167,34.81103],[-106.31647,34.81189],[-106.31662,34.81243],[-106.31693,34.81248],[-106.31721,34.81219],[-106.31794,34.8123],[-106.31891,34.81209],[-106.31862,34.81149],[-106.31876,34.81132],[-106.32001,34.81139],[-106.32063,34.8115],[-106.32099,34.81184],[-106.322,34.81214],[-106.32235,34.81251],[-106.32343,34.81276],[-106.32368,34.81295],[-106.32375,34.81338],[-106.32417,34.81369],[-106.32487,34.81366],[-106.32569,34.81328],[-106.32611,34.81327],[-106.32652,34.81292],[-106.32607,34.81261],[-106.32547,34.81248],[-106.32537,34.81233],[-106.32547,34.81205],[-106.32693,34.81226],[-106.32767,34.813],[-106.32812,34.81316],[-106.32833,34.81305],[-106.32814,34.81228],[-106.32845,34.81207],[-106.32882,34.81207],[-106.32867,34.81151],[-106.32878,34.81128],[-106.32927,34.811],[-106.32988,34.8109],[-106.33061,34.81149],[-106.3307,34.81189],[-106.33099,34.81224],[-106.33099,34.81253],[-106.33045,34.81311],[-106.33045,34.81328],[-106.33073,34.81339],[-106.33128,34.81324],[-106.33159,34.81292],[-106.33228,34.8128],[-106.33298,34.81294],[-106.33341,34.81362],[-106.33438,34.81593],[-106.33449,34.81641],[-106.33433,34.81707],[-106.33479,34.81773],[-106.33494,34.81861],[-106.33585,34.81895],[-106.33603,34.81929],[-106.33608,34.82003],[-106.33647,34.8204],[-106.3363,34.821],[-106.33641,34.8214],[-106.33697,34.82134],[-106.33741,34.82079],[-106.33824,34.82038],[-106.33785,34.81998],[-106.3378,34.81947],[-106.33829,34.81926],[-106.33894,34.8186],[-106.3389,34.81846],[-106.33931,34.81826],[-106.3395,34.81888],[-106.34008,34.8189],[-106.34106,34.81775],[-106.34126,34.81796],[-106.34155,34.81794],[-106.34164,34.81775],[-106.34138,34.81768],[-106.34182,34.81744],[-106.34211,34.81701],[-106.34272,34.81671],[-106.34345,34.81697],[-106.34472,34.81673],[-106.34846,34.81543],[-106.34926,34.81557],[-106.34981,34.81546],[-106.34985,34.81487],[-106.35051,34.8148],[-106.35071,34.81446],[-106.35133,34.81431],[-106.35217,34.81442],[-106.35268,34.81398],[-106.3535,34.81405],[-106.35336,34.81331],[-106.35373,34.81285],[-106.35444,34.81258],[-106.35553,34.81247],[-106.35618,34.81221],[-106.35624,34.81186],[-106.35761,34.81182],[-106.35824,34.81127],[-106.3591,34.81111],[-106.35936,34.81116],[-106.35921,34.81148],[-106.35942,34.81148],[-106.36023,34.81072],[-106.36059,34.81074],[-106.3607,34.81046],[-106.36131,34.81031],[-106.36145,34.81006],[-106.36207,34.81],[-106.36244,34.80979],[-106.36333,34.80993],[-106.36349,34.81032],[-106.36362,34.81007],[-106.36426,34.80986],[-106.36563,34.81003],[-106.36601,34.80982],[-106.36684,34.80977],[-106.36716,34.80995],[-106.36765,34.80988],[-106.36845,34.80935],[-106.3699,34.80918],[-106.37062,34.80937],[-106.37091,34.80919],[-106.37085,34.80905],[-106.36997,34.80835],[-106.36979,34.80786],[-106.36995,34.80714],[-106.37019,34.80683],[-106.37064,34.80685],[-106.37132,34.8081],[-106.3728,34.80897],[-106.37284,34.80929],[-106.37329,34.80936],[-106.37359,34.80905],[-106.374,34.80894],[-106.37511,34.80891],[-106.37735,34.80973],[-106.37736,34.81014],[-106.37774,34.81049],[-106.37755,34.81064],[-106.37761,34.81097],[-106.37741,34.81117],[-106.37785,34.81184],[-106.37753,34.81246],[-106.37727,34.81252],[-106.3773,34.81281],[-106.37702,34.81289],[-106.37764,34.81344],[-106.3777,34.8138],[-106.37575,34.81393],[-106.37534,34.81488],[-106.37501,34.81492],[-106.37432,34.81558],[-106.37431,34.81574],[-106.37359,34.81564],[-106.37298,34.81608],[-106.37052,34.81674],[-106.37069,34.8171],[-106.37035,34.81724],[-106.37047,34.81733],[-106.37023,34.81763],[-106.36929,34.81751],[-106.36883,34.81796],[-106.36824,34.8178],[-106.36791,34.81792],[-106.36791,34.81821],[-106.36763,34.81823],[-106.367,34.81871],[-106.36653,34.8193],[-106.3664,34.82029],[-106.36583,34.82024],[-106.36571,34.81963],[-106.3654,34.81962],[-106.36535,34.81919],[-106.36559,34.81882],[-106.36548,34.81851],[-106.36522,34.81838],[-106.36506,34.81882],[-106.36519,34.81982],[-106.3654,34.81996],[-106.3652,34.82025],[-106.36551,34.82054],[-106.36554,34.82077],[-106.3647,34.82174],[-106.3651,34.82213],[-106.36485,34.82209],[-106.3646,34.8224],[-106.36387,34.82261],[-106.36366,34.82289],[-106.36319,34.82301],[-106.36307,34.82284],[-106.3629,34.823],[-106.36224,34.82287],[-106.36206,34.82301],[-106.36137,34.82293],[-106.36076,34.82308],[-106.35988,34.82289],[-106.35963,34.82308],[-106.35933,34.82252],[-106.35903,34.8229],[-106.35855,34.82299],[-106.35842,34.82284],[-106.35812,34.82309],[-106.35441,34.82303],[-106.35438,34.82314],[-106.34964,34.82351],[-106.34836,34.82321],[-106.34797,34.8235],[-106.34726,34.8236],[-106.34715,34.82343],[-106.34755,34.82336],[-106.34742,34.82309],[-106.34757,34.82286],[-106.34808,34.82252],[-106.34885,34.82239],[-106.34856,34.82185],[-106.34806,34.82196],[-106.34796,34.82178],[-106.34754,34.8222],[-106.34656,34.82244],[-106.34618,34.82316],[-106.34573,34.82303],[-106.34507,34.82313],[-106.34478,34.82373],[-106.34422,34.82616],[-106.34536,34.82642],[-106.3458,34.82673],[-106.34619,34.82674],[-106.34648,34.82719],[-106.34652,34.82809],[-106.34601,34.82843],[-106.34499,34.82809],[-106.34471,34.82707],[-106.34459,34.82684],[-106.34435,34.82687],[-106.34433,34.8278],[-106.34414,34.82812],[-106.3445,34.82859],[-106.34503,34.82891],[-106.34497,34.8297],[-106.34526,34.82995],[-106.34489,34.8314],[-106.34409,34.83207],[-106.34338,34.83219],[-106.34292,34.83172],[-106.34323,34.83091],[-106.34314,34.83054],[-106.3429,34.83043],[-106.342,34.83127],[-106.34194,34.83175],[-106.34207,34.83209],[-106.34165,34.83217],[-106.34204,34.83274],[-106.34201,34.83291],[-106.34254,34.8331],[-106.34293,34.83448],[-106.34241,34.83512],[-106.34143,34.83564],[-106.34132,34.83596],[-106.34153,34.83621],[-106.34318,34.8367],[-106.34365,34.83651],[-106.3437,34.83748],[-106.34302,34.83799],[-106.34248,34.83867],[-106.34299,34.83894],[-106.34291,34.83938],[-106.34267,34.84004],[-106.34152,34.84158],[-106.34255,34.8427],[-106.34152,34.84333],[-106.34131,34.84418],[-106.34153,34.84564],[-106.34178,34.84595],[-106.34131,34.84638],[-106.34096,34.8464],[-106.34076,34.8481],[-106.3406,34.84845],[-106.33951,34.8496],[-106.33931,34.85109],[-106.33873,34.8518],[-106.33845,34.85272],[-106.33794,34.85317],[-106.33609,34.85347],[-106.33416,34.85323],[-106.33376,34.8536],[-106.33264,34.85413],[-106.33181,34.854],[-106.33073,34.85436],[-106.33124,34.8546],[-106.33132,34.85526],[-106.33081,34.85554],[-106.33074,34.85609],[-106.3301,34.85662],[-106.32835,34.85736],[-106.32792,34.85844],[-106.32746,34.85905],[-106.32715,34.85999],[-106.32578,34.86103],[-106.32579,34.86172],[-106.32458,34.86324],[-106.32275,34.86311],[-106.32229,34.86314],[-106.32211,34.86329],[-106.32087,34.86296],[-106.32009,34.86297],[-106.31954,34.86322],[-106.31945,34.86349],[-106.31957,34.86368],[-106.32103,34.86401],[-106.32185,34.86482],[-106.32251,34.86506],[-106.32267,34.86553],[-106.32246,34.86556],[-106.3225,34.86587],[-106.32195,34.86634],[-106.3219,34.8667],[-106.32223,34.86684],[-106.32225,34.86699],[-106.32204,34.86693],[-106.32206,34.86724],[-106.32179,34.86738],[-106.32157,34.86731],[-106.3212,34.86771],[-106.32159,34.86782],[-106.32143,34.8682],[-106.32111,34.86831],[-106.32112,34.86905],[-106.32069,34.86962],[-106.32074,34.86998],[-106.32013,34.87005],[-106.32031,34.87045],[-106.31999,34.87064],[-106.31995,34.871],[-106.31946,34.87107],[-106.31927,34.87134],[-106.31873,34.87128],[-106.31855,34.87145],[-106.31848,34.87211],[-106.31862,34.87219],[-106.31872,34.87285],[-106.31801,34.87332],[-106.31803,34.87366],[-106.31781,34.87403],[-106.31746,34.87407],[-106.31716,34.87391],[-106.31682,34.8741],[-106.3165,34.87407],[-106.31544,34.87486],[-106.31561,34.87539],[-106.31615,34.87573],[-106.31599,34.87623],[-106.31561,34.87636],[-106.3158,34.87691],[-106.31519,34.87748],[-106.31408,34.87769],[-106.31329,34.87905],[-106.3131,34.88011],[-106.31267,34.88063],[-106.31238,34.88141],[-106.31132,34.88169],[-106.30971,34.88245],[-106.30823,34.88272],[-106.30735,34.88389],[-106.30672,34.88377],[-106.30547,34.88439],[-106.30529,34.88475],[-106.30564,34.88504],[-106.30565,34.88561],[-106.30501,34.88644],[-106.30471,34.88657],[-106.30475,34.88678],[-106.30355,34.88853],[-106.3021,34.88914],[-106.30165,34.88966],[-106.30118,34.89048],[-106.30112,34.89104],[-106.3008,34.89173],[-106.29978,34.89311],[-106.29902,34.89348],[-106.29615,34.89378],[-106.29581,34.89401],[-106.29558,34.89453],[-106.29603,34.89681],[-106.29559,34.89745],[-106.2949,34.89797],[-106.2948,34.89837],[-106.29349,34.89876],[-106.29235,34.8994],[-106.2883,34.9005],[-106.28831,34.90082],[-106.28734,34.90111],[-106.28724,34.90146],[-106.28627,34.90144],[-106.28627,34.90175],[-106.28428,34.90321],[-106.28404,34.90364],[-106.28391,34.90352],[-106.28084,34.90385],[-106.28019,34.90361],[-106.28016,34.90389],[-106.27942,34.90407],[-106.27902,34.90379],[-106.27883,34.90392],[-106.27863,34.90368],[-106.27787,34.90339],[-106.27684,34.90338],[-106.27679,34.90326],[-106.27729,34.90269],[-106.27718,34.90242],[-106.27575,34.90209],[-106.2754,34.90213],[-106.27615,34.90309],[-106.27556,34.90324],[-106.27552,34.90339],[-106.27517,34.90327],[-106.27491,34.90352],[-106.27417,34.90323],[-106.27372,34.90274],[-106.27382,34.90261],[-106.27352,34.90212],[-106.27332,34.90206],[-106.27308,34.90238],[-106.2734,34.90283],[-106.27334,34.90344],[-106.27269,34.90424],[-106.27207,34.90437],[-106.27098,34.90398],[-106.27108,34.90366],[-106.27087,34.90326],[-106.27086,34.90266],[-106.27043,34.90221]]],[[[-106.26791,34.80853],[-106.26788,34.80796],[-106.26822,34.80798],[-106.26837,34.80817],[-106.26869,34.80734],[-106.26811,34.80657],[-106.26723,34.80599],[-106.26706,34.80571],[-106.26732,34.8053],[-106.26799,34.80488],[-106.2682,34.80492],[-106.26819,34.80512],[-106.26797,34.80524],[-106.26788,34.80558],[-106.26853,34.80618],[-106.26901,34.80628],[-106.26901,34.8069],[-106.2697,34.80752],[-106.26951,34.80868],[-106.26911,34.80942],[-106.26915,34.80985],[-106.26879,34.81008],[-106.26841,34.81065],[-106.26824,34.81072],[-106.26809,34.81054],[-106.26821,34.80903],[-106.26791,34.80853]]],[[[-106.25195,34.82137],[-106.251,34.82121],[-106.2507,34.82086],[-106.25066,34.82],[-106.25181,34.81973],[-106.25324,34.82033],[-106.25344,34.82059],[-106.25327,34.82074],[-106.25239,34.82134],[-106.25195,34.82137]]],[[[-106.23506,34.83661],[-106.23431,34.83615],[-106.23419,34.83583],[-106.23543,34.83565],[-106.23571,34.83535],[-106.23641,34.83565],[-106.23622,34.83611],[-106.23648,34.83632],[-106.23646,34.83652],[-106.23614,34.83663],[-106.23575,34.83653],[-106.23593,34.83679],[-106.23547,34.83684],[-106.23506,34.83661]]],[[[-106.27011,34.80689],[-106.27032,34.80674],[-106.27073,34.80719],[-106.27157,34.80761],[-106.27166,34.80792],[-106.27155,34.80828],[-106.27095,34.80864],[-106.27045,34.80777],[-106.27016,34.80765],[-106.27011,34.80689]]],[[[-106.32677,34.81089],[-106.32704,34.81063],[-106.32729,34.81082],[-106.32779,34.81179],[-106.32762,34.81197],[-106.32703,34.81194],[-106.32671,34.81169],[-106.32677,34.81089]]],[[[-106.26684,34.80676],[-106.26675,34.80642],[-106.26719,34.80649],[-106.26769,34.80696],[-106.26746,34.80708],[-106.26684,34.80676]]],[[[-106.33385,34.81313],[-106.33402,34.81296],[-106.3344,34.81298],[-106.33444,34.81338],[-106.33385,34.81341],[-106.33385,34.81313]]],[[[-106.24934,34.82827],[-106.24906,34.82819],[-106.24942,34.82806],[-106.24994,34.8281],[-106.24974,34.82844],[-106.24934,34.82827]]],[[[-106.27976,34.80135],[-106.28022,34.80143],[-106.28037,34.80172],[-106.27979,34.8016],[-106.27976,34.80135]]]]},"properties":{"incidentname":"Dog Head","perimeterdatetime":1466543880000,"gisacres":17912.01,"state":"NM"}},{"type":"Feature","geometry":{"type":"MultiPolygon","coordinates":[[[[-106.27043,34.90221],[-106.26971,34.90152],[-106.26926,34.90145],[-106.26951,34.90109],[-106.26994,34.90097],[-106.26978,34.9007],[-106.2687,34.90008],[-106.26801,34.90043],[-106.26759,34.90029],[-106.26751,34.89989],[-106.26724,34.89986],[-106.26734,34.90015],[-106.26704,34.90061],[-106.26672,34.90036],[-106.26647,34.90001],[-106.26682,34.89984],[-106.2674,34.89912],[-106.26708,34.89906],[-106.26636,34.89961],[-106.26584,34.89968],[-106.26563,34.89965],[-106.26539,34.89926],[-106.26497,34.89972],[-106.2645,34.89984],[-106.26378,34.89954],[-106.26256,34.89941],[-106.26213,34.89973],[-106.26035,34.89898],[-106.2591,34.89883],[-106.25919,34.89858],[-106.2595,34.89852],[-106.25947,34.8983],[-106.26008,34.89822],[-106.25978,34.89763],[-106.25865,34.89709],[-106.25812,34.89707],[-106.256,34.8964],[-106.25547,34.89567],[-106.2557,34.89545],[-106.25468,34.89539],[-106.25187,34.89358],[-106.2518,34.8928],[-106.25218,34.89255],[-106.25365,34.89232],[-106.25547,34.89233],[-106.25601,34.89297],[-106.25629,34.89294],[-106.25614,34.89261],[-106.2564,34.89244],[-106.2584,34.89208],[-106.25923,34.89148],[-106.25901,34.89098],[-106.25849,34.89084],[-106.25868,34.89055],[-106.2579,34.89016],[-106.25744,34.89016],[-106.25646,34.89058],[-106.25562,34.89054],[-106.25582,34.89025],[-106.25718,34.88993],[-106.25757,34.88949],[-106.25865,34.89001],[-106.25944,34.89007],[-106.26108,34.8897],[-106.26102,34.88951],[-106.25945,34.88931],[-106.2593,34.889],[-106.25857,34.88864],[-106.25857,34.88818],[-106.25691,34.88776],[-106.25659,34.88752],[-106.25615,34.88753],[-106.25593,34.88789],[-106.25526,34.88778],[-106.25494,34.88744],[-106.25439,34.88759],[-106.25411,34.88816],[-106.25289,34.88876],[-106.25179,34.88969],[-106.25135,34.89044],[-106.2495,34.8922],[-106.24677,34.89299],[-106.24607,34.89283],[-106.24579,34.89307],[-106.24527,34.8932],[-106.24506,34.8927],[-106.24368,34.89154],[-106.24356,34.89131],[-106.24367,34.89116],[-106.24312,34.89076],[-106.24243,34.8911],[-106.2413,34.89121],[-106.23975,34.89037],[-106.23846,34.88933],[-106.23834,34.88905],[-106.23848,34.88883],[-106.2411,34.88935],[-106.24249,34.88941],[-106.24286,34.88917],[-106.24286,34.88886],[-106.24233,34.8885],[-106.24259,34.88841],[-106.24323,34.88857],[-106.24311,34.88823],[-106.24133,34.88756],[-106.24109,34.88723],[-106.24197,34.88607],[-106.24247,34.8864],[-106.24397,34.8857],[-106.24455,34.88576],[-106.24472,34.88595],[-106.24521,34.88556],[-106.24553,34.88559],[-106.24588,34.88599],[-106.24605,34.88577],[-106.24596,34.88537],[-106.24688,34.88476],[-106.24783,34.88454],[-106.2494,34.88476],[-106.24982,34.88406],[-106.25031,34.88399],[-106.2506,34.88377],[-106.25076,34.88319],[-106.25148,34.88273],[-106.25217,34.88268],[-106.25248,34.88282],[-106.25358,34.88249],[-106.25494,34.88244],[-106.25501,34.88265],[-106.25547,34.88283],[-106.25725,34.8831],[-106.25826,34.88302],[-106.25834,34.88281],[-106.25788,34.88267],[-106.25766,34.88191],[-106.25768,34.88152],[-106.25811,34.88066],[-106.25804,34.88045],[-106.25676,34.87984],[-106.25658,34.87913],[-106.25613,34.87863],[-106.25642,34.87832],[-106.2574,34.87788],[-106.25896,34.8781],[-106.25959,34.87754],[-106.26003,34.87759],[-106.25952,34.87852],[-106.26004,34.87873],[-106.26051,34.87877],[-106.26169,34.87848],[-106.26361,34.87872],[-106.26486,34.87911],[-106.2653,34.87956],[-106.26567,34.8796],[-106.2659,34.87943],[-106.26601,34.87893],[-106.26574,34.87822],[-106.26658,34.87821],[-106.26678,34.87792],[-106.26631,34.87728],[-106.26629,34.87676],[-106.26545,34.87697],[-106.2653,34.87668],[-106.26479,34.87658],[-106.26418,34.87673],[-106.26348,34.87626],[-106.26227,34.87628],[-106.26168,34.87609],[-106.26114,34.87628],[-106.2603,34.8761],[-106.25976,34.87575],[-106.25944,34.87514],[-106.25892,34.87469],[-106.25835,34.87483],[-106.25822,34.87464],[-106.25859,34.87452],[-106.25876,34.87392],[-106.25903,34.87393],[-106.25939,34.8736],[-106.26004,34.87378],[-106.26011,34.87353],[-106.26046,34.87357],[-106.26058,34.87386],[-106.26117,34.8741],[-106.26125,34.87444],[-106.26087,34.87491],[-106.26019,34.87489],[-106.26072,34.87546],[-106.26146,34.87524],[-106.26309,34.87537],[-106.26361,34.87501],[-106.26523,34.87555],[-106.26606,34.87542],[-106.26738,34.87584],[-106.2677,34.87584],[-106.26801,34.87507],[-106.2676,34.87336],[-106.26815,34.8733],[-106.26898,34.87418],[-106.26941,34.87403],[-106.26941,34.87385],[-106.2699,34.87395],[-106.27014,34.87428],[-106.27077,34.87385],[-106.27181,34.87417],[-106.27214,34.87453],[-106.27246,34.87459],[-106.27329,34.87418],[-106.27367,34.87437],[-106.27376,34.87458],[-106.27407,34.87412],[-106.27571,34.87356],[-106.27836,34.87413],[-106.27937,34.87412],[-106.28087,34.8737],[-106.28139,34.87393],[-106.28192,34.87457],[-106.2823,34.87466],[-106.28328,34.87427],[-106.28336,34.87405],[-106.28397,34.87397],[-106.28399,34.87366],[-106.28324,34.87331],[-106.28332,34.87286],[-106.28236,34.8728],[-106.28239,34.87258],[-106.28218,34.87239],[-106.28146,34.87242],[-106.28096,34.87221],[-106.2809,34.87174],[-106.28057,34.87138],[-106.27994,34.87141],[-106.27969,34.87082],[-106.27777,34.87163],[-106.27699,34.8718],[-106.27589,34.87177],[-106.27483,34.87099],[-106.27403,34.87114],[-106.27402,34.87093],[-106.27376,34.87076],[-106.27387,34.87017],[-106.27352,34.87005],[-106.27345,34.86976],[-106.27252,34.86932],[-106.27052,34.8692],[-106.2696,34.86935],[-106.26914,34.86959],[-106.26851,34.8695],[-106.26627,34.87124],[-106.26572,34.87127],[-106.26492,34.87195],[-106.26429,34.87224],[-106.26369,34.87294],[-106.26275,34.87176],[-106.26262,34.87131],[-106.26244,34.87139],[-106.26218,34.87119],[-106.262,34.87173],[-106.26159,34.87193],[-106.26078,34.87179],[-106.25954,34.872],[-106.26003,34.87244],[-106.25808,34.87324],[-106.25635,34.87303],[-106.25749,34.87255],[-106.25795,34.87219],[-106.25754,34.8721],[-106.25751,34.8717],[-106.25828,34.87124],[-106.259,34.87108],[-106.25894,34.87066],[-106.25862,34.87047],[-106.25645,34.87056],[-106.25598,34.87038],[-106.25635,34.87013],[-106.256,34.86987],[-106.25469,34.86936],[-106.25492,34.86912],[-106.25584,34.86907],[-106.25584,34.86878],[-106.25549,34.86866],[-106.25531,34.86828],[-106.25601,34.86821],[-106.256,34.86801],[-106.2551,34.86786],[-106.25504,34.86757],[-106.25623,34.86751],[-106.25512,34.86716],[-106.2547,34.86617],[-106.25522,34.86638],[-106.2554,34.86671],[-106.25595,34.86677],[-106.25602,34.86657],[-106.25577,34.86633],[-106.25618,34.86623],[-106.25629,34.86601],[-106.25757,34.86638],[-106.25884,34.86593],[-106.25892,34.86565],[-106.26042,34.86565],[-106.2608,34.86551],[-106.26082,34.86486],[-106.26001,34.8648],[-106.26,34.86458],[-106.26133,34.86452],[-106.26297,34.86343],[-106.2635,34.86245],[-106.26318,34.86207],[-106.26251,34.86208],[-106.26122,34.8625],[-106.26041,34.86258],[-106.25968,34.86239],[-106.25987,34.86216],[-106.25965,34.86175],[-106.25938,34.8617],[-106.25935,34.86148],[-106.25961,34.86117],[-106.26006,34.8611],[-106.26048,34.86143],[-106.26045,34.862],[-106.2606,34.86224],[-106.26098,34.86209],[-106.26141,34.86138],[-106.26137,34.86104],[-106.26122,34.86085],[-106.25931,34.8607],[-106.25858,34.86042],[-106.25791,34.86062],[-106.25722,34.86046],[-106.25739,34.86019],[-106.25841,34.8597],[-106.25802,34.8594],[-106.25826,34.85873],[-106.25762,34.8581],[-106.25623,34.85804],[-106.25588,34.85825],[-106.25553,34.85821],[-106.25542,34.85804],[-106.25555,34.85759],[-106.25514,34.85724],[-106.25462,34.85696],[-106.25418,34.85687],[-106.25384,34.85699],[-106.25349,34.85685],[-106.2534,34.85657],[-106.25411,34.8562],[-106.25378,34.856],[-106.25305,34.85633],[-106.25066,34.856],[-106.25029,34.85616],[-106.24924,34.8561],[-106.24908,34.85619],[-106.24896,34.85743],[-106.24866,34.85776],[-106.2482,34.85786],[-106.24773,34.85759],[-106.24714,34.85801],[-106.24635,34.85778],[-106.24577,34.85738],[-106.24566,34.85696],[-106.24494,34.85643],[-106.24507,34.85629],[-106.24499,34.8561],[-106.24386,34.8559],[-106.24289,34.85595],[-106.24268,34.85625],[-106.24164,34.85616],[-106.24122,34.85702],[-106.24149,34.85754],[-106.24135,34.85819],[-106.24019,34.85798],[-106.24005,34.85818],[-106.2402,34.85846],[-106.24045,34.8586],[-106.24119,34.85854],[-106.24226,34.85892],[-106.2433,34.85955],[-106.2439,34.85964],[-106.244,34.86009],[-106.24383,34.86114],[-106.24513,34.86191],[-106.24688,34.8621],[-106.24732,34.86239],[-106.24731,34.86277],[-106.24665,34.86307],[-106.24622,34.86307],[-106.2459,34.86384],[-106.24521,34.86288],[-106.24463,34.86269],[-106.24418,34.8622],[-106.24333,34.86243],[-106.24178,34.86162],[-106.2414,34.86155],[-106.24079,34.86169],[-106.23833,34.86084],[-106.23701,34.85983],[-106.23639,34.85965],[-106.23571,34.85975],[-106.23512,34.86005],[-106.23326,34.85922],[-106.23227,34.85903],[-106.23305,34.8575],[-106.23245,34.85747],[-106.23218,34.8572],[-106.2312,34.85708],[-106.23,34.85656],[-106.2301,34.85547],[-106.23082,34.85517],[-106.23131,34.85524],[-106.23126,34.85455],[-106.23215,34.85473],[-106.23346,34.85366],[-106.23387,34.85379],[-106.23408,34.85406],[-106.2332,34.85433],[-106.23293,34.85468],[-106.233,34.85484],[-106.23362,34.85475],[-106.2345,34.85421],[-106.23465,34.85389],[-106.23629,34.85405],[-106.23678,34.85389],[-106.23746,34.85422],[-106.23761,34.8545],[-106.23717,34.85486],[-106.23746,34.855],[-106.23804,34.85495],[-106.23858,34.85469],[-106.23853,34.8543],[-106.23792,34.8539],[-106.23802,34.85368],[-106.23879,34.85398],[-106.23898,34.85428],[-106.23882,34.85501],[-106.23898,34.85522],[-106.23926,34.85472],[-106.24011,34.8545],[-106.23843,34.85338],[-106.23853,34.85292],[-106.24147,34.85189],[-106.24172,34.85128],[-106.24219,34.85089],[-106.2442,34.85115],[-106.24501,34.8517],[-106.24527,34.85162],[-106.24557,34.85089],[-106.24589,34.85097],[-106.24614,34.85128],[-106.24644,34.85137],[-106.24659,34.85181],[-106.24698,34.8521],[-106.24834,34.85254],[-106.24831,34.85306],[-106.24871,34.85344],[-106.24862,34.85375],[-106.24932,34.85478],[-106.24951,34.85478],[-106.24897,34.85341],[-106.24909,34.85263],[-106.25019,34.85219],[-106.25051,34.85226],[-106.25088,34.85264],[-106.25106,34.85226],[-106.25217,34.85225],[-106.25217,34.85183],[-106.25045,34.85118],[-106.25039,34.85075],[-106.25009,34.85056],[-106.24935,34.85058],[-106.24882,34.85039],[-106.24872,34.8505],[-106.2487,34.85003],[-106.24806,34.84994],[-106.2475,34.84966],[-106.24667,34.848],[-106.24689,34.8473],[-106.24737,34.84713],[-106.24754,34.84689],[-106.24723,34.84636],[-106.24667,34.84629],[-106.24681,34.84593],[-106.24731,34.84576],[-106.24795,34.84578],[-106.2483,34.84609],[-106.25035,34.8467],[-106.25087,34.84714],[-106.2559,34.84819],[-106.25877,34.8483],[-106.26088,34.84971],[-106.26087,34.85117],[-106.26254,34.85258],[-106.2637,34.85267],[-106.2643,34.85235],[-106.26433,34.85204],[-106.26336,34.85152],[-106.26296,34.84967],[-106.26219,34.84858],[-106.26093,34.84757],[-106.25884,34.84549],[-106.25921,34.84493],[-106.2614,34.84448],[-106.26208,34.84491],[-106.26399,34.8451],[-106.26443,34.84533],[-106.26466,34.84578],[-106.26516,34.84611],[-106.26583,34.84604],[-106.26586,34.84463],[-106.26469,34.84385],[-106.26437,34.84328],[-106.26323,34.84282],[-106.26181,34.8429],[-106.25853,34.84237],[-106.25864,34.84196],[-106.25733,34.84123],[-106.2568,34.84076],[-106.25683,34.84057],[-106.25793,34.84053],[-106.25846,34.84096],[-106.25904,34.84107],[-106.25934,34.84026],[-106.25878,34.83926],[-106.25852,34.83929],[-106.25829,34.83981],[-106.25807,34.83988],[-106.25793,34.84015],[-106.25712,34.84005],[-106.25663,34.83974],[-106.25632,34.8398],[-106.25557,34.83955],[-106.2544,34.84048],[-106.25281,34.84052],[-106.25217,34.84026],[-106.25128,34.83922],[-106.25189,34.83919],[-106.25185,34.83883],[-106.25208,34.83859],[-106.25332,34.83789],[-106.25351,34.83748],[-106.25403,34.83704],[-106.25333,34.83691],[-106.25238,34.8372],[-106.25139,34.83652],[-106.25032,34.83658],[-106.25014,34.83622],[-106.24973,34.83613],[-106.2491,34.83628],[-106.24666,34.83612],[-106.24611,34.83549],[-106.2459,34.83568],[-106.24505,34.83569],[-106.24432,34.83516],[-106.24098,34.83448],[-106.24025,34.83417],[-106.24008,34.83398],[-106.24008,34.83363],[-106.23986,34.8337],[-106.23908,34.83484],[-106.23883,34.8349],[-106.23912,34.83501],[-106.23959,34.8349],[-106.23968,34.83519],[-106.23941,34.83564],[-106.23836,34.83566],[-106.23836,34.83592],[-106.23855,34.83607],[-106.2385,34.8365],[-106.23824,34.83653],[-106.23753,34.83607],[-106.23756,34.83588],[-106.23698,34.83546],[-106.23713,34.8352],[-106.23749,34.83506],[-106.23632,34.83486],[-106.23635,34.83466],[-106.23838,34.83431],[-106.23615,34.83419],[-106.23567,34.83409],[-106.23468,34.83353],[-106.23493,34.83327],[-106.23525,34.83322],[-106.23647,34.83341],[-106.23714,34.83375],[-106.2379,34.8339],[-106.23878,34.83386],[-106.23848,34.83334],[-106.23768,34.83302],[-106.23816,34.83208],[-106.23805,34.83182],[-106.23781,34.83173],[-106.237,34.83192],[-106.23638,34.83161],[-106.2362,34.83202],[-106.23637,34.83255],[-106.23595,34.83273],[-106.23538,34.83255],[-106.23541,34.83216],[-106.23568,34.83203],[-106.2351,34.83165],[-106.23561,34.83122],[-106.23786,34.83124],[-106.23843,34.83142],[-106.23878,34.83123],[-106.24026,34.83102],[-106.24278,34.83119],[-106.24296,34.83106],[-106.24277,34.83052],[-106.24327,34.83033],[-106.24447,34.83039],[-106.24445,34.83003],[-106.24526,34.82977],[-106.2454,34.82955],[-106.24444,34.82944],[-106.24436,34.82927],[-106.24535,34.8287],[-106.24532,34.82843],[-106.24494,34.82839],[-106.2444,34.82871],[-106.2436,34.82883],[-106.24385,34.82918],[-106.24361,34.82972],[-106.24242,34.82959],[-106.24234,34.8299],[-106.24192,34.82998],[-106.24101,34.8293],[-106.24075,34.82931],[-106.24,34.82987],[-106.23963,34.82991],[-106.23809,34.82949],[-106.23604,34.82951],[-106.23617,34.82935],[-106.23346,34.82907],[-106.23211,34.82852],[-106.23088,34.82723],[-106.22912,34.82685],[-106.2282,34.82554],[-106.22752,34.82592],[-106.22683,34.82569],[-106.2264,34.82526],[-106.22493,34.82469],[-106.22494,34.82426],[-106.22695,34.82357],[-106.22857,34.8234],[-106.22906,34.82349],[-106.23156,34.82304],[-106.23645,34.82471],[-106.23659,34.82529],[-106.23743,34.82586],[-106.23906,34.82614],[-106.23971,34.82642],[-106.24004,34.82683],[-106.24069,34.82681],[-106.24093,34.82521],[-106.24305,34.82496],[-106.2431,34.8258],[-106.24361,34.82566],[-106.24399,34.82595],[-106.2443,34.82653],[-106.24472,34.82682],[-106.24563,34.82692],[-106.24624,34.82667],[-106.24645,34.82699],[-106.24692,34.82701],[-106.24717,34.82746],[-106.24825,34.82806],[-106.24842,34.82827],[-106.24788,34.82926],[-106.24839,34.83006],[-106.24893,34.83029],[-106.24978,34.82993],[-106.24954,34.82899],[-106.25025,34.82864],[-106.254,34.82979],[-106.25586,34.82994],[-106.25594,34.8298],[-106.25536,34.82937],[-106.25426,34.82945],[-106.25367,34.8287],[-106.25351,34.82794],[-106.25308,34.8278],[-106.25227,34.82776],[-106.25178,34.82798],[-106.25022,34.82812],[-106.25027,34.82778],[-106.24972,34.82767],[-106.24992,34.8274],[-106.25051,34.82747],[-106.25075,34.82715],[-106.25055,34.82636],[-106.25188,34.82629],[-106.25207,34.82602],[-106.25262,34.82625],[-106.25418,34.82623],[-106.25555,34.8257],[-106.25556,34.82554],[-106.25602,34.82555],[-106.25667,34.82614],[-106.25684,34.82609],[-106.25684,34.82575],[-106.25804,34.82507],[-106.25866,34.82554],[-106.25932,34.82547],[-106.26068,34.82509],[-106.26103,34.82471],[-106.26145,34.82487],[-106.26206,34.82479],[-106.26272,34.82457],[-106.26292,34.82436],[-106.26291,34.82395],[-106.26248,34.82391],[-106.26179,34.8242],[-106.2595,34.82413],[-106.25565,34.82433],[-106.25547,34.82422],[-106.25556,34.82404],[-106.25542,34.82391],[-106.25564,34.82352],[-106.25558,34.82321],[-106.2552,34.82312],[-106.25492,34.82348],[-106.25446,34.82356],[-106.25416,34.82323],[-106.25433,34.82261],[-106.25386,34.82216],[-106.25423,34.82204],[-106.25432,34.82172],[-106.2547,34.8214],[-106.2557,34.82132],[-106.25575,34.82116],[-106.25639,34.82127],[-106.25649,34.82159],[-106.25675,34.8217],[-106.25708,34.8217],[-106.25727,34.8214],[-106.25768,34.82131],[-106.25836,34.82152],[-106.25888,34.82054],[-106.25975,34.82067],[-106.25987,34.82089],[-106.25979,34.8211],[-106.25943,34.82127],[-106.25989,34.82124],[-106.25974,34.8216],[-106.25998,34.82174],[-106.26071,34.82166],[-106.26433,34.82212],[-106.26499,34.82161],[-106.26461,34.82131],[-106.26489,34.82097],[-106.26556,34.82074],[-106.26618,34.82015],[-106.26595,34.81989],[-106.26444,34.81975],[-106.26458,34.81957],[-106.26457,34.81907],[-106.26509,34.8188],[-106.265,34.81842],[-106.26435,34.81785],[-106.26361,34.81815],[-106.26302,34.81796],[-106.26429,34.81726],[-106.26501,34.81746],[-106.26521,34.81736],[-106.26538,34.81701],[-106.26514,34.81644],[-106.26482,34.8163],[-106.2641,34.81633],[-106.26397,34.81566],[-106.26286,34.81503],[-106.26106,34.81464],[-106.25974,34.8148],[-106.25958,34.81406],[-106.25859,34.81393],[-106.25824,34.81372],[-106.25791,34.81296],[-106.25716,34.81265],[-106.25593,34.81171],[-106.25508,34.81131],[-106.25496,34.81101],[-106.25447,34.81068],[-106.25302,34.80885],[-106.25235,34.80836],[-106.25171,34.8082],[-106.25029,34.80744],[-106.24977,34.80764],[-106.24814,34.80717],[-106.24626,34.80726],[-106.24542,34.80666],[-106.24538,34.80642],[-106.24587,34.80625],[-106.24596,34.80607],[-106.24573,34.80563],[-106.24333,34.80497],[-106.24302,34.80462],[-106.24313,34.80449],[-106.24409,34.80464],[-106.24475,34.80505],[-106.246,34.80462],[-106.2463,34.80477],[-106.24657,34.80519],[-106.24691,34.80511],[-106.24724,34.80465],[-106.2488,34.80573],[-106.24952,34.80573],[-106.24973,34.80558],[-106.24909,34.80513],[-106.24891,34.80489],[-106.24905,34.80474],[-106.24949,34.80479],[-106.24979,34.80516],[-106.25132,34.80544],[-106.25205,34.80583],[-106.25303,34.80559],[-106.25374,34.80579],[-106.25346,34.80545],[-106.25268,34.80535],[-106.25259,34.80462],[-106.25193,34.8046],[-106.25146,34.80434],[-106.25173,34.80376],[-106.25226,34.8036],[-106.25223,34.80332],[-106.25245,34.80316],[-106.25313,34.80316],[-106.25337,34.80345],[-106.25382,34.80336],[-106.25404,34.80376],[-106.25434,34.80391],[-106.25527,34.80385],[-106.25579,34.80417],[-106.2561,34.80505],[-106.25595,34.8052],[-106.25443,34.80532],[-106.25414,34.80579],[-106.255,34.80554],[-106.25676,34.80583],[-106.25761,34.80659],[-106.2576,34.80745],[-106.25818,34.80787],[-106.25859,34.80765],[-106.25908,34.80767],[-106.25964,34.80824],[-106.25965,34.80846],[-106.26046,34.80914],[-106.26167,34.80908],[-106.26171,34.80931],[-106.26131,34.80951],[-106.26145,34.80972],[-106.2625,34.81028],[-106.26484,34.81207],[-106.26563,34.81215],[-106.26673,34.8129],[-106.26738,34.81299],[-106.26842,34.81269],[-106.26879,34.81234],[-106.26919,34.81121],[-106.26914,34.81074],[-106.27024,34.80954],[-106.27082,34.8092],[-106.27137,34.80911],[-106.27264,34.80937],[-106.27483,34.81037],[-106.27492,34.81082],[-106.27544,34.81108],[-106.2766,34.81126],[-106.27724,34.81151],[-106.27836,34.81234],[-106.27879,34.81231],[-106.27923,34.81118],[-106.27913,34.81004],[-106.27823,34.80955],[-106.27778,34.80888],[-106.27757,34.80831],[-106.2768,34.80739],[-106.27674,34.80701],[-106.27706,34.80693],[-106.27779,34.80743],[-106.27935,34.8077],[-106.28,34.80819],[-106.28038,34.80878],[-106.2802,34.81031],[-106.28031,34.81122],[-106.28068,34.81124],[-106.28088,34.81078],[-106.28067,34.81021],[-106.28069,34.80974],[-106.28094,34.8093],[-106.28251,34.80943],[-106.28243,34.80932],[-106.28276,34.80924],[-106.2832,34.80949],[-106.28398,34.80949],[-106.28502,34.80905],[-106.28556,34.80899],[-106.28624,34.80972],[-106.28659,34.80989],[-106.2885,34.80987],[-106.28998,34.80931],[-106.29015,34.80905],[-106.28977,34.80871],[-106.28849,34.80895],[-106.28677,34.80872],[-106.28654,34.80848],[-106.28668,34.80831],[-106.28596,34.80808],[-106.28595,34.80772],[-106.28654,34.80672],[-106.28628,34.80646],[-106.2852,34.80597],[-106.28448,34.806],[-106.2843,34.80569],[-106.28432,34.80533],[-106.28333,34.80467],[-106.28303,34.80425],[-106.2816,34.80324],[-106.2807,34.80308],[-106.28139,34.8018],[-106.28121,34.80121],[-106.28133,34.801],[-106.27975,34.80015],[-106.27909,34.79951],[-106.27916,34.79871],[-106.27997,34.79886],[-106.28111,34.79953],[-106.2818,34.79925],[-106.28227,34.7996],[-106.28227,34.79994],[-106.28274,34.80051],[-106.28341,34.80093],[-106.28387,34.80042],[-106.28416,34.80037],[-106.28512,34.80103],[-106.28525,34.80184],[-106.28577,34.80167],[-106.28668,34.80235],[-106.28784,34.80245],[-106.28864,34.80194],[-106.29004,34.80141],[-106.2902,34.80101],[-106.29055,34.80106],[-106.29058,34.80175],[-106.2913,34.80192],[-106.29133,34.8024],[-106.29158,34.80243],[-106.29183,34.80216],[-106.2922,34.80206],[-106.29285,34.80215],[-106.29332,34.80253],[-106.29413,34.80269],[-106.29417,34.80231],[-106.29271,34.80168],[-106.29298,34.8014],[-106.29337,34.80142],[-106.29468,34.80204],[-106.29582,34.80225],[-106.29647,34.80295],[-106.299,34.80443],[-106.29925,34.80486],[-106.2999,34.80457],[-106.3003,34.80459],[-106.30072,34.80492],[-106.29994,34.80347],[-106.29993,34.80311],[-106.29912,34.80276],[-106.29897,34.80246],[-106.29839,34.80208],[-106.29691,34.80186],[-106.29696,34.80159],[-106.29756,34.80133],[-106.29872,34.80122],[-106.30046,34.80149],[-106.30163,34.80217],[-106.3024,34.80224],[-106.3031,34.80205],[-106.3038,34.80318],[-106.30463,34.80359],[-106.30535,34.80368],[-106.30591,34.80417],[-106.30678,34.80438],[-106.30783,34.80513],[-106.30868,34.80543],[-106.30971,34.80643],[-106.31039,34.80635],[-106.31074,34.80651],[-106.31078,34.80685],[-106.31041,34.80717],[-106.31088,34.80748],[-106.31144,34.8075],[-106.31211,34.80793],[-106.31374,34.80822],[-106.31366,34.80841],[-106.31398,34.8085],[-106.31408,34.80885],[-106.31449,34.80915],[-106.31606,34.80921],[-106.31655,34.80951],[-106.31728,34.81033],[-106.3167,34.81103],[-106.31647,34.81189],[-106.31662,34.81243],[-106.31693,34.81248],[-106.31721,34.81219],[-106.31794,34.8123],[-106.31891,34.81209],[-106.31862,34.81149],[-106.31876,34.81132],[-106.32001,34.81139],[-106.32063,34.8115],[-106.32099,34.81184],[-106.322,34.81214],[-106.32235,34.81251],[-106.32343,34.81276],[-106.32368,34.81295],[-106.32375,34.81338],[-106.32417,34.81369],[-106.32487,34.81366],[-106.32569,34.81328],[-106.32611,34.81327],[-106.32652,34.81292],[-106.32607,34.81261],[-106.32547,34.81248],[-106.32537,34.81233],[-106.32547,34.81205],[-106.32693,34.81226],[-106.32767,34.813],[-106.32812,34.81316],[-106.32833,34.81305],[-106.32814,34.81228],[-106.32845,34.81207],[-106.32882,34.81207],[-106.32867,34.81151],[-106.32878,34.81128],[-106.32927,34.811],[-106.32988,34.8109],[-106.33061,34.81149],[-106.3307,34.81189],[-106.33099,34.81224],[-106.33099,34.81253],[-106.33045,34.81311],[-106.33045,34.81328],[-106.33073,34.81339],[-106.33128,34.81324],[-106.33159,34.81292],[-106.33228,34.8128],[-106.33298,34.81294],[-106.33341,34.81362],[-106.33438,34.81593],[-106.33449,34.81641],[-106.33433,34.81707],[-106.33479,34.81773],[-106.33494,34.81861],[-106.33585,34.81895],[-106.33603,34.81929],[-106.33608,34.82003],[-106.33647,34.8204],[-106.3363,34.821],[-106.33641,34.8214],[-106.33697,34.82134],[-106.33741,34.82079],[-106.33824,34.82038],[-106.33785,34.81998],[-106.3378,34.81947],[-106.33829,34.81926],[-106.33894,34.8186],[-106.3389,34.81846],[-106.33931,34.81826],[-106.3395,34.81888],[-106.34008,34.8189],[-106.34106,34.81775],[-106.34126,34.81796],[-106.34155,34.81794],[-106.34164,34.81775],[-106.34138,34.81768],[-106.34182,34.81744],[-106.34211,34.81701],[-106.34272,34.81671],[-106.34345,34.81697],[-106.34472,34.81673],[-106.34846,34.81543],[-106.34926,34.81557],[-106.34981,34.81546],[-106.34985,34.81487],[-106.35051,34.8148],[-106.35071,34.81446],[-106.35133,34.81431],[-106.35217,34.81442],[-106.35268,34.81398],[-106.3535,34.81405],[-106.35336,34.81331],[-106.35373,34.81285],[-106.35444,34.81258],[-106.35553,34.81247],[-106.35618,34.81221],[-106.35624,34.81186],[-106.35761,34.81182],[-106.35824,34.81127],[-106.3591,34.81111],[-106.35936,34.81116],[-106.35921,34.81148],[-106.35942,34.81148],[-106.36023,34.81072],[-106.36059,34.81074],[-106.3607,34.81046],[-106.36131,34.81031],[-106.36145,34.81006],[-106.36207,34.81],[-106.36244,34.80979],[-106.36333,34.80993],[-106.36349,34.81032],[-106.36362,34.81007],[-106.36426,34.80986],[-106.36563,34.81003],[-106.36601,34.80982],[-106.36684,34.80977],[-106.36716,34.80995],[-106.36765,34.80988],[-106.36845,34.80935],[-106.3699,34.80918],[-106.37062,34.80937],[-106.37091,34.80919],[-106.37085,34.80905],[-106.36997,34.80835],[-106.36979,34.80786],[-106.36995,34.80714],[-106.37019,34.80683],[-106.37064,34.80685],[-106.37132,34.8081],[-106.3728,34.80897],[-106.37284,34.80929],[-106.37329,34.80936],[-106.37359,34.80905],[-106.374,34.80894],[-106.37511,34.80891],[-106.37735,34.80973],[-106.37736,34.81014],[-106.37774,34.81049],[-106.37755,34.81064],[-106.37761,34.81097],[-106.37741,34.81117],[-106.37785,34.81184],[-106.37753,34.81246],[-106.37727,34.81252],[-106.3773,34.81281],[-106.37702,34.81289],[-106.37764,34.81344],[-106.3777,34.8138],[-106.37575,34.81393],[-106.37534,34.81488],[-106.37501,34.81492],[-106.37432,34.81558],[-106.37431,34.81574],[-106.37359,34.81564],[-106.37298,34.81608],[-106.37052,34.81674],[-106.37069,34.8171],[-106.37035,34.81724],[-106.37047,34.81733],[-106.37023,34.81763],[-106.36929,34.81751],[-106.36883,34.81796],[-106.36824,34.8178],[-106.36791,34.81792],[-106.36791,34.81821],[-106.36763,34.81823],[-106.367,34.81871],[-106.36653,34.8193],[-106.3664,34.82029],[-106.36583,34.82024],[-106.36571,34.81963],[-106.3654,34.81962],[-106.36535,34.81919],[-106.36559,34.81882],[-106.36548,34.81851],[-106.36522,34.81838],[-106.36506,34.81882],[-106.36519,34.81982],[-106.3654,34.81996],[-106.3652,34.82025],[-106.36551,34.82054],[-106.36554,34.82077],[-106.3647,34.82174],[-106.3651,34.82213],[-106.36485,34.82209],[-106.3646,34.8224],[-106.36387,34.82261],[-106.36366,34.82289],[-106.36319,34.82301],[-106.36307,34.82284],[-106.3629,34.823],[-106.36224,34.82287],[-106.36206,34.82301],[-106.36137,34.82293],[-106.36076,34.82308],[-106.35988,34.82289],[-106.35963,34.82308],[-106.35933,34.82252],[-106.35903,34.8229],[-106.35855,34.82299],[-106.35842,34.82284],[-106.35812,34.82309],[-106.35441,34.82303],[-106.35438,34.82314],[-106.34964,34.82351],[-106.34836,34.82321],[-106.34797,34.8235],[-106.34726,34.8236],[-106.34715,34.82343],[-106.34755,34.82336],[-106.34742,34.82309],[-106.34757,34.82286],[-106.34808,34.82252],[-106.34885,34.82239],[-106.34856,34.82185],[-106.34806,34.82196],[-106.34796,34.82178],[-106.34754,34.8222],[-106.34656,34.82244],[-106.34618,34.82316],[-106.34573,34.82303],[-106.34507,34.82313],[-106.34478,34.82373],[-106.34422,34.82616],[-106.34536,34.82642],[-106.3458,34.82673],[-106.34619,34.82674],[-106.34648,34.82719],[-106.34652,34.82809],[-106.34601,34.82843],[-106.34499,34.82809],[-106.34471,34.82707],[-106.34459,34.82684],[-106.34435,34.82687],[-106.34433,34.8278],[-106.34414,34.82812],[-106.3445,34.82859],[-106.34503,34.82891],[-106.34497,34.8297],[-106.34526,34.82995],[-106.34489,34.8314],[-106.34409,34.83207],[-106.34338,34.83219],[-106.34292,34.83172],[-106.34323,34.83091],[-106.34314,34.83054],[-106.3429,34.83043],[-106.342,34.83127],[-106.34194,34.83175],[-106.34207,34.83209],[-106.34165,34.83217],[-106.34204,34.83274],[-106.34201,34.83291],[-106.34254,34.8331],[-106.34293,34.83448],[-106.34241,34.83512],[-106.34143,34.83564],[-106.34132,34.83596],[-106.34153,34.83621],[-106.34318,34.8367],[-106.34365,34.83651],[-106.3437,34.83748],[-106.34302,34.83799],[-106.34248,34.83867],[-106.34299,34.83894],[-106.34291,34.83938],[-106.34267,34.84004],[-106.34152,34.84158],[-106.34255,34.8427],[-106.34152,34.84333],[-106.34131,34.84418],[-106.34153,34.84564],[-106.34178,34.84595],[-106.34131,34.84638],[-106.34096,34.8464],[-106.34076,34.8481],[-106.3406,34.84845],[-106.33951,34.8496],[-106.33931,34.85109],[-106.33873,34.8518],[-106.33845,34.85272],[-106.33794,34.85317],[-106.33609,34.85347],[-106.33416,34.85323],[-106.33376,34.8536],[-106.33264,34.85413],[-106.33181,34.854],[-106.33073,34.85436],[-106.33124,34.8546],[-106.33132,34.85526],[-106.33081,34.85554],[-106.33074,34.85609],[-106.3301,34.85662],[-106.32835,34.85736],[-106.32792,34.85844],[-106.32746,34.85905],[-106.32715,34.85999],[-106.32578,34.86103],[-106.32579,34.86172],[-106.32458,34.86324],[-106.32275,34.86311],[-106.32229,34.86314],[-106.32211,34.86329],[-106.32087,34.86296],[-106.32009,34.86297],[-106.31954,34.86322],[-106.31945,34.86349],[-106.31957,34.86368],[-106.32103,34.86401],[-106.32185,34.86482],[-106.32251,34.86506],[-106.32267,34.86553],[-106.32246,34.86556],[-106.3225,34.86587],[-106.32195,34.86634],[-106.3219,34.8667],[-106.32223,34.86684],[-106.32225,34.86699],[-106.32204,34.86693],[-106.32206,34.86724],[-106.32179,34.86738],[-106.32157,34.86731],[-106.3212,34.86771],[-106.32159,34.86782],[-106.32143,34.8682],[-106.32111,34.86831],[-106.32112,34.86905],[-106.32069,34.86962],[-106.32074,34.86998],[-106.32013,34.87005],[-106.32031,34.87045],[-106.31999,34.87064],[-106.31995,34.871],[-106.31946,34.87107],[-106.31927,34.87134],[-106.31873,34.87128],[-106.31855,34.87145],[-106.31848,34.87211],[-106.31862,34.87219],[-106.31872,34.87285],[-106.31801,34.87332],[-106.31803,34.87366],[-106.31781,34.87403],[-106.31746,34.87407],[-106.31716,34.87391],[-106.31682,34.8741],[-106.3165,34.87407],[-106.31544,34.87486],[-106.31561,34.87539],[-106.31615,34.87573],[-106.31599,34.87623],[-106.31561,34.87636],[-106.3158,34.87691],[-106.31519,34.87748],[-106.31408,34.87769],[-106.31329,34.87905],[-106.3131,34.88011],[-106.31267,34.88063],[-106.31238,34.88141],[-106.31132,34.88169],[-106.30971,34.88245],[-106.30823,34.88272],[-106.30735,34.88389],[-106.30672,34.88377],[-106.30547,34.88439],[-106.30529,34.88475],[-106.30564,34.88504],[-106.30565,34.88561],[-106.30501,34.88644],[-106.30471,34.88657],[-106.30475,34.88678],[-106.30355,34.88853],[-106.3021,34.88914],[-106.30165,34.88966],[-106.30118,34.89048],[-106.30112,34.89104],[-106.3008,34.89173],[-106.29978,34.89311],[-106.29902,34.89348],[-106.29615,34.89378],[-106.29581,34.89401],[-106.29558,34.89453],[-106.29603,34.89681],[-106.29559,34.89745],[-106.2949,34.89797],[-106.2948,34.89837],[-106.29349,34.89876],[-106.29235,34.8994],[-106.2883,34.9005],[-106.28831,34.90082],[-106.28734,34.90111],[-106.28724,34.90146],[-106.28627,34.90144],[-106.28627,34.90175],[-106.28428,34.90321],[-106.28404,34.90364],[-106.28391,34.90352],[-106.28084,34.90385],[-106.28019,34.90361],[-106.28016,34.90389],[-106.27942,34.90407],[-106.27902,34.90379],[-106.27883,34.90392],[-106.27863,34.90368],[-106.27787,34.90339],[-106.27684,34.90338],[-106.27679,34.90326],[-106.27729,34.90269],[-106.27718,34.90242],[-106.27575,34.90209],[-106.2754,34.90213],[-106.27615,34.90309],[-106.27556,34.90324],[-106.27552,34.90339],[-106.27517,34.90327],[-106.27491,34.90352],[-106.27417,34.90323],[-106.27372,34.90274],[-106.27382,34.90261],[-106.27352,34.90212],[-106.27332,34.90206],[-106.27308,34.90238],[-106.2734,34.90283],[-106.27334,34.90344],[-106.27269,34.90424],[-106.27207,34.90437],[-106.27098,34.90398],[-106.27108,34.90366],[-106.27087,34.90326],[-106.27086,34.90266],[-106.27043,34.90221]]],[[[-106.26791,34.80853],[-106.26788,34.80796],[-106.26822,34.80798],[-106.26837,34.80817],[-106.26869,34.80734],[-106.26811,34.80657],[-106.26723,34.80599],[-106.26706,34.80571],[-106.26732,34.8053],[-106.26799,34.80488],[-106.2682,34.80492],[-106.26819,34.80512],[-106.26797,34.80524],[-106.26788,34.80558],[-106.26853,34.80618],[-106.26901,34.80628],[-106.26901,34.8069],[-106.2697,34.80752],[-106.26951,34.80868],[-106.26911,34.80942],[-106.26915,34.80985],[-106.26879,34.81008],[-106.26841,34.81065],[-106.26824,34.81072],[-106.26809,34.81054],[-106.26821,34.80903],[-106.26791,34.80853]]],[[[-106.25195,34.82137],[-106.251,34.82121],[-106.2507,34.82086],[-106.25066,34.82],[-106.25181,34.81973],[-106.25324,34.82033],[-106.25344,34.82059],[-106.25327,34.82074],[-106.25239,34.82134],[-106.25195,34.82137]]],[[[-106.23506,34.83661],[-106.23431,34.83615],[-106.23419,34.83583],[-106.23543,34.83565],[-106.23571,34.83535],[-106.23641,34.83565],[-106.23622,34.83611],[-106.23648,34.83632],[-106.23646,34.83652],[-106.23614,34.83663],[-106.23575,34.83653],[-106.23593,34.83679],[-106.23547,34.83684],[-106.23506,34.83661]]],[[[-106.27011,34.80689],[-106.27032,34.80674],[-106.27073,34.80719],[-106.27157,34.80761],[-106.27166,34.80792],[-106.27155,34.80828],[-106.27095,34.80864],[-106.27045,34.80777],[-106.27016,34.80765],[-106.27011,34.80689]]],[[[-106.32677,34.81089],[-106.32704,34.81063],[-106.32729,34.81082],[-106.32779,34.81179],[-106.32762,34.81197],[-106.32703,34.81194],[-106.32671,34.81169],[-106.32677,34.81089]]],[[[-106.26684,34.80676],[-106.26675,34.80642],[-106.26719,34.80649],[-106.26769,34.80696],[-106.26746,34.80708],[-106.26684,34.80676]]],[[[-106.33385,34.81313],[-106.33402,34.81296],[-106.3344,34.81298],[-106.33444,34.81338],[-106.33385,34.81341],[-106.33385,34.81313]]],[[[-106.24934,34.82827],[-106.24906,34.82819],[-106.24942,34.82806],[-106.24994,34.8281],[-106.24974,34.82844],[-106.24934,34.82827]]],[[[-106.27976,34.80135],[-106.28022,34.80143],[-106.28037,34.80172],[-106.27979,34.8016],[-106.27976,34.80135]]]]},"properties":{"incidentname":"Dog Head","perimeterdatetime":1466627040000,"gisacres":17910.85,"state":"NM"}},{"type":"Feature","geometry":{"type":"MultiPolygon","coordinates":[[[[-106.27043,34.90221],[-106.26971,34.90152],[-106.26926,34.90145],[-106.26951,34.90109],[-106.26994,34.90097],[-106.26978,34.9007],[-106.2687,34.90008],[-106.26801,34.90043],[-106.26759,34.90029],[-106.26751,34.89989],[-106.26724,34.89986],[-106.26734,34.90015],[-106.26704,34.90061],[-106.26672,34.90036],[-106.26647,34.90001],[-106.26682,34.89984],[-106.2674,34.89912],[-106.26708,34.89906],[-106.26636,34.89961],[-106.26584,34.89968],[-106.26563,34.89965],[-106.26539,34.89926],[-106.26497,34.89972],[-106.2645,34.89984],[-106.26378,34.89954],[-106.26256,34.89941],[-106.26213,34.89973],[-106.26035,34.89898],[-106.2591,34.89883],[-106.25919,34.89858],[-106.2595,34.89852],[-106.25947,34.8983],[-106.26008,34.89822],[-106.25978,34.89763],[-106.25865,34.89709],[-106.25812,34.89707],[-106.256,34.8964],[-106.25547,34.89567],[-106.2557,34.89545],[-106.25468,34.89539],[-106.25187,34.89358],[-106.2518,34.8928],[-106.25218,34.89255],[-106.25365,34.89232],[-106.25547,34.89233],[-106.25601,34.89297],[-106.25629,34.89294],[-106.25614,34.89261],[-106.2564,34.89244],[-106.2584,34.89208],[-106.25923,34.89148],[-106.25901,34.89098],[-106.25849,34.89084],[-106.25868,34.89055],[-106.2579,34.89016],[-106.25744,34.89016],[-106.25646,34.89058],[-106.25562,34.89054],[-106.25582,34.89025],[-106.25718,34.88993],[-106.25757,34.88949],[-106.25865,34.89001],[-106.25944,34.89007],[-106.26108,34.8897],[-106.26102,34.88951],[-106.25945,34.88931],[-106.2593,34.889],[-106.25857,34.88864],[-106.25857,34.88818],[-106.25691,34.88776],[-106.25659,34.88752],[-106.25615,34.88753],[-106.25593,34.88789],[-106.25526,34.88778],[-106.25494,34.88744],[-106.25439,34.88759],[-106.25411,34.88816],[-106.25289,34.88876],[-106.25179,34.88969],[-106.25135,34.89044],[-106.2495,34.8922],[-106.24677,34.89299],[-106.24607,34.89283],[-106.24579,34.89307],[-106.24527,34.8932],[-106.24506,34.8927],[-106.24368,34.89154],[-106.24356,34.89131],[-106.24367,34.89116],[-106.24312,34.89076],[-106.24243,34.8911],[-106.2413,34.89121],[-106.23975,34.89037],[-106.23846,34.88933],[-106.23834,34.88905],[-106.23848,34.88883],[-106.2411,34.88935],[-106.24249,34.88941],[-106.24286,34.88917],[-106.24286,34.88886],[-106.24233,34.8885],[-106.24259,34.88841],[-106.24323,34.88857],[-106.24311,34.88823],[-106.24133,34.88756],[-106.24109,34.88723],[-106.24197,34.88607],[-106.24247,34.8864],[-106.24397,34.8857],[-106.24455,34.88576],[-106.24472,34.88595],[-106.24521,34.88556],[-106.24553,34.88559],[-106.24588,34.88599],[-106.24605,34.88577],[-106.24596,34.88537],[-106.24688,34.88476],[-106.24783,34.88454],[-106.2494,34.88476],[-106.24982,34.88406],[-106.25031,34.88399],[-106.2506,34.88377],[-106.25076,34.88319],[-106.25148,34.88273],[-106.25217,34.88268],[-106.25248,34.88282],[-106.25358,34.88249],[-106.25494,34.88244],[-106.25501,34.88265],[-106.25547,34.88283],[-106.25725,34.8831],[-106.25826,34.88302],[-106.25834,34.88281],[-106.25788,34.88267],[-106.25766,34.88191],[-106.25768,34.88152],[-106.25811,34.88066],[-106.25804,34.88045],[-106.25676,34.87984],[-106.25658,34.87913],[-106.25613,34.87863],[-106.25642,34.87832],[-106.2574,34.87788],[-106.25896,34.8781],[-106.25959,34.87754],[-106.26003,34.87759],[-106.25952,34.87852],[-106.26004,34.87873],[-106.26051,34.87877],[-106.26169,34.87848],[-106.26361,34.87872],[-106.26486,34.87911],[-106.2653,34.87956],[-106.26567,34.8796],[-106.2659,34.87943],[-106.26601,34.87893],[-106.26574,34.87822],[-106.26658,34.87821],[-106.26678,34.87792],[-106.26631,34.87728],[-106.26629,34.87676],[-106.26545,34.87697],[-106.2653,34.87668],[-106.26479,34.87658],[-106.26418,34.87673],[-106.26348,34.87626],[-106.26227,34.87628],[-106.26168,34.87609],[-106.26114,34.87628],[-106.2603,34.8761],[-106.25976,34.87575],[-106.25944,34.87514],[-106.25892,34.87469],[-106.25835,34.87483],[-106.25822,34.87464],[-106.25859,34.87452],[-106.25876,34.87392],[-106.25903,34.87393],[-106.25939,34.8736],[-106.26004,34.87378],[-106.26011,34.87353],[-106.26046,34.87357],[-106.26058,34.87386],[-106.26117,34.8741],[-106.26125,34.87444],[-106.26087,34.87491],[-106.26019,34.87489],[-106.26072,34.87546],[-106.26146,34.87524],[-106.26309,34.87537],[-106.26361,34.87501],[-106.26523,34.87555],[-106.26606,34.87542],[-106.26738,34.87584],[-106.2677,34.87584],[-106.26801,34.87507],[-106.2676,34.87336],[-106.26815,34.8733],[-106.26898,34.87418],[-106.26941,34.87403],[-106.26941,34.87385],[-106.2699,34.87395],[-106.27014,34.87428],[-106.27077,34.87385],[-106.27181,34.87417],[-106.27214,34.87453],[-106.27246,34.87459],[-106.27329,34.87418],[-106.27367,34.87437],[-106.27376,34.87458],[-106.27407,34.87412],[-106.27571,34.87356],[-106.27836,34.87413],[-106.27937,34.87412],[-106.28087,34.8737],[-106.28139,34.87393],[-106.28192,34.87457],[-106.2823,34.87466],[-106.28328,34.87427],[-106.28336,34.87405],[-106.28397,34.87397],[-106.28399,34.87366],[-106.28324,34.87331],[-106.28332,34.87286],[-106.28236,34.8728],[-106.28239,34.87258],[-106.28218,34.87239],[-106.28146,34.87242],[-106.28096,34.87221],[-106.2809,34.87174],[-106.28057,34.87138],[-106.27994,34.87141],[-106.27969,34.87082],[-106.27777,34.87163],[-106.27699,34.8718],[-106.27589,34.87177],[-106.27483,34.87099],[-106.27403,34.87114],[-106.27402,34.87093],[-106.27376,34.87076],[-106.27387,34.87017],[-106.27352,34.87005],[-106.27345,34.86976],[-106.27252,34.86932],[-106.27052,34.8692],[-106.2696,34.86935],[-106.26914,34.86959],[-106.26851,34.8695],[-106.26627,34.87124],[-106.26572,34.87127],[-106.26492,34.87195],[-106.26429,34.87224],[-106.26369,34.87294],[-106.26275,34.87176],[-106.26262,34.87131],[-106.26244,34.87139],[-106.26218,34.87119],[-106.262,34.87173],[-106.26159,34.87193],[-106.26078,34.87179],[-106.25954,34.872],[-106.26003,34.87244],[-106.25808,34.87324],[-106.25635,34.87303],[-106.25749,34.87255],[-106.25795,34.87219],[-106.25754,34.8721],[-106.25751,34.8717],[-106.25828,34.87124],[-106.259,34.87108],[-106.25894,34.87066],[-106.25862,34.87047],[-106.25645,34.87056],[-106.25598,34.87038],[-106.25635,34.87013],[-106.256,34.86987],[-106.25469,34.86936],[-106.25492,34.86912],[-106.25584,34.86907],[-106.25584,34.86878],[-106.25549,34.86866],[-106.25531,34.86828],[-106.25601,34.86821],[-106.256,34.86801],[-106.2551,34.86786],[-106.25504,34.86757],[-106.25623,34.86751],[-106.25512,34.86716],[-106.2547,34.86617],[-106.25522,34.86638],[-106.2554,34.86671],[-106.25595,34.86677],[-106.25602,34.86657],[-106.25577,34.86633],[-106.25618,34.86623],[-106.25629,34.86601],[-106.25757,34.86638],[-106.25884,34.86593],[-106.25892,34.86565],[-106.26042,34.86565],[-106.2608,34.86551],[-106.26082,34.86486],[-106.26001,34.8648],[-106.26,34.86458],[-106.26133,34.86452],[-106.26297,34.86343],[-106.2635,34.86245],[-106.26318,34.86207],[-106.26251,34.86208],[-106.26122,34.8625],[-106.26041,34.86258],[-106.25968,34.86239],[-106.25987,34.86216],[-106.25965,34.86175],[-106.25938,34.8617],[-106.25935,34.86148],[-106.25961,34.86117],[-106.26006,34.8611],[-106.26048,34.86143],[-106.26045,34.862],[-106.2606,34.86224],[-106.26098,34.86209],[-106.26141,34.86138],[-106.26137,34.86104],[-106.26122,34.86085],[-106.25931,34.8607],[-106.25858,34.86042],[-106.25791,34.86062],[-106.25722,34.86046],[-106.25739,34.86019],[-106.25841,34.8597],[-106.25802,34.8594],[-106.25826,34.85873],[-106.25762,34.8581],[-106.25623,34.85804],[-106.25588,34.85825],[-106.25553,34.85821],[-106.25542,34.85804],[-106.25555,34.85759],[-106.25514,34.85724],[-106.25462,34.85696],[-106.25418,34.85687],[-106.25384,34.85699],[-106.25349,34.85685],[-106.2534,34.85657],[-106.25411,34.8562],[-106.25378,34.856],[-106.25305,34.85633],[-106.25066,34.856],[-106.25029,34.85616],[-106.24924,34.8561],[-106.24908,34.85619],[-106.24896,34.85743],[-106.24866,34.85776],[-106.2482,34.85786],[-106.24773,34.85759],[-106.24714,34.85801],[-106.24635,34.85778],[-106.24577,34.85738],[-106.24566,34.85696],[-106.24494,34.85643],[-106.24507,34.85629],[-106.24499,34.8561],[-106.24386,34.8559],[-106.24289,34.85595],[-106.24268,34.85625],[-106.24164,34.85616],[-106.24122,34.85702],[-106.24149,34.85754],[-106.24135,34.85819],[-106.24019,34.85798],[-106.24005,34.85818],[-106.2402,34.85846],[-106.24045,34.8586],[-106.24119,34.85854],[-106.24226,34.85892],[-106.2433,34.85955],[-106.2439,34.85964],[-106.244,34.86009],[-106.24383,34.86114],[-106.24513,34.86191],[-106.24688,34.8621],[-106.24732,34.86239],[-106.24731,34.86277],[-106.24665,34.86307],[-106.24622,34.86307],[-106.2459,34.86384],[-106.24521,34.86288],[-106.24463,34.86269],[-106.24418,34.8622],[-106.24333,34.86243],[-106.24178,34.86162],[-106.2414,34.86155],[-106.24079,34.86169],[-106.23833,34.86084],[-106.23701,34.85983],[-106.23639,34.85965],[-106.23571,34.85975],[-106.23512,34.86005],[-106.23326,34.85922],[-106.23227,34.85903],[-106.23305,34.8575],[-106.23245,34.85747],[-106.23218,34.8572],[-106.2312,34.85708],[-106.23,34.85656],[-106.2301,34.85547],[-106.23082,34.85517],[-106.23131,34.85524],[-106.23126,34.85455],[-106.23215,34.85473],[-106.23346,34.85366],[-106.23387,34.85379],[-106.23408,34.85406],[-106.2332,34.85433],[-106.23293,34.85468],[-106.233,34.85484],[-106.23362,34.85475],[-106.2345,34.85421],[-106.23465,34.85389],[-106.23629,34.85405],[-106.23678,34.85389],[-106.23746,34.85422],[-106.23761,34.8545],[-106.23717,34.85486],[-106.23746,34.855],[-106.23804,34.85495],[-106.23858,34.85469],[-106.23853,34.8543],[-106.23792,34.8539],[-106.23802,34.85368],[-106.23879,34.85398],[-106.23898,34.85428],[-106.23882,34.85501],[-106.23898,34.85522],[-106.23926,34.85472],[-106.24011,34.8545],[-106.23843,34.85338],[-106.23853,34.85292],[-106.24147,34.85189],[-106.24172,34.85128],[-106.24219,34.85089],[-106.2442,34.85115],[-106.24501,34.8517],[-106.24527,34.85162],[-106.24557,34.85089],[-106.24589,34.85097],[-106.24614,34.85128],[-106.24644,34.85137],[-106.24659,34.85181],[-106.24698,34.8521],[-106.24834,34.85254],[-106.24831,34.85306],[-106.24871,34.85344],[-106.24862,34.85375],[-106.24932,34.85478],[-106.24951,34.85478],[-106.24897,34.85341],[-106.24909,34.85263],[-106.25019,34.85219],[-106.25051,34.85226],[-106.25088,34.85264],[-106.25106,34.85226],[-106.25217,34.85225],[-106.25217,34.85183],[-106.25045,34.85118],[-106.25039,34.85075],[-106.25009,34.85056],[-106.24935,34.85058],[-106.24882,34.85039],[-106.24872,34.8505],[-106.2487,34.85003],[-106.24806,34.84994],[-106.2475,34.84966],[-106.24667,34.848],[-106.24689,34.8473],[-106.24737,34.84713],[-106.24754,34.84689],[-106.24723,34.84636],[-106.24667,34.84629],[-106.24681,34.84593],[-106.24731,34.84576],[-106.24795,34.84578],[-106.2483,34.84609],[-106.25035,34.8467],[-106.25087,34.84714],[-106.2559,34.84819],[-106.25877,34.8483],[-106.26088,34.84971],[-106.26087,34.85117],[-106.26254,34.85258],[-106.2637,34.85267],[-106.2643,34.85235],[-106.26433,34.85204],[-106.26336,34.85152],[-106.26296,34.84967],[-106.26219,34.84858],[-106.26093,34.84757],[-106.25884,34.84549],[-106.25921,34.84493],[-106.2614,34.84448],[-106.26208,34.84491],[-106.26399,34.8451],[-106.26443,34.84533],[-106.26466,34.84578],[-106.26516,34.84611],[-106.26583,34.84604],[-106.26586,34.84463],[-106.26469,34.84385],[-106.26437,34.84328],[-106.26323,34.84282],[-106.26181,34.8429],[-106.25853,34.84237],[-106.25864,34.84196],[-106.25733,34.84123],[-106.2568,34.84076],[-106.25683,34.84057],[-106.25793,34.84053],[-106.25846,34.84096],[-106.25904,34.84107],[-106.25934,34.84026],[-106.25878,34.83926],[-106.25852,34.83929],[-106.25829,34.83981],[-106.25807,34.83988],[-106.25793,34.84015],[-106.25712,34.84005],[-106.25663,34.83974],[-106.25632,34.8398],[-106.25557,34.83955],[-106.2544,34.84048],[-106.25281,34.84052],[-106.25217,34.84026],[-106.25128,34.83922],[-106.25189,34.83919],[-106.25185,34.83883],[-106.25208,34.83859],[-106.25332,34.83789],[-106.25351,34.83748],[-106.25403,34.83704],[-106.25333,34.83691],[-106.25238,34.8372],[-106.25139,34.83652],[-106.25032,34.83658],[-106.25014,34.83622],[-106.24973,34.83613],[-106.2491,34.83628],[-106.24666,34.83612],[-106.24611,34.83549],[-106.2459,34.83568],[-106.24505,34.83569],[-106.24432,34.83516],[-106.24098,34.83448],[-106.24025,34.83417],[-106.24008,34.83398],[-106.24008,34.83363],[-106.23986,34.8337],[-106.23908,34.83484],[-106.23883,34.8349],[-106.23912,34.83501],[-106.23959,34.8349],[-106.23968,34.83519],[-106.23941,34.83564],[-106.23836,34.83566],[-106.23836,34.83592],[-106.23855,34.83607],[-106.2385,34.8365],[-106.23824,34.83653],[-106.23753,34.83607],[-106.23756,34.83588],[-106.23698,34.83546],[-106.23713,34.8352],[-106.23749,34.83506],[-106.23632,34.83486],[-106.23635,34.83466],[-106.23838,34.83431],[-106.23615,34.83419],[-106.23567,34.83409],[-106.23468,34.83353],[-106.23493,34.83327],[-106.23525,34.83322],[-106.23647,34.83341],[-106.23714,34.83375],[-106.2379,34.8339],[-106.23878,34.83386],[-106.23848,34.83334],[-106.23768,34.83302],[-106.23816,34.83208],[-106.23805,34.83182],[-106.23781,34.83173],[-106.237,34.83192],[-106.23638,34.83161],[-106.2362,34.83202],[-106.23637,34.83255],[-106.23595,34.83273],[-106.23538,34.83255],[-106.23541,34.83216],[-106.23568,34.83203],[-106.2351,34.83165],[-106.23561,34.83122],[-106.23786,34.83124],[-106.23843,34.83142],[-106.23878,34.83123],[-106.24026,34.83102],[-106.24278,34.83119],[-106.24296,34.83106],[-106.24277,34.83052],[-106.24327,34.83033],[-106.24447,34.83039],[-106.24445,34.83003],[-106.24526,34.82977],[-106.2454,34.82955],[-106.24444,34.82944],[-106.24436,34.82927],[-106.24535,34.8287],[-106.24532,34.82843],[-106.24494,34.82839],[-106.2444,34.82871],[-106.2436,34.82883],[-106.24385,34.82918],[-106.24361,34.82972],[-106.24242,34.82959],[-106.24234,34.8299],[-106.24192,34.82998],[-106.24101,34.8293],[-106.24075,34.82931],[-106.24,34.82987],[-106.23963,34.82991],[-106.23809,34.82949],[-106.23604,34.82951],[-106.23617,34.82935],[-106.23346,34.82907],[-106.23211,34.82852],[-106.23088,34.82723],[-106.22912,34.82685],[-106.2282,34.82554],[-106.22752,34.82592],[-106.22683,34.82569],[-106.2264,34.82526],[-106.22493,34.82469],[-106.22494,34.82426],[-106.22695,34.82357],[-106.22857,34.8234],[-106.22906,34.82349],[-106.23156,34.82304],[-106.23645,34.82471],[-106.23659,34.82529],[-106.23743,34.82586],[-106.23906,34.82614],[-106.23971,34.82642],[-106.24004,34.82683],[-106.24069,34.82681],[-106.24093,34.82521],[-106.24305,34.82496],[-106.2431,34.8258],[-106.24361,34.82566],[-106.24399,34.82595],[-106.2443,34.82653],[-106.24472,34.82682],[-106.24563,34.82692],[-106.24624,34.82667],[-106.24645,34.82699],[-106.24692,34.82701],[-106.24717,34.82746],[-106.24825,34.82806],[-106.24842,34.82827],[-106.24788,34.82926],[-106.24839,34.83006],[-106.24893,34.83029],[-106.24978,34.82993],[-106.24954,34.82899],[-106.25025,34.82864],[-106.254,34.82979],[-106.25586,34.82994],[-106.25594,34.8298],[-106.25536,34.82937],[-106.25426,34.82945],[-106.25367,34.8287],[-106.25351,34.82794],[-106.25308,34.8278],[-106.25227,34.82776],[-106.25178,34.82798],[-106.25022,34.82812],[-106.25027,34.82778],[-106.24972,34.82767],[-106.24992,34.8274],[-106.25051,34.82747],[-106.25075,34.82715],[-106.25055,34.82636],[-106.25188,34.82629],[-106.25207,34.82602],[-106.25262,34.82625],[-106.25418,34.82623],[-106.25555,34.8257],[-106.25556,34.82554],[-106.25602,34.82555],[-106.25667,34.82614],[-106.25684,34.82609],[-106.25684,34.82575],[-106.25804,34.82507],[-106.25866,34.82554],[-106.25932,34.82547],[-106.26068,34.82509],[-106.26103,34.82471],[-106.26145,34.82487],[-106.26206,34.82479],[-106.26272,34.82457],[-106.26292,34.82436],[-106.26291,34.82395],[-106.26248,34.82391],[-106.26179,34.8242],[-106.2595,34.82413],[-106.25565,34.82433],[-106.25547,34.82422],[-106.25556,34.82404],[-106.25542,34.82391],[-106.25564,34.82352],[-106.25558,34.82321],[-106.2552,34.82312],[-106.25492,34.82348],[-106.25446,34.82356],[-106.25416,34.82323],[-106.25433,34.82261],[-106.25386,34.82216],[-106.25423,34.82204],[-106.25432,34.82172],[-106.2547,34.8214],[-106.2557,34.82132],[-106.25575,34.82116],[-106.25639,34.82127],[-106.25649,34.82159],[-106.25675,34.8217],[-106.25708,34.8217],[-106.25727,34.8214],[-106.25768,34.82131],[-106.25836,34.82152],[-106.25888,34.82054],[-106.25975,34.82067],[-106.25987,34.82089],[-106.25979,34.8211],[-106.25943,34.82127],[-106.25989,34.82124],[-106.25974,34.8216],[-106.25998,34.82174],[-106.26071,34.82166],[-106.26433,34.82212],[-106.26499,34.82161],[-106.26461,34.82131],[-106.26489,34.82097],[-106.26556,34.82074],[-106.26618,34.82015],[-106.26595,34.81989],[-106.26444,34.81975],[-106.26458,34.81957],[-106.26457,34.81907],[-106.26509,34.8188],[-106.265,34.81842],[-106.26435,34.81785],[-106.26361,34.81815],[-106.26302,34.81796],[-106.26429,34.81726],[-106.26501,34.81746],[-106.26521,34.81736],[-106.26538,34.81701],[-106.26514,34.81644],[-106.26482,34.8163],[-106.2641,34.81633],[-106.26397,34.81566],[-106.26286,34.81503],[-106.26106,34.81464],[-106.25974,34.8148],[-106.25958,34.81406],[-106.25859,34.81393],[-106.25824,34.81372],[-106.25791,34.81296],[-106.25716,34.81265],[-106.25593,34.81171],[-106.25508,34.81131],[-106.25496,34.81101],[-106.25447,34.81068],[-106.25302,34.80885],[-106.25235,34.80836],[-106.25171,34.8082],[-106.25029,34.80744],[-106.24977,34.80764],[-106.24814,34.80717],[-106.24626,34.80726],[-106.24542,34.80666],[-106.24538,34.80642],[-106.24587,34.80625],[-106.24596,34.80607],[-106.24573,34.80563],[-106.24333,34.80497],[-106.24302,34.80462],[-106.24313,34.80449],[-106.24409,34.80464],[-106.24475,34.80505],[-106.246,34.80462],[-106.2463,34.80477],[-106.24657,34.80519],[-106.24691,34.80511],[-106.24724,34.80465],[-106.2488,34.80573],[-106.24952,34.80573],[-106.24973,34.80558],[-106.24909,34.80513],[-106.24891,34.80489],[-106.24905,34.80474],[-106.24949,34.80479],[-106.24979,34.80516],[-106.25132,34.80544],[-106.25205,34.80583],[-106.25303,34.80559],[-106.25374,34.80579],[-106.25346,34.80545],[-106.25268,34.80535],[-106.25259,34.80462],[-106.25193,34.8046],[-106.25146,34.80434],[-106.25173,34.80376],[-106.25226,34.8036],[-106.25223,34.80332],[-106.25245,34.80316],[-106.25313,34.80316],[-106.25337,34.80345],[-106.25382,34.80336],[-106.25404,34.80376],[-106.25434,34.80391],[-106.25527,34.80385],[-106.25579,34.80417],[-106.2561,34.80505],[-106.25595,34.8052],[-106.25443,34.80532],[-106.25414,34.80579],[-106.255,34.80554],[-106.25676,34.80583],[-106.25761,34.80659],[-106.2576,34.80745],[-106.25818,34.80787],[-106.25859,34.80765],[-106.25908,34.80767],[-106.25964,34.80824],[-106.25965,34.80846],[-106.26046,34.80914],[-106.26167,34.80908],[-106.26171,34.80931],[-106.26131,34.80951],[-106.26145,34.80972],[-106.2625,34.81028],[-106.26484,34.81207],[-106.26563,34.81215],[-106.26673,34.8129],[-106.26738,34.81299],[-106.26842,34.81269],[-106.26879,34.81234],[-106.26919,34.81121],[-106.26914,34.81074],[-106.27024,34.80954],[-106.27082,34.8092],[-106.27137,34.80911],[-106.27264,34.80937],[-106.27483,34.81037],[-106.27492,34.81082],[-106.27544,34.81108],[-106.2766,34.81126],[-106.27724,34.81151],[-106.27836,34.81234],[-106.27879,34.81231],[-106.27923,34.81118],[-106.27913,34.81004],[-106.27823,34.80955],[-106.27778,34.80888],[-106.27757,34.80831],[-106.2768,34.80739],[-106.27674,34.80701],[-106.27706,34.80693],[-106.27779,34.80743],[-106.27935,34.8077],[-106.28,34.80819],[-106.28038,34.80878],[-106.2802,34.81031],[-106.28031,34.81122],[-106.28068,34.81124],[-106.28088,34.81078],[-106.28067,34.81021],[-106.28069,34.80974],[-106.28094,34.8093],[-106.28251,34.80943],[-106.28243,34.80932],[-106.28276,34.80924],[-106.2832,34.80949],[-106.28398,34.80949],[-106.28502,34.80905],[-106.28556,34.80899],[-106.28624,34.80972],[-106.28659,34.80989],[-106.2885,34.80987],[-106.28998,34.80931],[-106.29015,34.80905],[-106.28977,34.80871],[-106.28849,34.80895],[-106.28677,34.80872],[-106.28654,34.80848],[-106.28668,34.80831],[-106.28596,34.80808],[-106.28595,34.80772],[-106.28654,34.80672],[-106.28628,34.80646],[-106.2852,34.80597],[-106.28448,34.806],[-106.2843,34.80569],[-106.28432,34.80533],[-106.28333,34.80467],[-106.28303,34.80425],[-106.2816,34.80324],[-106.2807,34.80308],[-106.28139,34.8018],[-106.28121,34.80121],[-106.28133,34.801],[-106.27975,34.80015],[-106.27909,34.79951],[-106.27916,34.79871],[-106.27997,34.79886],[-106.28111,34.79953],[-106.2818,34.79925],[-106.28227,34.7996],[-106.28227,34.79994],[-106.28274,34.80051],[-106.28341,34.80093],[-106.28387,34.80042],[-106.28416,34.80037],[-106.28512,34.80103],[-106.28525,34.80184],[-106.28577,34.80167],[-106.28668,34.80235],[-106.28784,34.80245],[-106.28864,34.80194],[-106.29004,34.80141],[-106.2902,34.80101],[-106.29055,34.80106],[-106.29058,34.80175],[-106.2913,34.80192],[-106.29133,34.8024],[-106.29158,34.80243],[-106.29183,34.80216],[-106.2922,34.80206],[-106.29285,34.80215],[-106.29332,34.80253],[-106.29413,34.80269],[-106.29417,34.80231],[-106.29271,34.80168],[-106.29298,34.8014],[-106.29337,34.80142],[-106.29468,34.80204],[-106.29582,34.80225],[-106.29647,34.80295],[-106.299,34.80443],[-106.29925,34.80486],[-106.2999,34.80457],[-106.3003,34.80459],[-106.30072,34.80492],[-106.29994,34.80347],[-106.29993,34.80311],[-106.29912,34.80276],[-106.29897,34.80246],[-106.29839,34.80208],[-106.29691,34.80186],[-106.29696,34.80159],[-106.29756,34.80133],[-106.29872,34.80122],[-106.30046,34.80149],[-106.30163,34.80217],[-106.3024,34.80224],[-106.3031,34.80205],[-106.3038,34.80318],[-106.30463,34.80359],[-106.30535,34.80368],[-106.30591,34.80417],[-106.30678,34.80438],[-106.30783,34.80513],[-106.30868,34.80543],[-106.30971,34.80643],[-106.31039,34.80635],[-106.31074,34.80651],[-106.31078,34.80685],[-106.31041,34.80717],[-106.31088,34.80748],[-106.31144,34.8075],[-106.31211,34.80793],[-106.31374,34.80822],[-106.31366,34.80841],[-106.31398,34.8085],[-106.31408,34.80885],[-106.31449,34.80915],[-106.31606,34.80921],[-106.31655,34.80951],[-106.31728,34.81033],[-106.3167,34.81103],[-106.31647,34.81189],[-106.31662,34.81243],[-106.31693,34.81248],[-106.31721,34.81219],[-106.31794,34.8123],[-106.31891,34.81209],[-106.31862,34.81149],[-106.31876,34.81132],[-106.32001,34.81139],[-106.32063,34.8115],[-106.32099,34.81184],[-106.322,34.81214],[-106.32235,34.81251],[-106.32343,34.81276],[-106.32368,34.81295],[-106.32375,34.81338],[-106.32417,34.81369],[-106.32487,34.81366],[-106.32569,34.81328],[-106.32611,34.81327],[-106.32652,34.81292],[-106.32607,34.81261],[-106.32547,34.81248],[-106.32537,34.81233],[-106.32547,34.81205],[-106.32693,34.81226],[-106.32767,34.813],[-106.32812,34.81316],[-106.32833,34.81305],[-106.32814,34.81228],[-106.32845,34.81207],[-106.32882,34.81207],[-106.32867,34.81151],[-106.32878,34.81128],[-106.32927,34.811],[-106.32988,34.8109],[-106.33061,34.81149],[-106.3307,34.81189],[-106.33099,34.81224],[-106.33099,34.81253],[-106.33045,34.81311],[-106.33045,34.81328],[-106.33073,34.81339],[-106.33128,34.81324],[-106.33159,34.81292],[-106.33228,34.8128],[-106.33298,34.81294],[-106.33341,34.81362],[-106.33438,34.81593],[-106.33449,34.81641],[-106.33433,34.81707],[-106.33479,34.81773],[-106.33494,34.81861],[-106.33585,34.81895],[-106.33603,34.81929],[-106.33608,34.82003],[-106.33647,34.8204],[-106.3363,34.821],[-106.33641,34.8214],[-106.33697,34.82134],[-106.33741,34.82079],[-106.33824,34.82038],[-106.33785,34.81998],[-106.3378,34.81947],[-106.33829,34.81926],[-106.33894,34.8186],[-106.3389,34.81846],[-106.33931,34.81826],[-106.3395,34.81888],[-106.34008,34.8189],[-106.34106,34.81775],[-106.34126,34.81796],[-106.34155,34.81794],[-106.34164,34.81775],[-106.34138,34.81768],[-106.34182,34.81744],[-106.34211,34.81701],[-106.34272,34.81671],[-106.34345,34.81697],[-106.34472,34.81673],[-106.34846,34.81543],[-106.34926,34.81557],[-106.34981,34.81546],[-106.34985,34.81487],[-106.35051,34.8148],[-106.35071,34.81446],[-106.35133,34.81431],[-106.35217,34.81442],[-106.35268,34.81398],[-106.3535,34.81405],[-106.35336,34.81331],[-106.35373,34.81285],[-106.35444,34.81258],[-106.35553,34.81247],[-106.35618,34.81221],[-106.35624,34.81186],[-106.35761,34.81182],[-106.35824,34.81127],[-106.3591,34.81111],[-106.35936,34.81116],[-106.35921,34.81148],[-106.35942,34.81148],[-106.36023,34.81072],[-106.36059,34.81074],[-106.3607,34.81046],[-106.36131,34.81031],[-106.36145,34.81006],[-106.36207,34.81],[-106.36244,34.80979],[-106.36333,34.80993],[-106.36349,34.81032],[-106.36362,34.81007],[-106.36426,34.80986],[-106.36563,34.81003],[-106.36601,34.80982],[-106.36684,34.80977],[-106.36716,34.80995],[-106.36765,34.80988],[-106.36845,34.80935],[-106.3699,34.80918],[-106.37062,34.80937],[-106.37091,34.80919],[-106.37085,34.80905],[-106.36997,34.80835],[-106.36979,34.80786],[-106.36995,34.80714],[-106.37019,34.80683],[-106.37064,34.80685],[-106.37132,34.8081],[-106.3728,34.80897],[-106.37284,34.80929],[-106.37329,34.80936],[-106.37359,34.80905],[-106.374,34.80894],[-106.37511,34.80891],[-106.37735,34.80973],[-106.37736,34.81014],[-106.37774,34.81049],[-106.37755,34.81064],[-106.37761,34.81097],[-106.37741,34.81117],[-106.37785,34.81184],[-106.37753,34.81246],[-106.37727,34.81252],[-106.3773,34.81281],[-106.37702,34.81289],[-106.37764,34.81344],[-106.3777,34.8138],[-106.37575,34.81393],[-106.37534,34.81488],[-106.37501,34.81492],[-106.37432,34.81558],[-106.37431,34.81574],[-106.37359,34.81564],[-106.37298,34.81608],[-106.37052,34.81674],[-106.37069,34.8171],[-106.37035,34.81724],[-106.37047,34.81733],[-106.37023,34.81763],[-106.36929,34.81751],[-106.36883,34.81796],[-106.36824,34.8178],[-106.36791,34.81792],[-106.36791,34.81821],[-106.36763,34.81823],[-106.367,34.81871],[-106.36653,34.8193],[-106.3664,34.82029],[-106.36583,34.82024],[-106.36571,34.81963],[-106.3654,34.81962],[-106.36535,34.81919],[-106.36559,34.81882],[-106.36548,34.81851],[-106.36522,34.81838],[-106.36506,34.81882],[-106.36519,34.81982],[-106.3654,34.81996],[-106.3652,34.82025],[-106.36551,34.82054],[-106.36554,34.82077],[-106.3647,34.82174],[-106.3651,34.82213],[-106.36485,34.82209],[-106.3646,34.8224],[-106.36387,34.82261],[-106.36366,34.82289],[-106.36319,34.82301],[-106.36307,34.82284],[-106.3629,34.823],[-106.36224,34.82287],[-106.36206,34.82301],[-106.36137,34.82293],[-106.36076,34.82308],[-106.35988,34.82289],[-106.35963,34.82308],[-106.35933,34.82252],[-106.35903,34.8229],[-106.35855,34.82299],[-106.35842,34.82284],[-106.35812,34.82309],[-106.35441,34.82303],[-106.35438,34.82314],[-106.34964,34.82351],[-106.34836,34.82321],[-106.34797,34.8235],[-106.34726,34.8236],[-106.34715,34.82343],[-106.34755,34.82336],[-106.34742,34.82309],[-106.34757,34.82286],[-106.34808,34.82252],[-106.34885,34.82239],[-106.34856,34.82185],[-106.34806,34.82196],[-106.34796,34.82178],[-106.34754,34.8222],[-106.34656,34.82244],[-106.34618,34.82316],[-106.34573,34.82303],[-106.34507,34.82313],[-106.34478,34.82373],[-106.34422,34.82616],[-106.34536,34.82642],[-106.3458,34.82673],[-106.34619,34.82674],[-106.34648,34.82719],[-106.34652,34.82809],[-106.34601,34.82843],[-106.34499,34.82809],[-106.34471,34.82707],[-106.34459,34.82684],[-106.34435,34.82687],[-106.34433,34.8278],[-106.34414,34.82812],[-106.3445,34.82859],[-106.34503,34.82891],[-106.34497,34.8297],[-106.34526,34.82995],[-106.34489,34.8314],[-106.34409,34.83207],[-106.34338,34.83219],[-106.34292,34.83172],[-106.34323,34.83091],[-106.34314,34.83054],[-106.3429,34.83043],[-106.342,34.83127],[-106.34194,34.83175],[-106.34207,34.83209],[-106.34165,34.83217],[-106.34204,34.83274],[-106.34201,34.83291],[-106.34254,34.8331],[-106.34293,34.83448],[-106.34241,34.83512],[-106.34143,34.83564],[-106.34132,34.83596],[-106.34153,34.83621],[-106.34318,34.8367],[-106.34365,34.83651],[-106.3437,34.83748],[-106.34302,34.83799],[-106.34248,34.83867],[-106.34299,34.83894],[-106.34291,34.83938],[-106.34267,34.84004],[-106.34152,34.84158],[-106.34255,34.8427],[-106.34152,34.84333],[-106.34131,34.84418],[-106.34153,34.84564],[-106.34178,34.84595],[-106.34131,34.84638],[-106.34096,34.8464],[-106.34076,34.8481],[-106.3406,34.84845],[-106.33951,34.8496],[-106.33931,34.85109],[-106.33873,34.8518],[-106.33845,34.85272],[-106.33794,34.85317],[-106.33609,34.85347],[-106.33416,34.85323],[-106.33376,34.8536],[-106.33264,34.85413],[-106.33181,34.854],[-106.33073,34.85436],[-106.33124,34.8546],[-106.33132,34.85526],[-106.33081,34.85554],[-106.33074,34.85609],[-106.3301,34.85662],[-106.32835,34.85736],[-106.32792,34.85844],[-106.32746,34.85905],[-106.32715,34.85999],[-106.32578,34.86103],[-106.32579,34.86172],[-106.32458,34.86324],[-106.32275,34.86311],[-106.32229,34.86314],[-106.32211,34.86329],[-106.32087,34.86296],[-106.32009,34.86297],[-106.31954,34.86322],[-106.31945,34.86349],[-106.31957,34.86368],[-106.32103,34.86401],[-106.32185,34.86482],[-106.32251,34.86506],[-106.32267,34.86553],[-106.32246,34.86556],[-106.3225,34.86587],[-106.32195,34.86634],[-106.3219,34.8667],[-106.32223,34.86684],[-106.32225,34.86699],[-106.32204,34.86693],[-106.32206,34.86724],[-106.32179,34.86738],[-106.32157,34.86731],[-106.3212,34.86771],[-106.32159,34.86782],[-106.32143,34.8682],[-106.32111,34.86831],[-106.32112,34.86905],[-106.32069,34.86962],[-106.32074,34.86998],[-106.32013,34.87005],[-106.32031,34.87045],[-106.31999,34.87064],[-106.31995,34.871],[-106.31946,34.87107],[-106.31927,34.87134],[-106.31873,34.87128],[-106.31855,34.87145],[-106.31848,34.87211],[-106.31862,34.87219],[-106.31872,34.87285],[-106.31801,34.87332],[-106.31803,34.87366],[-106.31781,34.87403],[-106.31746,34.87407],[-106.31716,34.87391],[-106.31682,34.8741],[-106.3165,34.87407],[-106.31544,34.87486],[-106.31561,34.87539],[-106.31615,34.87573],[-106.31599,34.87623],[-106.31561,34.87636],[-106.3158,34.87691],[-106.31519,34.87748],[-106.31408,34.87769],[-106.31329,34.87905],[-106.3131,34.88011],[-106.31267,34.88063],[-106.31238,34.88141],[-106.31132,34.88169],[-106.30971,34.88245],[-106.30823,34.88272],[-106.30735,34.88389],[-106.30672,34.88377],[-106.30547,34.88439],[-106.30529,34.88475],[-106.30564,34.88504],[-106.30565,34.88561],[-106.30501,34.88644],[-106.30471,34.88657],[-106.30475,34.88678],[-106.30355,34.88853],[-106.3021,34.88914],[-106.30165,34.88966],[-106.30118,34.89048],[-106.30112,34.89104],[-106.3008,34.89173],[-106.29978,34.89311],[-106.29902,34.89348],[-106.29615,34.89378],[-106.29581,34.89401],[-106.29558,34.89453],[-106.29603,34.89681],[-106.29559,34.89745],[-106.2949,34.89797],[-106.2948,34.89837],[-106.29349,34.89876],[-106.29235,34.8994],[-106.2883,34.9005],[-106.28831,34.90082],[-106.28734,34.90111],[-106.28724,34.90146],[-106.28627,34.90144],[-106.28627,34.90175],[-106.28428,34.90321],[-106.28404,34.90364],[-106.28391,34.90352],[-106.28084,34.90385],[-106.28019,34.90361],[-106.28016,34.90389],[-106.27942,34.90407],[-106.27902,34.90379],[-106.27883,34.90392],[-106.27863,34.90368],[-106.27787,34.90339],[-106.27684,34.90338],[-106.27679,34.90326],[-106.27729,34.90269],[-106.27718,34.90242],[-106.27575,34.90209],[-106.2754,34.90213],[-106.27615,34.90309],[-106.27556,34.90324],[-106.27552,34.90339],[-106.27517,34.90327],[-106.27491,34.90352],[-106.27417,34.90323],[-106.27372,34.90274],[-106.27382,34.90261],[-106.27352,34.90212],[-106.27332,34.90206],[-106.27308,34.90238],[-106.2734,34.90283],[-106.27334,34.90344],[-106.27269,34.90424],[-106.27207,34.90437],[-106.27098,34.90398],[-106.27108,34.90366],[-106.27087,34.90326],[-106.27086,34.90266],[-106.27043,34.90221]]],[[[-106.26791,34.80853],[-106.26788,34.80796],[-106.26822,34.80798],[-106.26837,34.80817],[-106.26869,34.80734],[-106.26811,34.80657],[-106.26723,34.80599],[-106.26706,34.80571],[-106.26732,34.8053],[-106.26799,34.80488],[-106.2682,34.80492],[-106.26819,34.80512],[-106.26797,34.80524],[-106.26788,34.80558],[-106.26853,34.80618],[-106.26901,34.80628],[-106.26901,34.8069],[-106.2697,34.80752],[-106.26951,34.80868],[-106.26911,34.80942],[-106.26915,34.80985],[-106.26879,34.81008],[-106.26841,34.81065],[-106.26824,34.81072],[-106.26809,34.81054],[-106.26821,34.80903],[-106.26791,34.80853]]],[[[-106.25195,34.82137],[-106.251,34.82121],[-106.2507,34.82086],[-106.25066,34.82],[-106.25181,34.81973],[-106.25324,34.82033],[-106.25344,34.82059],[-106.25327,34.82074],[-106.25239,34.82134],[-106.25195,34.82137]]],[[[-106.23506,34.83661],[-106.23431,34.83615],[-106.23419,34.83583],[-106.23543,34.83565],[-106.23571,34.83535],[-106.23641,34.83565],[-106.23622,34.83611],[-106.23648,34.83632],[-106.23646,34.83652],[-106.23614,34.83663],[-106.23575,34.83653],[-106.23593,34.83679],[-106.23547,34.83684],[-106.23506,34.83661]]],[[[-106.27011,34.80689],[-106.27032,34.80674],[-106.27073,34.80719],[-106.27157,34.80761],[-106.27166,34.80792],[-106.27155,34.80828],[-106.27095,34.80864],[-106.27045,34.80777],[-106.27016,34.80765],[-106.27011,34.80689]]],[[[-106.32677,34.81089],[-106.32704,34.81063],[-106.32729,34.81082],[-106.32779,34.81179],[-106.32762,34.81197],[-106.32703,34.81194],[-106.32671,34.81169],[-106.32677,34.81089]]],[[[-106.26684,34.80676],[-106.26675,34.80642],[-106.26719,34.80649],[-106.26769,34.80696],[-106.26746,34.80708],[-106.26684,34.80676]]],[[[-106.33385,34.81313],[-106.33402,34.81296],[-106.3344,34.81298],[-106.33444,34.81338],[-106.33385,34.81341],[-106.33385,34.81313]]],[[[-106.24934,34.82827],[-106.24906,34.82819],[-106.24942,34.82806],[-106.24994,34.8281],[-106.24974,34.82844],[-106.24934,34.82827]]],[[[-106.27976,34.80135],[-106.28022,34.80143],[-106.28037,34.80172],[-106.27979,34.8016],[-106.27976,34.80135]]]]},"properties":{"incidentname":"Dog Head","perimeterdatetime":1466652720000,"gisacres":17910.85,"state":"NM"}},{"type":"Feature","geometry":{"type":"MultiPolygon","coordinates":[[[[-106.27043,34.90221],[-106.26971,34.90152],[-106.26926,34.90145],[-106.26951,34.90109],[-106.26994,34.90097],[-106.26978,34.9007],[-106.2687,34.90008],[-106.26801,34.90043],[-106.26759,34.90029],[-106.26751,34.89989],[-106.26724,34.89986],[-106.26734,34.90015],[-106.26704,34.90061],[-106.26672,34.90036],[-106.26647,34.90001],[-106.26682,34.89984],[-106.2674,34.89912],[-106.26708,34.89906],[-106.26636,34.89961],[-106.26584,34.89968],[-106.26563,34.89965],[-106.26539,34.89926],[-106.26497,34.89972],[-106.2645,34.89984],[-106.26378,34.89954],[-106.26256,34.89941],[-106.26213,34.89973],[-106.26035,34.89898],[-106.2591,34.89883],[-106.25919,34.89858],[-106.2595,34.89852],[-106.25947,34.8983],[-106.26008,34.89822],[-106.25978,34.89763],[-106.25865,34.89709],[-106.25812,34.89707],[-106.256,34.8964],[-106.25547,34.89567],[-106.2557,34.89545],[-106.25468,34.89539],[-106.25187,34.89358],[-106.2518,34.8928],[-106.25218,34.89255],[-106.25253,34.89261],[-106.25266,34.89291],[-106.25286,34.89295],[-106.25381,34.89248],[-106.25487,34.89277],[-106.25442,34.89338],[-106.2547,34.89353],[-106.25553,34.89357],[-106.25577,34.89385],[-106.25683,34.8938],[-106.25665,34.89307],[-106.2561,34.89278],[-106.25601,34.89254],[-106.2562,34.8924],[-106.25776,34.89228],[-106.2584,34.89208],[-106.25923,34.89148],[-106.25901,34.89098],[-106.25849,34.89084],[-106.25868,34.89055],[-106.2584,34.8903],[-106.25744,34.89016],[-106.25646,34.89058],[-106.25562,34.89054],[-106.25582,34.89025],[-106.25718,34.88993],[-106.25757,34.88949],[-106.25865,34.89001],[-106.25944,34.89007],[-106.26108,34.8897],[-106.26102,34.88951],[-106.25945,34.88931],[-106.2593,34.889],[-106.25857,34.88864],[-106.25857,34.88818],[-106.25691,34.88776],[-106.25659,34.88752],[-106.25615,34.88753],[-106.25593,34.88789],[-106.25526,34.88778],[-106.25494,34.88744],[-106.25439,34.88759],[-106.25411,34.88816],[-106.25289,34.88876],[-106.25174,34.88978],[-106.25106,34.88998],[-106.24978,34.89129],[-106.2493,34.89165],[-106.24893,34.89169],[-106.2485,34.89223],[-106.2473,34.89269],[-106.24626,34.89282],[-106.24539,34.89272],[-106.24448,34.89232],[-106.2443,34.892],[-106.24363,34.89172],[-106.2433,34.89095],[-106.24305,34.89077],[-106.2425,34.89065],[-106.24196,34.89116],[-106.24118,34.89129],[-106.23962,34.8903],[-106.23896,34.89015],[-106.23848,34.88967],[-106.23834,34.88905],[-106.23848,34.88883],[-106.2411,34.88935],[-106.24249,34.88941],[-106.24286,34.88917],[-106.24286,34.88886],[-106.24233,34.8885],[-106.24259,34.88841],[-106.24323,34.88857],[-106.24311,34.88823],[-106.24133,34.88756],[-106.24109,34.88723],[-106.24197,34.88607],[-106.24247,34.8864],[-106.24397,34.8857],[-106.24455,34.88576],[-106.24472,34.88595],[-106.24521,34.88556],[-106.24553,34.88559],[-106.24588,34.88599],[-106.24605,34.88577],[-106.24596,34.88537],[-106.24688,34.88476],[-106.24783,34.88454],[-106.2494,34.88476],[-106.24982,34.88406],[-106.25031,34.88399],[-106.2506,34.88377],[-106.25076,34.88319],[-106.25148,34.88273],[-106.25217,34.88268],[-106.25248,34.88282],[-106.25358,34.88249],[-106.25494,34.88244],[-106.25501,34.88265],[-106.25547,34.88283],[-106.25725,34.8831],[-106.25826,34.88302],[-106.25834,34.88281],[-106.25788,34.88267],[-106.25766,34.88191],[-106.25768,34.88152],[-106.25811,34.88066],[-106.25804,34.88045],[-106.25676,34.87984],[-106.25658,34.87913],[-106.25613,34.87863],[-106.25642,34.87832],[-106.2574,34.87788],[-106.25896,34.8781],[-106.25959,34.87754],[-106.26003,34.87759],[-106.25952,34.87852],[-106.26004,34.87873],[-106.26213,34.8785],[-106.26427,34.8789],[-106.26486,34.87911],[-106.26541,34.87961],[-106.2659,34.87943],[-106.26601,34.87893],[-106.26574,34.87822],[-106.26658,34.87821],[-106.26678,34.87792],[-106.26631,34.87728],[-106.26629,34.87676],[-106.26545,34.87697],[-106.2653,34.87668],[-106.26479,34.87658],[-106.26418,34.87673],[-106.26348,34.87626],[-106.26227,34.87628],[-106.26168,34.87609],[-106.26114,34.87628],[-106.2603,34.8761],[-106.25976,34.87575],[-106.25944,34.87514],[-106.25892,34.87469],[-106.25835,34.87483],[-106.25822,34.87464],[-106.25859,34.87452],[-106.25876,34.87392],[-106.25903,34.87393],[-106.25939,34.8736],[-106.26004,34.87378],[-106.26011,34.87353],[-106.26046,34.87357],[-106.26058,34.87386],[-106.26117,34.8741],[-106.26125,34.87444],[-106.26087,34.87491],[-106.26019,34.87489],[-106.26072,34.87546],[-106.26146,34.87524],[-106.26309,34.87537],[-106.26361,34.87501],[-106.26523,34.87555],[-106.26606,34.87542],[-106.26738,34.87584],[-106.2677,34.87584],[-106.26801,34.87507],[-106.2676,34.87336],[-106.26815,34.8733],[-106.26898,34.87418],[-106.26941,34.87403],[-106.26941,34.87385],[-106.2699,34.87395],[-106.27014,34.87428],[-106.27077,34.87385],[-106.27181,34.87417],[-106.27214,34.87453],[-106.27246,34.87459],[-106.27329,34.87418],[-106.27367,34.87437],[-106.27376,34.87458],[-106.27407,34.87412],[-106.27571,34.87356],[-106.27836,34.87413],[-106.27937,34.87412],[-106.28087,34.8737],[-106.28139,34.87393],[-106.28192,34.87457],[-106.2823,34.87466],[-106.28328,34.87427],[-106.28336,34.87405],[-106.28397,34.87397],[-106.28399,34.87366],[-106.28324,34.87331],[-106.28332,34.87286],[-106.28236,34.8728],[-106.28239,34.87258],[-106.28218,34.87239],[-106.28146,34.87242],[-106.28096,34.87221],[-106.2809,34.87174],[-106.28057,34.87138],[-106.27994,34.87141],[-106.27969,34.87082],[-106.27777,34.87163],[-106.27699,34.8718],[-106.27589,34.87177],[-106.27483,34.87099],[-106.27403,34.87114],[-106.27402,34.87093],[-106.27376,34.87076],[-106.27387,34.87017],[-106.27352,34.87005],[-106.27345,34.86976],[-106.27252,34.86932],[-106.27052,34.8692],[-106.2696,34.86935],[-106.26914,34.86959],[-106.26851,34.8695],[-106.26627,34.87124],[-106.26572,34.87127],[-106.26492,34.87195],[-106.26429,34.87224],[-106.26369,34.87294],[-106.26275,34.87176],[-106.26262,34.87131],[-106.26244,34.87139],[-106.26218,34.87119],[-106.262,34.87173],[-106.26159,34.87193],[-106.26078,34.87179],[-106.25954,34.872],[-106.26003,34.87244],[-106.25808,34.87324],[-106.25635,34.87303],[-106.25749,34.87255],[-106.25795,34.87219],[-106.25754,34.8721],[-106.25751,34.8717],[-106.25788,34.87143],[-106.259,34.87108],[-106.25894,34.87066],[-106.25862,34.87047],[-106.25645,34.87056],[-106.25598,34.87038],[-106.25635,34.87013],[-106.256,34.86987],[-106.25469,34.86936],[-106.25492,34.86912],[-106.25584,34.86907],[-106.25584,34.86878],[-106.25549,34.86866],[-106.25531,34.86828],[-106.25601,34.86821],[-106.256,34.86801],[-106.2551,34.86786],[-106.25504,34.86757],[-106.25623,34.86751],[-106.25512,34.86717],[-106.2547,34.86617],[-106.25522,34.86638],[-106.2554,34.86671],[-106.25595,34.86677],[-106.25602,34.86657],[-106.25577,34.86633],[-106.25618,34.86623],[-106.25629,34.86601],[-106.25757,34.86638],[-106.25884,34.86593],[-106.25892,34.86565],[-106.26042,34.86565],[-106.2608,34.86551],[-106.26082,34.86486],[-106.26001,34.8648],[-106.26,34.86458],[-106.26133,34.86452],[-106.26297,34.86343],[-106.2635,34.86245],[-106.26318,34.86207],[-106.26251,34.86208],[-106.26122,34.8625],[-106.26041,34.86258],[-106.25968,34.86239],[-106.25987,34.86216],[-106.25965,34.86175],[-106.25938,34.8617],[-106.25935,34.86148],[-106.25961,34.86117],[-106.26006,34.8611],[-106.26048,34.86143],[-106.26045,34.862],[-106.2606,34.86224],[-106.26098,34.86209],[-106.26141,34.86138],[-106.26137,34.86104],[-106.26122,34.86085],[-106.25931,34.8607],[-106.25858,34.86042],[-106.25791,34.86062],[-106.25722,34.86046],[-106.25739,34.86019],[-106.25841,34.8597],[-106.25802,34.8594],[-106.25826,34.85873],[-106.25762,34.8581],[-106.25623,34.85804],[-106.25588,34.85825],[-106.25553,34.85821],[-106.25542,34.85804],[-106.25555,34.85759],[-106.25514,34.85724],[-106.25462,34.85696],[-106.25418,34.85687],[-106.25384,34.85699],[-106.25349,34.85685],[-106.2534,34.85657],[-106.25411,34.8562],[-106.25378,34.856],[-106.25305,34.85633],[-106.25066,34.856],[-106.25029,34.85616],[-106.24924,34.8561],[-106.24908,34.85619],[-106.24896,34.85743],[-106.24866,34.85776],[-106.2482,34.85786],[-106.24773,34.85759],[-106.24714,34.85801],[-106.24635,34.85778],[-106.24577,34.85738],[-106.24566,34.85696],[-106.24494,34.85643],[-106.24507,34.85629],[-106.24499,34.8561],[-106.24386,34.8559],[-106.24289,34.85602],[-106.24268,34.85625],[-106.24227,34.8563],[-106.24211,34.85653],[-106.24216,34.85702],[-106.24174,34.85696],[-106.24156,34.85708],[-106.24193,34.85729],[-106.24207,34.858],[-106.24138,34.85833],[-106.241,34.85803],[-106.24045,34.85807],[-106.2433,34.85955],[-106.2436,34.85964],[-106.24414,34.85942],[-106.24429,34.8595],[-106.2445,34.85992],[-106.24431,34.86016],[-106.2444,34.86034],[-106.24396,34.86062],[-106.24383,34.86114],[-106.24513,34.86191],[-106.24558,34.86192],[-106.24649,34.8623],[-106.24662,34.86251],[-106.24698,34.86238],[-106.24725,34.86253],[-106.24665,34.86307],[-106.24622,34.86307],[-106.2459,34.86384],[-106.24521,34.86288],[-106.24463,34.86269],[-106.24418,34.8622],[-106.24333,34.86243],[-106.24178,34.86162],[-106.2414,34.86155],[-106.24079,34.86169],[-106.23833,34.86084],[-106.23701,34.85983],[-106.23639,34.85965],[-106.23571,34.85975],[-106.23512,34.86005],[-106.23326,34.85922],[-106.23227,34.85903],[-106.23305,34.8575],[-106.23245,34.85747],[-106.23218,34.8572],[-106.2312,34.85708],[-106.23,34.85656],[-106.2301,34.85547],[-106.23082,34.85517],[-106.23131,34.85524],[-106.23126,34.85455],[-106.23215,34.85473],[-106.23346,34.85366],[-106.23387,34.85379],[-106.23408,34.85406],[-106.2332,34.85433],[-106.23293,34.85468],[-106.233,34.85484],[-106.23362,34.85475],[-106.2345,34.85421],[-106.23465,34.85389],[-106.23629,34.85405],[-106.23678,34.85389],[-106.23746,34.85422],[-106.23761,34.8545],[-106.23717,34.85486],[-106.23746,34.855],[-106.23804,34.85495],[-106.23858,34.85469],[-106.23853,34.8543],[-106.23792,34.8539],[-106.23802,34.85368],[-106.23879,34.85398],[-106.23898,34.85428],[-106.23882,34.85501],[-106.23898,34.85522],[-106.23926,34.85472],[-106.24011,34.8545],[-106.23843,34.85338],[-106.23853,34.85292],[-106.24147,34.85189],[-106.24172,34.85128],[-106.24219,34.85089],[-106.2442,34.85115],[-106.24501,34.8517],[-106.24527,34.85162],[-106.24557,34.85089],[-106.24589,34.85097],[-106.24614,34.85128],[-106.24644,34.85137],[-106.24659,34.85181],[-106.24698,34.8521],[-106.24834,34.85254],[-106.24831,34.85306],[-106.24871,34.85344],[-106.24862,34.85375],[-106.24932,34.85478],[-106.24951,34.85478],[-106.24897,34.85341],[-106.24909,34.85263],[-106.25019,34.85219],[-106.25051,34.85226],[-106.25088,34.85264],[-106.25106,34.85226],[-106.25217,34.85225],[-106.25217,34.85183],[-106.25045,34.85118],[-106.25039,34.85075],[-106.25009,34.85056],[-106.24935,34.85058],[-106.24882,34.85039],[-106.24872,34.8505],[-106.2487,34.85003],[-106.24806,34.84994],[-106.2475,34.84966],[-106.24667,34.848],[-106.24689,34.8473],[-106.24737,34.84713],[-106.24754,34.84689],[-106.24723,34.84636],[-106.24667,34.84629],[-106.24681,34.84593],[-106.24731,34.84576],[-106.24795,34.84578],[-106.2483,34.84609],[-106.25035,34.8467],[-106.25087,34.84714],[-106.2559,34.84819],[-106.25877,34.8483],[-106.26088,34.84971],[-106.26087,34.85117],[-106.26254,34.85258],[-106.2637,34.85267],[-106.2643,34.85235],[-106.26433,34.85204],[-106.26336,34.85152],[-106.26296,34.84967],[-106.26219,34.84858],[-106.26093,34.84757],[-106.25884,34.84549],[-106.25921,34.84493],[-106.2614,34.84448],[-106.26208,34.84491],[-106.26443,34.84533],[-106.26516,34.84611],[-106.26583,34.84604],[-106.26586,34.84463],[-106.26469,34.84385],[-106.26437,34.84328],[-106.26323,34.84282],[-106.26181,34.8429],[-106.25853,34.84237],[-106.25864,34.84196],[-106.25701,34.84102],[-106.25683,34.84057],[-106.25793,34.84053],[-106.25816,34.84079],[-106.25904,34.84107],[-106.25934,34.84026],[-106.25878,34.83926],[-106.25852,34.83929],[-106.25793,34.84015],[-106.25712,34.84005],[-106.25663,34.83974],[-106.25557,34.83955],[-106.2544,34.84048],[-106.25281,34.84052],[-106.25217,34.84026],[-106.25128,34.83922],[-106.25189,34.83919],[-106.25185,34.83883],[-106.25208,34.83859],[-106.25332,34.83789],[-106.25351,34.83748],[-106.25403,34.83704],[-106.25333,34.83691],[-106.25238,34.8372],[-106.25139,34.83652],[-106.25032,34.83658],[-106.25014,34.83622],[-106.24973,34.83613],[-106.2491,34.83628],[-106.24666,34.83612],[-106.24611,34.83549],[-106.2459,34.83568],[-106.24505,34.83569],[-106.24432,34.83516],[-106.24098,34.83448],[-106.24025,34.83417],[-106.24008,34.83398],[-106.24008,34.83363],[-106.23986,34.8337],[-106.23908,34.83484],[-106.23883,34.8349],[-106.23912,34.83501],[-106.23959,34.8349],[-106.23968,34.83519],[-106.23941,34.83564],[-106.23836,34.83566],[-106.23836,34.83592],[-106.23855,34.83607],[-106.2385,34.8365],[-106.23824,34.83653],[-106.23753,34.83607],[-106.23756,34.83588],[-106.23698,34.83546],[-106.23713,34.8352],[-106.23749,34.83506],[-106.23632,34.83486],[-106.23635,34.83466],[-106.23838,34.83431],[-106.23615,34.83419],[-106.23567,34.83409],[-106.23468,34.83353],[-106.23493,34.83327],[-106.23525,34.83322],[-106.23647,34.83341],[-106.23714,34.83375],[-106.23878,34.83386],[-106.23848,34.83334],[-106.23768,34.83302],[-106.23816,34.83208],[-106.23805,34.83182],[-106.23781,34.83173],[-106.237,34.83192],[-106.23638,34.83161],[-106.2362,34.83202],[-106.23637,34.83255],[-106.23595,34.83273],[-106.23538,34.83255],[-106.23541,34.83216],[-106.23568,34.83203],[-106.2351,34.83165],[-106.23561,34.83122],[-106.23786,34.83124],[-106.23843,34.83142],[-106.23878,34.83123],[-106.24026,34.83102],[-106.24278,34.83119],[-106.24296,34.83106],[-106.24277,34.83052],[-106.24327,34.83033],[-106.24447,34.83039],[-106.24445,34.83003],[-106.24526,34.82977],[-106.2454,34.82955],[-106.24444,34.82944],[-106.24436,34.82927],[-106.24535,34.8287],[-106.24532,34.82843],[-106.24494,34.82839],[-106.2444,34.82871],[-106.2436,34.82883],[-106.24385,34.82918],[-106.24361,34.82972],[-106.24242,34.82959],[-106.24234,34.8299],[-106.24192,34.82998],[-106.24101,34.8293],[-106.24075,34.82931],[-106.24,34.82987],[-106.23963,34.82991],[-106.23809,34.82949],[-106.23604,34.82951],[-106.23617,34.82935],[-106.23346,34.82907],[-106.23211,34.82852],[-106.23088,34.82723],[-106.22912,34.82685],[-106.2282,34.82554],[-106.22752,34.82592],[-106.22683,34.82569],[-106.2264,34.82526],[-106.22493,34.82469],[-106.22494,34.82426],[-106.22695,34.82357],[-106.22857,34.8234],[-106.22906,34.82349],[-106.23156,34.82304],[-106.23645,34.82471],[-106.23659,34.82529],[-106.23743,34.82586],[-106.23906,34.82614],[-106.23971,34.82642],[-106.24004,34.82683],[-106.24069,34.82681],[-106.24093,34.82521],[-106.24305,34.82496],[-106.2431,34.8258],[-106.24361,34.82566],[-106.24399,34.82595],[-106.2443,34.82653],[-106.24472,34.82682],[-106.24563,34.82692],[-106.24624,34.82667],[-106.24645,34.82699],[-106.24692,34.82701],[-106.24717,34.82746],[-106.24825,34.82806],[-106.24842,34.82827],[-106.24788,34.82926],[-106.24839,34.83006],[-106.24885,34.83025],[-106.24962,34.82884],[-106.25025,34.82864],[-106.254,34.82979],[-106.25586,34.82994],[-106.25594,34.8298],[-106.25536,34.82937],[-106.25426,34.82945],[-106.25367,34.8287],[-106.25351,34.82794],[-106.25308,34.8278],[-106.25227,34.82776],[-106.25178,34.82798],[-106.25022,34.82812],[-106.25027,34.82778],[-106.24972,34.82767],[-106.24992,34.8274],[-106.25051,34.82747],[-106.25075,34.82715],[-106.25055,34.82636],[-106.25188,34.82629],[-106.25207,34.82602],[-106.25262,34.82625],[-106.25418,34.82623],[-106.25555,34.8257],[-106.25556,34.82554],[-106.25602,34.82555],[-106.25667,34.82614],[-106.25684,34.82609],[-106.25684,34.82575],[-106.25804,34.82507],[-106.25866,34.82554],[-106.25932,34.82547],[-106.26068,34.82509],[-106.26103,34.82471],[-106.26145,34.82487],[-106.26206,34.82479],[-106.26272,34.82457],[-106.26292,34.82436],[-106.26291,34.82395],[-106.26248,34.82391],[-106.26179,34.8242],[-106.2595,34.82413],[-106.25565,34.82433],[-106.25547,34.82422],[-106.25556,34.82404],[-106.25542,34.82391],[-106.25564,34.82352],[-106.25558,34.82321],[-106.2552,34.82312],[-106.25492,34.82348],[-106.25446,34.82356],[-106.25416,34.82323],[-106.25433,34.82261],[-106.25386,34.82216],[-106.25423,34.82204],[-106.25432,34.82172],[-106.2547,34.8214],[-106.2557,34.82132],[-106.25575,34.82116],[-106.25639,34.82127],[-106.25649,34.82159],[-106.25675,34.8217],[-106.25708,34.8217],[-106.25727,34.8214],[-106.25768,34.82131],[-106.25836,34.82152],[-106.25888,34.82054],[-106.25975,34.82067],[-106.25987,34.82089],[-106.25979,34.8211],[-106.25943,34.82127],[-106.25989,34.82124],[-106.25974,34.8216],[-106.25998,34.82174],[-106.26149,34.82175],[-106.26433,34.82212],[-106.26499,34.82161],[-106.26461,34.82131],[-106.26489,34.82097],[-106.26555,34.82073],[-106.26618,34.82015],[-106.26595,34.81989],[-106.26444,34.81975],[-106.26458,34.81957],[-106.26457,34.81907],[-106.26509,34.81887],[-106.265,34.81842],[-106.26435,34.81785],[-106.26361,34.81815],[-106.26305,34.81801],[-106.26325,34.81777],[-106.26429,34.81726],[-106.26501,34.81746],[-106.26538,34.81701],[-106.26514,34.81644],[-106.26482,34.8163],[-106.2641,34.81633],[-106.26397,34.81566],[-106.26286,34.81503],[-106.26106,34.81464],[-106.25974,34.8148],[-106.25958,34.81406],[-106.25859,34.81393],[-106.25824,34.81372],[-106.25791,34.81296],[-106.25716,34.81265],[-106.25593,34.81171],[-106.25508,34.81131],[-106.25496,34.81101],[-106.25447,34.81068],[-106.25302,34.80885],[-106.25235,34.80836],[-106.25171,34.8082],[-106.25029,34.80744],[-106.24977,34.80764],[-106.24814,34.80717],[-106.24626,34.80726],[-106.24542,34.80666],[-106.24538,34.80642],[-106.24587,34.80625],[-106.24596,34.80607],[-106.24573,34.80563],[-106.24333,34.80497],[-106.24302,34.80462],[-106.24313,34.80449],[-106.24409,34.80464],[-106.24475,34.80505],[-106.246,34.80462],[-106.2463,34.80477],[-106.24657,34.80519],[-106.24691,34.80511],[-106.24724,34.80465],[-106.2488,34.80573],[-106.24952,34.80573],[-106.24973,34.80558],[-106.24909,34.80513],[-106.24891,34.80489],[-106.24905,34.80474],[-106.24949,34.80479],[-106.24979,34.80516],[-106.25132,34.80544],[-106.25205,34.80583],[-106.25303,34.80559],[-106.25374,34.80579],[-106.25346,34.80545],[-106.25268,34.80535],[-106.25259,34.80462],[-106.25193,34.8046],[-106.25146,34.80434],[-106.25173,34.80376],[-106.25226,34.8036],[-106.25223,34.80332],[-106.25245,34.80316],[-106.25313,34.80316],[-106.25337,34.80345],[-106.25382,34.80336],[-106.25404,34.80376],[-106.25434,34.80391],[-106.25527,34.80385],[-106.25579,34.80417],[-106.2561,34.80505],[-106.25595,34.8052],[-106.25443,34.80532],[-106.25414,34.80579],[-106.255,34.80554],[-106.25676,34.80583],[-106.25761,34.80659],[-106.2576,34.80745],[-106.25818,34.80787],[-106.25859,34.80765],[-106.25908,34.80767],[-106.25964,34.80824],[-106.25965,34.80846],[-106.26046,34.80914],[-106.26167,34.80908],[-106.26171,34.80931],[-106.26131,34.80951],[-106.26145,34.80972],[-106.2618,34.80981],[-106.26307,34.81074],[-106.26356,34.81058],[-106.26404,34.81079],[-106.26444,34.81117],[-106.26455,34.81179],[-106.26484,34.81207],[-106.26563,34.81215],[-106.26615,34.81261],[-106.26695,34.81296],[-106.26738,34.81299],[-106.26842,34.81269],[-106.26893,34.81197],[-106.26919,34.81121],[-106.26914,34.81074],[-106.27024,34.80954],[-106.27082,34.8092],[-106.27137,34.80911],[-106.27264,34.80937],[-106.27483,34.81037],[-106.27492,34.81082],[-106.27544,34.81108],[-106.2766,34.81126],[-106.27724,34.81151],[-106.27836,34.81234],[-106.27879,34.81231],[-106.27923,34.81118],[-106.27913,34.81004],[-106.27823,34.80955],[-106.27778,34.80888],[-106.27757,34.80831],[-106.2768,34.80739],[-106.27674,34.80701],[-106.27706,34.80693],[-106.27779,34.80743],[-106.27935,34.8077],[-106.28,34.80819],[-106.28038,34.80878],[-106.28021,34.81075],[-106.28068,34.81124],[-106.28046,34.81196],[-106.28049,34.81329],[-106.2802,34.81353],[-106.28036,34.81372],[-106.2808,34.81359],[-106.28157,34.81177],[-106.28079,34.81098],[-106.28088,34.81078],[-106.28067,34.81021],[-106.28069,34.80974],[-106.28094,34.8093],[-106.28251,34.80943],[-106.28243,34.80932],[-106.28276,34.80924],[-106.2832,34.80949],[-106.28398,34.80949],[-106.28502,34.80905],[-106.28556,34.80899],[-106.28624,34.80972],[-106.28659,34.80989],[-106.2885,34.80987],[-106.28998,34.80931],[-106.29015,34.80905],[-106.28977,34.80871],[-106.28849,34.80895],[-106.28814,34.80881],[-106.28724,34.80886],[-106.28677,34.80872],[-106.28654,34.80848],[-106.28668,34.80831],[-106.28596,34.80808],[-106.28595,34.80772],[-106.28654,34.80672],[-106.28628,34.80646],[-106.2852,34.80597],[-106.28448,34.806],[-106.2843,34.80569],[-106.28432,34.80533],[-106.28333,34.80467],[-106.28303,34.80425],[-106.2816,34.80324],[-106.2807,34.80308],[-106.28139,34.8018],[-106.28121,34.80121],[-106.28133,34.801],[-106.27975,34.80015],[-106.27909,34.79951],[-106.27916,34.79871],[-106.27997,34.79886],[-106.28111,34.79953],[-106.2818,34.79925],[-106.28227,34.7996],[-106.28227,34.79994],[-106.28274,34.80051],[-106.28341,34.80093],[-106.28387,34.80042],[-106.28416,34.80037],[-106.28512,34.80103],[-106.28525,34.80184],[-106.28577,34.80167],[-106.28668,34.80235],[-106.28784,34.80245],[-106.28864,34.80194],[-106.29004,34.80141],[-106.2902,34.80101],[-106.29055,34.80106],[-106.29058,34.80175],[-106.2913,34.80192],[-106.29133,34.8024],[-106.29158,34.80243],[-106.29183,34.80216],[-106.2922,34.80206],[-106.29285,34.80215],[-106.29332,34.80253],[-106.29413,34.80269],[-106.29417,34.80231],[-106.29271,34.80168],[-106.29298,34.8014],[-106.29337,34.80142],[-106.29468,34.80204],[-106.29582,34.80225],[-106.29647,34.80295],[-106.299,34.80443],[-106.29925,34.80486],[-106.2999,34.80457],[-106.3003,34.80459],[-106.30072,34.80492],[-106.29994,34.80347],[-106.29993,34.80311],[-106.29912,34.80276],[-106.29897,34.80246],[-106.29839,34.80208],[-106.29691,34.80186],[-106.29696,34.80159],[-106.29756,34.80133],[-106.29872,34.80122],[-106.30046,34.80149],[-106.30163,34.80217],[-106.3024,34.80224],[-106.3031,34.80205],[-106.3038,34.80318],[-106.30463,34.80359],[-106.30535,34.80368],[-106.30591,34.80417],[-106.30678,34.80438],[-106.30783,34.80513],[-106.30868,34.80543],[-106.30971,34.80643],[-106.31039,34.80635],[-106.31074,34.80651],[-106.31078,34.80685],[-106.31041,34.80717],[-106.31088,34.80748],[-106.31144,34.8075],[-106.31211,34.80793],[-106.31374,34.80822],[-106.31366,34.80841],[-106.31398,34.8085],[-106.31408,34.80885],[-106.31449,34.80915],[-106.31606,34.80921],[-106.31655,34.80951],[-106.31728,34.81033],[-106.3167,34.81103],[-106.31647,34.81189],[-106.31662,34.81243],[-106.31693,34.81248],[-106.31721,34.81219],[-106.31794,34.8123],[-106.31891,34.81209],[-106.31862,34.81149],[-106.31876,34.81132],[-106.32001,34.81139],[-106.32063,34.8115],[-106.32099,34.81184],[-106.322,34.81214],[-106.32235,34.81251],[-106.32343,34.81276],[-106.32368,34.81295],[-106.32375,34.81338],[-106.32417,34.81369],[-106.32487,34.81366],[-106.32569,34.81328],[-106.32611,34.81327],[-106.32652,34.81292],[-106.32607,34.81261],[-106.32547,34.81248],[-106.32537,34.81233],[-106.32547,34.81205],[-106.32693,34.81226],[-106.32767,34.813],[-106.32812,34.81316],[-106.32833,34.81305],[-106.32814,34.81228],[-106.32845,34.81207],[-106.32882,34.81207],[-106.32867,34.81151],[-106.32878,34.81128],[-106.32927,34.811],[-106.32988,34.8109],[-106.33061,34.81149],[-106.3307,34.81189],[-106.33099,34.81224],[-106.33099,34.81253],[-106.33045,34.81311],[-106.33045,34.81328],[-106.33073,34.81339],[-106.33128,34.81324],[-106.33159,34.81292],[-106.33228,34.8128],[-106.33298,34.81294],[-106.33341,34.81362],[-106.33438,34.81593],[-106.33449,34.81641],[-106.33433,34.81707],[-106.33479,34.81773],[-106.33494,34.81861],[-106.33585,34.81895],[-106.33603,34.81929],[-106.33608,34.82003],[-106.33647,34.8204],[-106.3363,34.821],[-106.33641,34.8214],[-106.33697,34.82134],[-106.33741,34.82079],[-106.33824,34.82038],[-106.33785,34.81998],[-106.3378,34.81947],[-106.33829,34.81926],[-106.33894,34.8186],[-106.3389,34.81846],[-106.33931,34.81826],[-106.3395,34.81888],[-106.34008,34.8189],[-106.34106,34.81775],[-106.34126,34.81796],[-106.34155,34.81794],[-106.34164,34.81775],[-106.34138,34.81768],[-106.34182,34.81744],[-106.34211,34.81701],[-106.34272,34.81671],[-106.34345,34.81697],[-106.34472,34.81673],[-106.34846,34.81543],[-106.34926,34.81557],[-106.34981,34.81546],[-106.34985,34.81487],[-106.35051,34.8148],[-106.35071,34.81446],[-106.35133,34.81431],[-106.35217,34.81442],[-106.35268,34.81398],[-106.3535,34.81405],[-106.35336,34.81331],[-106.35373,34.81285],[-106.35444,34.81258],[-106.35553,34.81247],[-106.35618,34.81221],[-106.35624,34.81186],[-106.35761,34.81182],[-106.35824,34.81127],[-106.3591,34.81111],[-106.35936,34.81116],[-106.35921,34.81148],[-106.35942,34.81148],[-106.36023,34.81072],[-106.36059,34.81074],[-106.3607,34.81046],[-106.36131,34.81031],[-106.36145,34.81006],[-106.36207,34.81],[-106.36244,34.80979],[-106.36333,34.80993],[-106.36349,34.81032],[-106.36362,34.81007],[-106.36426,34.80986],[-106.36563,34.81003],[-106.36601,34.80982],[-106.36684,34.80977],[-106.36716,34.80995],[-106.36765,34.80988],[-106.36845,34.80935],[-106.3699,34.80918],[-106.37062,34.80937],[-106.37091,34.80919],[-106.37085,34.80905],[-106.36997,34.80835],[-106.36979,34.80786],[-106.36995,34.80714],[-106.37019,34.80683],[-106.37064,34.80685],[-106.37132,34.8081],[-106.3728,34.80897],[-106.37284,34.80929],[-106.37329,34.80936],[-106.37359,34.80905],[-106.374,34.80894],[-106.37511,34.80891],[-106.37735,34.80973],[-106.37736,34.81014],[-106.37774,34.81049],[-106.37755,34.81064],[-106.37761,34.81097],[-106.37741,34.81117],[-106.37785,34.81184],[-106.37753,34.81246],[-106.37727,34.81252],[-106.3773,34.81281],[-106.37702,34.81289],[-106.37764,34.81344],[-106.3777,34.8138],[-106.37575,34.81393],[-106.37534,34.81488],[-106.37501,34.81492],[-106.37432,34.81558],[-106.37431,34.81574],[-106.37359,34.81564],[-106.37298,34.81608],[-106.37052,34.81674],[-106.37053,34.81732],[-106.37019,34.81792],[-106.36771,34.81859],[-106.36728,34.81898],[-106.36756,34.8193],[-106.36716,34.81963],[-106.36698,34.81957],[-106.36627,34.82065],[-106.36544,34.82135],[-106.3651,34.82213],[-106.3648,34.82244],[-106.36408,34.82274],[-106.36316,34.8231],[-106.36222,34.82324],[-106.35441,34.82303],[-106.35438,34.82314],[-106.35318,34.82314],[-106.35173,34.82338],[-106.34726,34.8236],[-106.34715,34.82343],[-106.34755,34.82336],[-106.34742,34.82309],[-106.34757,34.82286],[-106.34808,34.82252],[-106.34885,34.82239],[-106.34856,34.82185],[-106.34806,34.82196],[-106.34796,34.82178],[-106.34754,34.8222],[-106.34656,34.82244],[-106.34618,34.82316],[-106.34573,34.82303],[-106.34507,34.82313],[-106.34478,34.82373],[-106.34425,34.82605],[-106.34447,34.82612],[-106.34418,34.82642],[-106.34471,34.8266],[-106.34481,34.82693],[-106.34534,34.827],[-106.3455,34.82684],[-106.34573,34.82712],[-106.34574,34.82803],[-106.34551,34.82837],[-106.34485,34.82863],[-106.34417,34.82819],[-106.34364,34.82836],[-106.34386,34.82873],[-106.34418,34.82869],[-106.34462,34.82907],[-106.34442,34.82922],[-106.34469,34.82945],[-106.34435,34.82988],[-106.34495,34.831],[-106.34489,34.8314],[-106.34377,34.83222],[-106.34338,34.83219],[-106.34292,34.83172],[-106.34319,34.83116],[-106.343,34.83043],[-106.3429,34.83043],[-106.342,34.83127],[-106.34194,34.83175],[-106.34207,34.83209],[-106.34165,34.83217],[-106.34204,34.83274],[-106.34201,34.83291],[-106.34254,34.8331],[-106.34293,34.83448],[-106.34241,34.83512],[-106.34143,34.83564],[-106.34132,34.83596],[-106.34153,34.83621],[-106.34318,34.8367],[-106.34365,34.83651],[-106.34371,34.83687],[-106.3437,34.83748],[-106.34302,34.83799],[-106.34248,34.83867],[-106.34299,34.83894],[-106.34267,34.84004],[-106.34152,34.84158],[-106.34255,34.8427],[-106.34152,34.84333],[-106.34131,34.84418],[-106.34153,34.84564],[-106.34178,34.84595],[-106.34131,34.84638],[-106.34096,34.8464],[-106.34076,34.8481],[-106.3406,34.84845],[-106.33951,34.8496],[-106.33931,34.85109],[-106.33873,34.8518],[-106.33845,34.85272],[-106.33794,34.85317],[-106.33609,34.85347],[-106.33416,34.85323],[-106.33376,34.8536],[-106.33264,34.85413],[-106.33181,34.854],[-106.33073,34.85436],[-106.33124,34.8546],[-106.33132,34.85526],[-106.33081,34.85554],[-106.33074,34.85609],[-106.3301,34.85662],[-106.32835,34.85736],[-106.32792,34.85844],[-106.32746,34.85905],[-106.32715,34.85999],[-106.32578,34.86103],[-106.32579,34.86172],[-106.32458,34.86324],[-106.32275,34.86311],[-106.32229,34.86314],[-106.32211,34.86329],[-106.32087,34.86296],[-106.32009,34.86297],[-106.31954,34.86322],[-106.31945,34.86349],[-106.31957,34.86368],[-106.32103,34.86401],[-106.32185,34.86482],[-106.32251,34.86506],[-106.32267,34.86553],[-106.32246,34.86556],[-106.3225,34.86587],[-106.32195,34.86634],[-106.3219,34.8667],[-106.32223,34.86684],[-106.32225,34.86699],[-106.32204,34.86693],[-106.32206,34.86724],[-106.32179,34.86738],[-106.32157,34.86731],[-106.3212,34.86771],[-106.32159,34.86782],[-106.32143,34.8682],[-106.32111,34.86831],[-106.32112,34.86905],[-106.32069,34.86962],[-106.32074,34.86998],[-106.32013,34.87005],[-106.32031,34.87045],[-106.31999,34.87064],[-106.31995,34.871],[-106.31946,34.87107],[-106.31927,34.87134],[-106.31873,34.87128],[-106.31855,34.87145],[-106.31848,34.87211],[-106.31862,34.87219],[-106.31872,34.87285],[-106.31801,34.87332],[-106.31803,34.87366],[-106.31781,34.87403],[-106.31746,34.87407],[-106.31716,34.87391],[-106.31682,34.8741],[-106.3165,34.87407],[-106.31544,34.87486],[-106.31561,34.87539],[-106.31615,34.87573],[-106.31599,34.87623],[-106.31561,34.87636],[-106.3158,34.87691],[-106.31519,34.87748],[-106.31408,34.87769],[-106.31329,34.87905],[-106.3131,34.88011],[-106.31267,34.88063],[-106.31238,34.88141],[-106.31132,34.88169],[-106.30971,34.88245],[-106.30823,34.88272],[-106.30735,34.88389],[-106.30672,34.88377],[-106.30547,34.88439],[-106.30529,34.88475],[-106.30564,34.88504],[-106.30565,34.88561],[-106.30501,34.88644],[-106.30471,34.88657],[-106.30475,34.88678],[-106.30355,34.88853],[-106.3021,34.88914],[-106.30165,34.88966],[-106.30118,34.89048],[-106.30112,34.89104],[-106.3008,34.89173],[-106.29978,34.89311],[-106.29902,34.89348],[-106.29615,34.89378],[-106.29581,34.89401],[-106.29558,34.89453],[-106.29603,34.89681],[-106.29559,34.89745],[-106.2949,34.89797],[-106.2948,34.89837],[-106.29349,34.89876],[-106.29235,34.8994],[-106.2883,34.9005],[-106.28831,34.90082],[-106.28734,34.90111],[-106.28724,34.90146],[-106.28627,34.90144],[-106.28627,34.90175],[-106.28428,34.90321],[-106.28404,34.90364],[-106.28391,34.90352],[-106.28084,34.90385],[-106.28019,34.90361],[-106.28016,34.90389],[-106.27942,34.90407],[-106.27902,34.90379],[-106.27883,34.90392],[-106.27863,34.90368],[-106.27787,34.90339],[-106.27684,34.90338],[-106.27679,34.90326],[-106.27729,34.90269],[-106.27718,34.90242],[-106.27575,34.90209],[-106.2754,34.90213],[-106.27615,34.90309],[-106.27556,34.90324],[-106.27552,34.90339],[-106.27517,34.90327],[-106.27491,34.90352],[-106.27417,34.90323],[-106.27372,34.90274],[-106.27382,34.90261],[-106.27352,34.90212],[-106.27332,34.90206],[-106.27308,34.90238],[-106.2734,34.90283],[-106.27334,34.90344],[-106.27269,34.90424],[-106.27207,34.90437],[-106.27098,34.90398],[-106.27108,34.90366],[-106.27087,34.90326],[-106.27086,34.90266],[-106.27043,34.90221]]],[[[-106.26791,34.80853],[-106.26788,34.80796],[-106.26822,34.80798],[-106.26837,34.80817],[-106.26869,34.80734],[-106.26811,34.80657],[-106.26723,34.80599],[-106.26706,34.80571],[-106.26732,34.8053],[-106.26799,34.80488],[-106.2682,34.80492],[-106.26819,34.80512],[-106.26797,34.80524],[-106.26788,34.80558],[-106.26853,34.80618],[-106.26901,34.80628],[-106.26901,34.8069],[-106.2697,34.80752],[-106.26951,34.80868],[-106.26911,34.80942],[-106.26915,34.80985],[-106.26879,34.81008],[-106.26841,34.81065],[-106.26824,34.81072],[-106.26809,34.81054],[-106.26821,34.80903],[-106.26791,34.80853]]],[[[-106.25195,34.82137],[-106.251,34.82121],[-106.2507,34.82086],[-106.25066,34.82],[-106.25181,34.81973],[-106.25324,34.82033],[-106.25344,34.82059],[-106.25327,34.82074],[-106.25239,34.82134],[-106.25195,34.82137]]],[[[-106.23506,34.83661],[-106.23431,34.83615],[-106.23419,34.83583],[-106.23543,34.83565],[-106.23571,34.83535],[-106.23641,34.83565],[-106.23622,34.83611],[-106.23648,34.83632],[-106.23646,34.83652],[-106.23614,34.83663],[-106.23575,34.83653],[-106.23593,34.83679],[-106.23547,34.83684],[-106.23506,34.83661]]],[[[-106.27011,34.80689],[-106.27032,34.80674],[-106.27073,34.80719],[-106.27157,34.80761],[-106.27166,34.80792],[-106.27155,34.80828],[-106.27095,34.80864],[-106.27045,34.80777],[-106.27016,34.80765],[-106.27011,34.80689]]],[[[-106.32677,34.81089],[-106.32704,34.81063],[-106.32729,34.81082],[-106.32779,34.81179],[-106.32762,34.81197],[-106.32703,34.81194],[-106.32671,34.81169],[-106.32677,34.81089]]],[[[-106.26684,34.80676],[-106.26675,34.80642],[-106.26719,34.80649],[-106.26769,34.80696],[-106.26746,34.80708],[-106.26684,34.80676]]],[[[-106.33385,34.81313],[-106.33402,34.81296],[-106.3344,34.81298],[-106.33444,34.81338],[-106.33385,34.81341],[-106.33385,34.81313]]],[[[-106.24934,34.82827],[-106.24906,34.82819],[-106.24942,34.82806],[-106.24994,34.8281],[-106.24974,34.82844],[-106.24934,34.82827]]],[[[-106.27976,34.80135],[-106.28022,34.80143],[-106.28037,34.80172],[-106.27979,34.8016],[-106.27976,34.80135]]]]},"properties":{"incidentname":"Dog Head","perimeterdatetime":1466711700000,"gisacres":17909.6,"state":"NM"}},{"type":"Feature","geometry":{"type":"MultiPolygon","coordinates":[[[[-106.27043,34.90221],[-106.26971,34.90152],[-106.26926,34.90145],[-106.26951,34.90109],[-106.26994,34.90097],[-106.26978,34.9007],[-106.2687,34.90008],[-106.26801,34.90043],[-106.26759,34.90029],[-106.26751,34.89989],[-106.26724,34.89986],[-106.26734,34.90015],[-106.26704,34.90061],[-106.26672,34.90036],[-106.26647,34.90001],[-106.26682,34.89984],[-106.2674,34.89912],[-106.26708,34.89906],[-106.26636,34.89961],[-106.26584,34.89968],[-106.26563,34.89965],[-106.26539,34.89926],[-106.26497,34.89972],[-106.2645,34.89984],[-106.26378,34.89954],[-106.26256,34.89941],[-106.26213,34.89973],[-106.26035,34.89898],[-106.2591,34.89883],[-106.25919,34.89858],[-106.2595,34.89852],[-106.25947,34.8983],[-106.26008,34.89822],[-106.25978,34.89763],[-106.25865,34.89709],[-106.25812,34.89707],[-106.256,34.8964],[-106.25547,34.89567],[-106.2557,34.89545],[-106.25468,34.89539],[-106.25187,34.89358],[-106.2518,34.8928],[-106.25218,34.89255],[-106.25253,34.89261],[-106.25266,34.89291],[-106.25286,34.89295],[-106.25381,34.89248],[-106.25487,34.89277],[-106.25442,34.89338],[-106.2547,34.89353],[-106.25553,34.89357],[-106.25577,34.89385],[-106.25683,34.8938],[-106.25665,34.89307],[-106.2561,34.89278],[-106.25601,34.89254],[-106.2562,34.8924],[-106.25776,34.89228],[-106.2584,34.89208],[-106.25923,34.89148],[-106.25901,34.89098],[-106.25849,34.89084],[-106.25868,34.89055],[-106.2584,34.8903],[-106.25744,34.89016],[-106.25646,34.89058],[-106.25562,34.89054],[-106.25582,34.89025],[-106.25718,34.88993],[-106.25757,34.88949],[-106.25865,34.89001],[-106.25944,34.89007],[-106.26108,34.8897],[-106.26102,34.88951],[-106.25945,34.88931],[-106.2593,34.889],[-106.25857,34.88864],[-106.25857,34.88818],[-106.25691,34.88776],[-106.25659,34.88752],[-106.25615,34.88753],[-106.25593,34.88789],[-106.25526,34.88778],[-106.25494,34.88744],[-106.25439,34.88759],[-106.25411,34.88816],[-106.25289,34.88876],[-106.25174,34.88978],[-106.25106,34.88998],[-106.24978,34.89129],[-106.2493,34.89165],[-106.24893,34.89169],[-106.2485,34.89223],[-106.2473,34.89269],[-106.24626,34.89282],[-106.24539,34.89272],[-106.24448,34.89232],[-106.2443,34.892],[-106.24363,34.89172],[-106.2433,34.89095],[-106.24305,34.89077],[-106.2425,34.89065],[-106.24196,34.89116],[-106.24118,34.89129],[-106.23962,34.8903],[-106.23896,34.89015],[-106.23848,34.88967],[-106.23834,34.88905],[-106.23848,34.88883],[-106.2411,34.88935],[-106.24249,34.88941],[-106.24286,34.88917],[-106.24286,34.88886],[-106.24233,34.8885],[-106.24259,34.88841],[-106.24323,34.88857],[-106.24311,34.88823],[-106.24133,34.88756],[-106.24109,34.88723],[-106.24197,34.88607],[-106.24247,34.8864],[-106.24397,34.8857],[-106.24455,34.88576],[-106.24472,34.88595],[-106.24521,34.88556],[-106.24553,34.88559],[-106.24588,34.88599],[-106.24605,34.88577],[-106.24596,34.88537],[-106.24688,34.88476],[-106.24783,34.88454],[-106.2494,34.88476],[-106.24982,34.88406],[-106.25031,34.88399],[-106.2506,34.88377],[-106.25076,34.88319],[-106.25148,34.88273],[-106.25217,34.88268],[-106.25248,34.88282],[-106.25358,34.88249],[-106.25494,34.88244],[-106.25501,34.88265],[-106.25547,34.88283],[-106.25725,34.8831],[-106.25826,34.88302],[-106.25834,34.88281],[-106.25788,34.88267],[-106.25766,34.88191],[-106.25768,34.88152],[-106.25811,34.88066],[-106.25804,34.88045],[-106.25676,34.87984],[-106.25658,34.87913],[-106.25613,34.87863],[-106.25642,34.87832],[-106.2574,34.87788],[-106.25896,34.8781],[-106.25959,34.87754],[-106.26003,34.87759],[-106.25952,34.87852],[-106.26004,34.87873],[-106.26213,34.8785],[-106.26427,34.8789],[-106.26486,34.87911],[-106.26541,34.87961],[-106.2659,34.87943],[-106.26601,34.87893],[-106.26574,34.87822],[-106.26658,34.87821],[-106.26678,34.87792],[-106.26631,34.87728],[-106.26629,34.87676],[-106.26545,34.87697],[-106.2653,34.87668],[-106.26479,34.87658],[-106.26418,34.87673],[-106.26348,34.87626],[-106.26227,34.87628],[-106.26168,34.87609],[-106.26114,34.87628],[-106.2603,34.8761],[-106.25976,34.87575],[-106.25944,34.87514],[-106.25892,34.87469],[-106.25835,34.87483],[-106.25822,34.87464],[-106.25859,34.87452],[-106.25876,34.87392],[-106.25903,34.87393],[-106.25939,34.8736],[-106.26004,34.87378],[-106.26011,34.87353],[-106.26046,34.87357],[-106.26058,34.87386],[-106.26117,34.8741],[-106.26125,34.87444],[-106.26087,34.87491],[-106.26019,34.87489],[-106.26072,34.87546],[-106.26146,34.87524],[-106.26309,34.87537],[-106.26361,34.87501],[-106.26523,34.87555],[-106.26606,34.87542],[-106.26738,34.87584],[-106.2677,34.87584],[-106.26801,34.87507],[-106.2676,34.87336],[-106.26815,34.8733],[-106.26898,34.87418],[-106.26941,34.87403],[-106.26941,34.87385],[-106.2699,34.87395],[-106.27014,34.87428],[-106.27077,34.87385],[-106.27181,34.87417],[-106.27214,34.87453],[-106.27246,34.87459],[-106.27329,34.87418],[-106.27367,34.87437],[-106.27376,34.87458],[-106.27407,34.87412],[-106.27571,34.87356],[-106.27836,34.87413],[-106.27937,34.87412],[-106.28087,34.8737],[-106.28139,34.87393],[-106.28192,34.87457],[-106.2823,34.87466],[-106.28328,34.87427],[-106.28336,34.87405],[-106.28397,34.87397],[-106.28399,34.87366],[-106.28324,34.87331],[-106.28332,34.87286],[-106.28236,34.8728],[-106.28239,34.87258],[-106.28218,34.87239],[-106.28146,34.87242],[-106.28096,34.87221],[-106.2809,34.87174],[-106.28057,34.87138],[-106.27994,34.87141],[-106.27969,34.87082],[-106.27777,34.87163],[-106.27699,34.8718],[-106.27589,34.87177],[-106.27483,34.87099],[-106.27403,34.87114],[-106.27402,34.87093],[-106.27376,34.87076],[-106.27387,34.87017],[-106.27352,34.87005],[-106.27345,34.86976],[-106.27252,34.86932],[-106.27052,34.8692],[-106.2696,34.86935],[-106.26914,34.86959],[-106.26851,34.8695],[-106.26627,34.87124],[-106.26572,34.87127],[-106.26492,34.87195],[-106.26429,34.87224],[-106.26369,34.87294],[-106.26275,34.87176],[-106.26262,34.87131],[-106.26244,34.87139],[-106.26218,34.87119],[-106.262,34.87173],[-106.26159,34.87193],[-106.26078,34.87179],[-106.25954,34.872],[-106.26003,34.87244],[-106.25808,34.87324],[-106.25635,34.87303],[-106.25749,34.87255],[-106.25795,34.87219],[-106.25754,34.8721],[-106.25751,34.8717],[-106.25788,34.87143],[-106.259,34.87108],[-106.25894,34.87066],[-106.25862,34.87047],[-106.25645,34.87056],[-106.25598,34.87038],[-106.25635,34.87013],[-106.256,34.86987],[-106.25469,34.86936],[-106.25492,34.86912],[-106.25584,34.86907],[-106.25584,34.86878],[-106.25549,34.86866],[-106.25531,34.86828],[-106.25601,34.86821],[-106.256,34.86801],[-106.2551,34.86786],[-106.25504,34.86757],[-106.25623,34.86751],[-106.25512,34.86717],[-106.2547,34.86617],[-106.25522,34.86638],[-106.2554,34.86671],[-106.25595,34.86677],[-106.25602,34.86657],[-106.25577,34.86633],[-106.25618,34.86623],[-106.25629,34.86601],[-106.25757,34.86638],[-106.25884,34.86593],[-106.25892,34.86565],[-106.26042,34.86565],[-106.2608,34.86551],[-106.26082,34.86486],[-106.26001,34.8648],[-106.26,34.86458],[-106.26133,34.86452],[-106.26297,34.86343],[-106.2635,34.86245],[-106.26318,34.86207],[-106.26251,34.86208],[-106.26122,34.8625],[-106.26041,34.86258],[-106.25968,34.86239],[-106.25987,34.86216],[-106.25965,34.86175],[-106.25938,34.8617],[-106.25935,34.86148],[-106.25961,34.86117],[-106.26006,34.8611],[-106.26048,34.86143],[-106.26045,34.862],[-106.2606,34.86224],[-106.26098,34.86209],[-106.26141,34.86138],[-106.26137,34.86104],[-106.26122,34.86085],[-106.25931,34.8607],[-106.25858,34.86042],[-106.25791,34.86062],[-106.25722,34.86046],[-106.25739,34.86019],[-106.25841,34.8597],[-106.25802,34.8594],[-106.25826,34.85873],[-106.25762,34.8581],[-106.25623,34.85804],[-106.25588,34.85825],[-106.25553,34.85821],[-106.25542,34.85804],[-106.25555,34.85759],[-106.25514,34.85724],[-106.25462,34.85696],[-106.25418,34.85687],[-106.25384,34.85699],[-106.25349,34.85685],[-106.2534,34.85657],[-106.25411,34.8562],[-106.25378,34.856],[-106.25305,34.85633],[-106.25066,34.856],[-106.25029,34.85616],[-106.24924,34.8561],[-106.24908,34.85619],[-106.24896,34.85743],[-106.24866,34.85776],[-106.2482,34.85786],[-106.24773,34.85759],[-106.24714,34.85801],[-106.24635,34.85778],[-106.24577,34.85738],[-106.24566,34.85696],[-106.24494,34.85643],[-106.24507,34.85629],[-106.24499,34.8561],[-106.24386,34.8559],[-106.24289,34.85602],[-106.24268,34.85625],[-106.24227,34.8563],[-106.24211,34.85653],[-106.24216,34.85702],[-106.24174,34.85696],[-106.24156,34.85708],[-106.24193,34.85729],[-106.24207,34.858],[-106.24138,34.85833],[-106.241,34.85803],[-106.24045,34.85807],[-106.2433,34.85955],[-106.2436,34.85964],[-106.24414,34.85942],[-106.24429,34.8595],[-106.2445,34.85992],[-106.24431,34.86016],[-106.2444,34.86034],[-106.24396,34.86062],[-106.24383,34.86114],[-106.24513,34.86191],[-106.24558,34.86192],[-106.24649,34.8623],[-106.24662,34.86251],[-106.24698,34.86238],[-106.24725,34.86253],[-106.24665,34.86307],[-106.24622,34.86307],[-106.2459,34.86384],[-106.24521,34.86288],[-106.24463,34.86269],[-106.24418,34.8622],[-106.24333,34.86243],[-106.24178,34.86162],[-106.2414,34.86155],[-106.24079,34.86169],[-106.23833,34.86084],[-106.23701,34.85983],[-106.23639,34.85965],[-106.23571,34.85975],[-106.23512,34.86005],[-106.23326,34.85922],[-106.23227,34.85903],[-106.23305,34.8575],[-106.23245,34.85747],[-106.23218,34.8572],[-106.2312,34.85708],[-106.23,34.85656],[-106.2301,34.85547],[-106.23082,34.85517],[-106.23131,34.85524],[-106.23126,34.85455],[-106.23215,34.85473],[-106.23346,34.85366],[-106.23387,34.85379],[-106.23408,34.85406],[-106.2332,34.85433],[-106.23293,34.85468],[-106.233,34.85484],[-106.23362,34.85475],[-106.2345,34.85421],[-106.23465,34.85389],[-106.23629,34.85405],[-106.23678,34.85389],[-106.23746,34.85422],[-106.23761,34.8545],[-106.23717,34.85486],[-106.23746,34.855],[-106.23804,34.85495],[-106.23858,34.85469],[-106.23853,34.8543],[-106.23792,34.8539],[-106.23802,34.85368],[-106.23879,34.85398],[-106.23898,34.85428],[-106.23882,34.85501],[-106.23898,34.85522],[-106.23926,34.85472],[-106.24011,34.8545],[-106.23843,34.85338],[-106.23853,34.85292],[-106.24147,34.85189],[-106.24172,34.85128],[-106.24219,34.85089],[-106.2442,34.85115],[-106.24501,34.8517],[-106.24527,34.85162],[-106.24557,34.85089],[-106.24589,34.85097],[-106.24614,34.85128],[-106.24644,34.85137],[-106.24659,34.85181],[-106.24698,34.8521],[-106.24834,34.85254],[-106.24831,34.85306],[-106.24871,34.85344],[-106.24862,34.85375],[-106.24932,34.85478],[-106.24951,34.85478],[-106.24897,34.85341],[-106.24909,34.85263],[-106.25019,34.85219],[-106.25051,34.85226],[-106.25088,34.85264],[-106.25106,34.85226],[-106.25217,34.85225],[-106.25217,34.85183],[-106.25045,34.85118],[-106.25039,34.85075],[-106.25009,34.85056],[-106.24935,34.85058],[-106.24882,34.85039],[-106.24872,34.8505],[-106.2487,34.85003],[-106.24806,34.84994],[-106.2475,34.84966],[-106.24667,34.848],[-106.24689,34.8473],[-106.24737,34.84713],[-106.24754,34.84689],[-106.24723,34.84636],[-106.24667,34.84629],[-106.24681,34.84593],[-106.24731,34.84576],[-106.24795,34.84578],[-106.2483,34.84609],[-106.25035,34.8467],[-106.25087,34.84714],[-106.2559,34.84819],[-106.25877,34.8483],[-106.26088,34.84971],[-106.26087,34.85117],[-106.26254,34.85258],[-106.2637,34.85267],[-106.2643,34.85235],[-106.26433,34.85204],[-106.26336,34.85152],[-106.26296,34.84967],[-106.26219,34.84858],[-106.26093,34.84757],[-106.25884,34.84549],[-106.25921,34.84493],[-106.2614,34.84448],[-106.26208,34.84491],[-106.26443,34.84533],[-106.26516,34.84611],[-106.26583,34.84604],[-106.26586,34.84463],[-106.26469,34.84385],[-106.26437,34.84328],[-106.26323,34.84282],[-106.26181,34.8429],[-106.25853,34.84237],[-106.25864,34.84196],[-106.25701,34.84102],[-106.25683,34.84057],[-106.25793,34.84053],[-106.25816,34.84079],[-106.25904,34.84107],[-106.25934,34.84026],[-106.25878,34.83926],[-106.25852,34.83929],[-106.25793,34.84015],[-106.25712,34.84005],[-106.25663,34.83974],[-106.25557,34.83955],[-106.2544,34.84048],[-106.25281,34.84052],[-106.25217,34.84026],[-106.25128,34.83922],[-106.25189,34.83919],[-106.25185,34.83883],[-106.25208,34.83859],[-106.25332,34.83789],[-106.25351,34.83748],[-106.25403,34.83704],[-106.25333,34.83691],[-106.25238,34.8372],[-106.25139,34.83652],[-106.25032,34.83658],[-106.25014,34.83622],[-106.24973,34.83613],[-106.2491,34.83628],[-106.24666,34.83612],[-106.24611,34.83549],[-106.2459,34.83568],[-106.24505,34.83569],[-106.24432,34.83516],[-106.24098,34.83448],[-106.24025,34.83417],[-106.24008,34.83398],[-106.24008,34.83363],[-106.23986,34.8337],[-106.23908,34.83484],[-106.23883,34.8349],[-106.23912,34.83501],[-106.23959,34.8349],[-106.23968,34.83519],[-106.23941,34.83564],[-106.23836,34.83566],[-106.23836,34.83592],[-106.23855,34.83607],[-106.2385,34.8365],[-106.23824,34.83653],[-106.23753,34.83607],[-106.23756,34.83588],[-106.23698,34.83546],[-106.23713,34.8352],[-106.23749,34.83506],[-106.23632,34.83486],[-106.23635,34.83466],[-106.23838,34.83431],[-106.23615,34.83419],[-106.23567,34.83409],[-106.23468,34.83353],[-106.23493,34.83327],[-106.23525,34.83322],[-106.23647,34.83341],[-106.23714,34.83375],[-106.23878,34.83386],[-106.23848,34.83334],[-106.23768,34.83302],[-106.23816,34.83208],[-106.23805,34.83182],[-106.23781,34.83173],[-106.237,34.83192],[-106.23638,34.83161],[-106.2362,34.83202],[-106.23637,34.83255],[-106.23595,34.83273],[-106.23538,34.83255],[-106.23541,34.83216],[-106.23568,34.83203],[-106.2351,34.83165],[-106.23561,34.83122],[-106.23786,34.83124],[-106.23843,34.83142],[-106.23878,34.83123],[-106.24026,34.83102],[-106.24278,34.83119],[-106.24296,34.83106],[-106.24277,34.83052],[-106.24327,34.83033],[-106.24447,34.83039],[-106.24445,34.83003],[-106.24526,34.82977],[-106.2454,34.82955],[-106.24444,34.82944],[-106.24436,34.82927],[-106.24535,34.8287],[-106.24532,34.82843],[-106.24494,34.82839],[-106.2444,34.82871],[-106.2436,34.82883],[-106.24385,34.82918],[-106.24361,34.82972],[-106.24242,34.82959],[-106.24234,34.8299],[-106.24192,34.82998],[-106.24101,34.8293],[-106.24075,34.82931],[-106.24,34.82987],[-106.23963,34.82991],[-106.23809,34.82949],[-106.23604,34.82951],[-106.23617,34.82935],[-106.23346,34.82907],[-106.23211,34.82852],[-106.23088,34.82723],[-106.22912,34.82685],[-106.2282,34.82554],[-106.22752,34.82592],[-106.22683,34.82569],[-106.2264,34.82526],[-106.22493,34.82469],[-106.22494,34.82426],[-106.22695,34.82357],[-106.22857,34.8234],[-106.22906,34.82349],[-106.23156,34.82304],[-106.23645,34.82471],[-106.23659,34.82529],[-106.23743,34.82586],[-106.23906,34.82614],[-106.23971,34.82642],[-106.24004,34.82683],[-106.24069,34.82681],[-106.24093,34.82521],[-106.24305,34.82496],[-106.2431,34.8258],[-106.24361,34.82566],[-106.24399,34.82595],[-106.2443,34.82653],[-106.24472,34.82682],[-106.24563,34.82692],[-106.24624,34.82667],[-106.24645,34.82699],[-106.24692,34.82701],[-106.24717,34.82746],[-106.24825,34.82806],[-106.24842,34.82827],[-106.24788,34.82926],[-106.24839,34.83006],[-106.24885,34.83025],[-106.24962,34.82884],[-106.25025,34.82864],[-106.254,34.82979],[-106.25586,34.82994],[-106.25594,34.8298],[-106.25536,34.82937],[-106.25426,34.82945],[-106.25367,34.8287],[-106.25351,34.82794],[-106.25308,34.8278],[-106.25227,34.82776],[-106.25178,34.82798],[-106.25022,34.82812],[-106.25027,34.82778],[-106.24972,34.82767],[-106.24992,34.8274],[-106.25051,34.82747],[-106.25075,34.82715],[-106.25055,34.82636],[-106.25188,34.82629],[-106.25207,34.82602],[-106.25262,34.82625],[-106.25418,34.82623],[-106.25555,34.8257],[-106.25556,34.82554],[-106.25602,34.82555],[-106.25667,34.82614],[-106.25684,34.82609],[-106.25684,34.82575],[-106.25804,34.82507],[-106.25866,34.82554],[-106.25932,34.82547],[-106.26068,34.82509],[-106.26103,34.82471],[-106.26145,34.82487],[-106.26206,34.82479],[-106.26272,34.82457],[-106.26292,34.82436],[-106.26291,34.82395],[-106.26248,34.82391],[-106.26179,34.8242],[-106.2595,34.82413],[-106.25565,34.82433],[-106.25547,34.82422],[-106.25556,34.82404],[-106.25542,34.82391],[-106.25564,34.82352],[-106.25558,34.82321],[-106.2552,34.82312],[-106.25492,34.82348],[-106.25446,34.82356],[-106.25416,34.82323],[-106.25433,34.82261],[-106.25386,34.82216],[-106.25423,34.82204],[-106.25432,34.82172],[-106.2547,34.8214],[-106.2557,34.82132],[-106.25575,34.82116],[-106.25639,34.82127],[-106.25649,34.82159],[-106.25675,34.8217],[-106.25708,34.8217],[-106.25727,34.8214],[-106.25768,34.82131],[-106.25836,34.82152],[-106.25888,34.82054],[-106.25975,34.82067],[-106.25987,34.82089],[-106.25979,34.8211],[-106.25943,34.82127],[-106.25989,34.82124],[-106.25974,34.8216],[-106.25998,34.82174],[-106.26149,34.82175],[-106.26433,34.82212],[-106.26499,34.82161],[-106.26461,34.82131],[-106.26489,34.82097],[-106.26555,34.82073],[-106.26618,34.82015],[-106.26595,34.81989],[-106.26444,34.81975],[-106.26458,34.81957],[-106.26457,34.81907],[-106.26509,34.81887],[-106.265,34.81842],[-106.26435,34.81785],[-106.26361,34.81815],[-106.26305,34.81801],[-106.26325,34.81777],[-106.26429,34.81726],[-106.26501,34.81746],[-106.26538,34.81701],[-106.26514,34.81644],[-106.26482,34.8163],[-106.2641,34.81633],[-106.26397,34.81566],[-106.26286,34.81503],[-106.26106,34.81464],[-106.25974,34.8148],[-106.25958,34.81406],[-106.25859,34.81393],[-106.25824,34.81372],[-106.25791,34.81296],[-106.25716,34.81265],[-106.25593,34.81171],[-106.25508,34.81131],[-106.25496,34.81101],[-106.25447,34.81068],[-106.25302,34.80885],[-106.25235,34.80836],[-106.25171,34.8082],[-106.25029,34.80744],[-106.24977,34.80764],[-106.24814,34.80717],[-106.24626,34.80726],[-106.24542,34.80666],[-106.24538,34.80642],[-106.24587,34.80625],[-106.24596,34.80607],[-106.24573,34.80563],[-106.24333,34.80497],[-106.24302,34.80462],[-106.24313,34.80449],[-106.24409,34.80464],[-106.24475,34.80505],[-106.246,34.80462],[-106.2463,34.80477],[-106.24657,34.80519],[-106.24691,34.80511],[-106.24724,34.80465],[-106.2488,34.80573],[-106.24952,34.80573],[-106.24973,34.80558],[-106.24909,34.80513],[-106.24891,34.80489],[-106.24905,34.80474],[-106.24949,34.80479],[-106.24979,34.80516],[-106.25132,34.80544],[-106.25205,34.80583],[-106.25303,34.80559],[-106.25374,34.80579],[-106.25346,34.80545],[-106.25268,34.80535],[-106.25259,34.80462],[-106.25193,34.8046],[-106.25146,34.80434],[-106.25173,34.80376],[-106.25226,34.8036],[-106.25223,34.80332],[-106.25245,34.80316],[-106.25313,34.80316],[-106.25337,34.80345],[-106.25382,34.80336],[-106.25404,34.80376],[-106.25434,34.80391],[-106.25527,34.80385],[-106.25579,34.80417],[-106.2561,34.80505],[-106.25595,34.8052],[-106.25443,34.80532],[-106.25414,34.80579],[-106.255,34.80554],[-106.25676,34.80583],[-106.25761,34.80659],[-106.2576,34.80745],[-106.25818,34.80787],[-106.25859,34.80765],[-106.25908,34.80767],[-106.25964,34.80824],[-106.25965,34.80846],[-106.26046,34.80914],[-106.26167,34.80908],[-106.26171,34.80931],[-106.26131,34.80951],[-106.26145,34.80972],[-106.2618,34.80981],[-106.26307,34.81074],[-106.26356,34.81058],[-106.26404,34.81079],[-106.26444,34.81117],[-106.26455,34.81179],[-106.26484,34.81207],[-106.26563,34.81215],[-106.26615,34.81261],[-106.26695,34.81296],[-106.26738,34.81299],[-106.26842,34.81269],[-106.26893,34.81197],[-106.26919,34.81121],[-106.26914,34.81074],[-106.27024,34.80954],[-106.27082,34.8092],[-106.27137,34.80911],[-106.27264,34.80937],[-106.27483,34.81037],[-106.27492,34.81082],[-106.27544,34.81108],[-106.2766,34.81126],[-106.27724,34.81151],[-106.27836,34.81234],[-106.27879,34.81231],[-106.27923,34.81118],[-106.27913,34.81004],[-106.27823,34.80955],[-106.27778,34.80888],[-106.27757,34.80831],[-106.2768,34.80739],[-106.27674,34.80701],[-106.27706,34.80693],[-106.27779,34.80743],[-106.27935,34.8077],[-106.28,34.80819],[-106.28038,34.80878],[-106.28021,34.81075],[-106.28068,34.81124],[-106.28046,34.81196],[-106.28049,34.81329],[-106.2802,34.81353],[-106.28036,34.81372],[-106.2808,34.81359],[-106.28157,34.81177],[-106.28079,34.81098],[-106.28088,34.81078],[-106.28067,34.81021],[-106.28069,34.80974],[-106.28094,34.8093],[-106.28251,34.80943],[-106.28243,34.80932],[-106.28276,34.80924],[-106.2832,34.80949],[-106.28398,34.80949],[-106.28502,34.80905],[-106.28556,34.80899],[-106.28624,34.80972],[-106.28659,34.80989],[-106.2885,34.80987],[-106.28998,34.80931],[-106.29015,34.80905],[-106.28977,34.80871],[-106.28849,34.80895],[-106.28814,34.80881],[-106.28724,34.80886],[-106.28677,34.80872],[-106.28654,34.80848],[-106.28668,34.80831],[-106.28596,34.80808],[-106.28595,34.80772],[-106.28654,34.80672],[-106.28628,34.80646],[-106.2852,34.80597],[-106.28448,34.806],[-106.2843,34.80569],[-106.28432,34.80533],[-106.28333,34.80467],[-106.28303,34.80425],[-106.2816,34.80324],[-106.2807,34.80308],[-106.28139,34.8018],[-106.28121,34.80121],[-106.28133,34.801],[-106.27975,34.80015],[-106.27909,34.79951],[-106.27916,34.79871],[-106.27997,34.79886],[-106.28111,34.79953],[-106.2818,34.79925],[-106.28227,34.7996],[-106.28227,34.79994],[-106.28274,34.80051],[-106.28341,34.80093],[-106.28387,34.80042],[-106.28416,34.80037],[-106.28512,34.80103],[-106.28525,34.80184],[-106.28577,34.80167],[-106.28668,34.80235],[-106.28784,34.80245],[-106.28864,34.80194],[-106.29004,34.80141],[-106.2902,34.80101],[-106.29055,34.80106],[-106.29058,34.80175],[-106.2913,34.80192],[-106.29133,34.8024],[-106.29158,34.80243],[-106.29183,34.80216],[-106.2922,34.80206],[-106.29285,34.80215],[-106.29332,34.80253],[-106.29413,34.80269],[-106.29417,34.80231],[-106.29271,34.80168],[-106.29298,34.8014],[-106.29337,34.80142],[-106.29468,34.80204],[-106.29582,34.80225],[-106.29647,34.80295],[-106.299,34.80443],[-106.29925,34.80486],[-106.2999,34.80457],[-106.3003,34.80459],[-106.30072,34.80492],[-106.29994,34.80347],[-106.29993,34.80311],[-106.29912,34.80276],[-106.29897,34.80246],[-106.29839,34.80208],[-106.29691,34.80186],[-106.29696,34.80159],[-106.29756,34.80133],[-106.29872,34.80122],[-106.30046,34.80149],[-106.30163,34.80217],[-106.3024,34.80224],[-106.3031,34.80205],[-106.3038,34.80318],[-106.30463,34.80359],[-106.30535,34.80368],[-106.30591,34.80417],[-106.30678,34.80438],[-106.30783,34.80513],[-106.30868,34.80543],[-106.30971,34.80643],[-106.31039,34.80635],[-106.31074,34.80651],[-106.31078,34.80685],[-106.31041,34.80717],[-106.31088,34.80748],[-106.31144,34.8075],[-106.31211,34.80793],[-106.31374,34.80822],[-106.31366,34.80841],[-106.31398,34.8085],[-106.31408,34.80885],[-106.31449,34.80915],[-106.31606,34.80921],[-106.31655,34.80951],[-106.31728,34.81033],[-106.3167,34.81103],[-106.31647,34.81189],[-106.31662,34.81243],[-106.31693,34.81248],[-106.31721,34.81219],[-106.31794,34.8123],[-106.31891,34.81209],[-106.31862,34.81149],[-106.31876,34.81132],[-106.32001,34.81139],[-106.32063,34.8115],[-106.32099,34.81184],[-106.322,34.81214],[-106.32235,34.81251],[-106.32343,34.81276],[-106.32368,34.81295],[-106.32375,34.81338],[-106.32417,34.81369],[-106.32487,34.81366],[-106.32569,34.81328],[-106.32611,34.81327],[-106.32652,34.81292],[-106.32607,34.81261],[-106.32547,34.81248],[-106.32537,34.81233],[-106.32547,34.81205],[-106.32693,34.81226],[-106.32767,34.813],[-106.32812,34.81316],[-106.32833,34.81305],[-106.32814,34.81228],[-106.32845,34.81207],[-106.32882,34.81207],[-106.32867,34.81151],[-106.32878,34.81128],[-106.32927,34.811],[-106.32988,34.8109],[-106.33061,34.81149],[-106.3307,34.81189],[-106.33099,34.81224],[-106.33099,34.81253],[-106.33045,34.81311],[-106.33045,34.81328],[-106.33073,34.81339],[-106.33128,34.81324],[-106.33159,34.81292],[-106.33228,34.8128],[-106.33298,34.81294],[-106.33341,34.81362],[-106.33438,34.81593],[-106.33449,34.81641],[-106.33433,34.81707],[-106.33479,34.81773],[-106.33494,34.81861],[-106.33585,34.81895],[-106.33603,34.81929],[-106.33608,34.82003],[-106.33647,34.8204],[-106.3363,34.821],[-106.33641,34.8214],[-106.33697,34.82134],[-106.33741,34.82079],[-106.33824,34.82038],[-106.33785,34.81998],[-106.3378,34.81947],[-106.33829,34.81926],[-106.33894,34.8186],[-106.3389,34.81846],[-106.33931,34.81826],[-106.3395,34.81888],[-106.34008,34.8189],[-106.34106,34.81775],[-106.34126,34.81796],[-106.34155,34.81794],[-106.34164,34.81775],[-106.34138,34.81768],[-106.34182,34.81744],[-106.34211,34.81701],[-106.34272,34.81671],[-106.34345,34.81697],[-106.34472,34.81673],[-106.34846,34.81543],[-106.34926,34.81557],[-106.34981,34.81546],[-106.34985,34.81487],[-106.35051,34.8148],[-106.35071,34.81446],[-106.35133,34.81431],[-106.35217,34.81442],[-106.35268,34.81398],[-106.3535,34.81405],[-106.35336,34.81331],[-106.35373,34.81285],[-106.35444,34.81258],[-106.35553,34.81247],[-106.35618,34.81221],[-106.35624,34.81186],[-106.35761,34.81182],[-106.35824,34.81127],[-106.3591,34.81111],[-106.35936,34.81116],[-106.35921,34.81148],[-106.35942,34.81148],[-106.36023,34.81072],[-106.36059,34.81074],[-106.3607,34.81046],[-106.36131,34.81031],[-106.36145,34.81006],[-106.36207,34.81],[-106.36244,34.80979],[-106.36333,34.80993],[-106.36349,34.81032],[-106.36362,34.81007],[-106.36426,34.80986],[-106.36563,34.81003],[-106.36601,34.80982],[-106.36684,34.80977],[-106.36716,34.80995],[-106.36765,34.80988],[-106.36845,34.80935],[-106.3699,34.80918],[-106.37062,34.80937],[-106.37091,34.80919],[-106.37085,34.80905],[-106.36997,34.80835],[-106.36979,34.80786],[-106.36995,34.80714],[-106.37019,34.80683],[-106.37064,34.80685],[-106.37132,34.8081],[-106.3728,34.80897],[-106.37284,34.80929],[-106.37329,34.80936],[-106.37359,34.80905],[-106.374,34.80894],[-106.37511,34.80891],[-106.37735,34.80973],[-106.37736,34.81014],[-106.37774,34.81049],[-106.37755,34.81064],[-106.37761,34.81097],[-106.37741,34.81117],[-106.37785,34.81184],[-106.37753,34.81246],[-106.37727,34.81252],[-106.3773,34.81281],[-106.37702,34.81289],[-106.37764,34.81344],[-106.3777,34.8138],[-106.37575,34.81393],[-106.37534,34.81488],[-106.37501,34.81492],[-106.37432,34.81558],[-106.37431,34.81574],[-106.37359,34.81564],[-106.37298,34.81608],[-106.37052,34.81674],[-106.37053,34.81732],[-106.37019,34.81792],[-106.36771,34.81859],[-106.36728,34.81898],[-106.36756,34.8193],[-106.36716,34.81963],[-106.36698,34.81957],[-106.36627,34.82065],[-106.36544,34.82135],[-106.3651,34.82213],[-106.3648,34.82244],[-106.36408,34.82274],[-106.36316,34.8231],[-106.36222,34.82324],[-106.35441,34.82303],[-106.35438,34.82314],[-106.35318,34.82314],[-106.35173,34.82338],[-106.34726,34.8236],[-106.34715,34.82343],[-106.34755,34.82336],[-106.34742,34.82309],[-106.34757,34.82286],[-106.34808,34.82252],[-106.34885,34.82239],[-106.34856,34.82185],[-106.34806,34.82196],[-106.34796,34.82178],[-106.34754,34.8222],[-106.34656,34.82244],[-106.34618,34.82316],[-106.34573,34.82303],[-106.34507,34.82313],[-106.34478,34.82373],[-106.34425,34.82605],[-106.34447,34.82612],[-106.34418,34.82642],[-106.34471,34.8266],[-106.34481,34.82693],[-106.34534,34.827],[-106.3455,34.82684],[-106.34573,34.82712],[-106.34574,34.82803],[-106.34551,34.82837],[-106.34485,34.82863],[-106.34417,34.82819],[-106.34364,34.82836],[-106.34386,34.82873],[-106.34418,34.82869],[-106.34462,34.82907],[-106.34442,34.82922],[-106.34469,34.82945],[-106.34435,34.82988],[-106.34495,34.831],[-106.34489,34.8314],[-106.34377,34.83222],[-106.34338,34.83219],[-106.34292,34.83172],[-106.34319,34.83116],[-106.343,34.83043],[-106.3429,34.83043],[-106.342,34.83127],[-106.34194,34.83175],[-106.34207,34.83209],[-106.34165,34.83217],[-106.34204,34.83274],[-106.34201,34.83291],[-106.34254,34.8331],[-106.34293,34.83448],[-106.34241,34.83512],[-106.34143,34.83564],[-106.34132,34.83596],[-106.34153,34.83621],[-106.34318,34.8367],[-106.34365,34.83651],[-106.34371,34.83687],[-106.3437,34.83748],[-106.34302,34.83799],[-106.34248,34.83867],[-106.34299,34.83894],[-106.34267,34.84004],[-106.34152,34.84158],[-106.34255,34.8427],[-106.34152,34.84333],[-106.34131,34.84418],[-106.34153,34.84564],[-106.34178,34.84595],[-106.34131,34.84638],[-106.34096,34.8464],[-106.34076,34.8481],[-106.3406,34.84845],[-106.33951,34.8496],[-106.33931,34.85109],[-106.33873,34.8518],[-106.33845,34.85272],[-106.33794,34.85317],[-106.33609,34.85347],[-106.33416,34.85323],[-106.33376,34.8536],[-106.33264,34.85413],[-106.33181,34.854],[-106.33073,34.85436],[-106.33124,34.8546],[-106.33132,34.85526],[-106.33081,34.85554],[-106.33074,34.85609],[-106.3301,34.85662],[-106.32835,34.85736],[-106.32792,34.85844],[-106.32746,34.85905],[-106.32715,34.85999],[-106.32578,34.86103],[-106.32579,34.86172],[-106.32458,34.86324],[-106.32275,34.86311],[-106.32229,34.86314],[-106.32211,34.86329],[-106.32087,34.86296],[-106.32009,34.86297],[-106.31954,34.86322],[-106.31945,34.86349],[-106.31957,34.86368],[-106.32103,34.86401],[-106.32185,34.86482],[-106.32251,34.86506],[-106.32267,34.86553],[-106.32246,34.86556],[-106.3225,34.86587],[-106.32195,34.86634],[-106.3219,34.8667],[-106.32223,34.86684],[-106.32225,34.86699],[-106.32204,34.86693],[-106.32206,34.86724],[-106.32179,34.86738],[-106.32157,34.86731],[-106.3212,34.86771],[-106.32159,34.86782],[-106.32143,34.8682],[-106.32111,34.86831],[-106.32112,34.86905],[-106.32069,34.86962],[-106.32074,34.86998],[-106.32013,34.87005],[-106.32031,34.87045],[-106.31999,34.87064],[-106.31995,34.871],[-106.31946,34.87107],[-106.31927,34.87134],[-106.31873,34.87128],[-106.31855,34.87145],[-106.31848,34.87211],[-106.31862,34.87219],[-106.31872,34.87285],[-106.31801,34.87332],[-106.31803,34.87366],[-106.31781,34.87403],[-106.31746,34.87407],[-106.31716,34.87391],[-106.31682,34.8741],[-106.3165,34.87407],[-106.31544,34.87486],[-106.31561,34.87539],[-106.31615,34.87573],[-106.31599,34.87623],[-106.31561,34.87636],[-106.3158,34.87691],[-106.31519,34.87748],[-106.31408,34.87769],[-106.31329,34.87905],[-106.3131,34.88011],[-106.31267,34.88063],[-106.31238,34.88141],[-106.31132,34.88169],[-106.30971,34.88245],[-106.30823,34.88272],[-106.30735,34.88389],[-106.30672,34.88377],[-106.30547,34.88439],[-106.30529,34.88475],[-106.30564,34.88504],[-106.30565,34.88561],[-106.30501,34.88644],[-106.30471,34.88657],[-106.30475,34.88678],[-106.30355,34.88853],[-106.3021,34.88914],[-106.30165,34.88966],[-106.30118,34.89048],[-106.30112,34.89104],[-106.3008,34.89173],[-106.29978,34.89311],[-106.29902,34.89348],[-106.29615,34.89378],[-106.29581,34.89401],[-106.29558,34.89453],[-106.29603,34.89681],[-106.29559,34.89745],[-106.2949,34.89797],[-106.2948,34.89837],[-106.29349,34.89876],[-106.29235,34.8994],[-106.2883,34.9005],[-106.28831,34.90082],[-106.28734,34.90111],[-106.28724,34.90146],[-106.28627,34.90144],[-106.28627,34.90175],[-106.28428,34.90321],[-106.28404,34.90364],[-106.28391,34.90352],[-106.28084,34.90385],[-106.28019,34.90361],[-106.28016,34.90389],[-106.27942,34.90407],[-106.27902,34.90379],[-106.27883,34.90392],[-106.27863,34.90368],[-106.27787,34.90339],[-106.27684,34.90338],[-106.27679,34.90326],[-106.27729,34.90269],[-106.27718,34.90242],[-106.27575,34.90209],[-106.2754,34.90213],[-106.27615,34.90309],[-106.27556,34.90324],[-106.27552,34.90339],[-106.27517,34.90327],[-106.27491,34.90352],[-106.27417,34.90323],[-106.27372,34.90274],[-106.27382,34.90261],[-106.27352,34.90212],[-106.27332,34.90206],[-106.27308,34.90238],[-106.2734,34.90283],[-106.27334,34.90344],[-106.27269,34.90424],[-106.27207,34.90437],[-106.27098,34.90398],[-106.27108,34.90366],[-106.27087,34.90326],[-106.27086,34.90266],[-106.27043,34.90221]]],[[[-106.26791,34.80853],[-106.26788,34.80796],[-106.26822,34.80798],[-106.26837,34.80817],[-106.26869,34.80734],[-106.26811,34.80657],[-106.26723,34.80599],[-106.26706,34.80571],[-106.26732,34.8053],[-106.26799,34.80488],[-106.2682,34.80492],[-106.26819,34.80512],[-106.26797,34.80524],[-106.26788,34.80558],[-106.26853,34.80618],[-106.26901,34.80628],[-106.26901,34.8069],[-106.2697,34.80752],[-106.26951,34.80868],[-106.26911,34.80942],[-106.26915,34.80985],[-106.26879,34.81008],[-106.26841,34.81065],[-106.26824,34.81072],[-106.26809,34.81054],[-106.26821,34.80903],[-106.26791,34.80853]]],[[[-106.25195,34.82137],[-106.251,34.82121],[-106.2507,34.82086],[-106.25066,34.82],[-106.25181,34.81973],[-106.25324,34.82033],[-106.25344,34.82059],[-106.25327,34.82074],[-106.25239,34.82134],[-106.25195,34.82137]]],[[[-106.23506,34.83661],[-106.23431,34.83615],[-106.23419,34.83583],[-106.23543,34.83565],[-106.23571,34.83535],[-106.23641,34.83565],[-106.23622,34.83611],[-106.23648,34.83632],[-106.23646,34.83652],[-106.23614,34.83663],[-106.23575,34.83653],[-106.23593,34.83679],[-106.23547,34.83684],[-106.23506,34.83661]]],[[[-106.27011,34.80689],[-106.27032,34.80674],[-106.27073,34.80719],[-106.27157,34.80761],[-106.27166,34.80792],[-106.27155,34.80828],[-106.27095,34.80864],[-106.27045,34.80777],[-106.27016,34.80765],[-106.27011,34.80689]]],[[[-106.32677,34.81089],[-106.32704,34.81063],[-106.32729,34.81082],[-106.32779,34.81179],[-106.32762,34.81197],[-106.32703,34.81194],[-106.32671,34.81169],[-106.32677,34.81089]]],[[[-106.26684,34.80676],[-106.26675,34.80642],[-106.26719,34.80649],[-106.26769,34.80696],[-106.26746,34.80708],[-106.26684,34.80676]]],[[[-106.33385,34.81313],[-106.33402,34.81296],[-106.3344,34.81298],[-106.33444,34.81338],[-106.33385,34.81341],[-106.33385,34.81313]]],[[[-106.24934,34.82827],[-106.24906,34.82819],[-106.24942,34.82806],[-106.24994,34.8281],[-106.24974,34.82844],[-106.24934,34.82827]]],[[[-106.27976,34.80135],[-106.28022,34.80143],[-106.28037,34.80172],[-106.27979,34.8016],[-106.27976,34.80135]]]]},"properties":{"incidentname":"Dog Head","perimeterdatetime":1466798400000,"gisacres":17909.6,"state":"NM"}},{"type":"Feature","geometry":{"type":"MultiPolygon","coordinates":[[[[-106.27043,34.90221],[-106.26971,34.90152],[-106.26926,34.90145],[-106.26951,34.90109],[-106.26994,34.90097],[-106.26978,34.9007],[-106.2687,34.90008],[-106.26801,34.90043],[-106.26759,34.90029],[-106.26751,34.89989],[-106.26724,34.89986],[-106.26734,34.90015],[-106.26704,34.90061],[-106.26672,34.90036],[-106.26647,34.90001],[-106.26682,34.89984],[-106.2674,34.89912],[-106.26708,34.89906],[-106.26636,34.89961],[-106.26584,34.89968],[-106.26563,34.89965],[-106.26539,34.89926],[-106.26497,34.89972],[-106.2645,34.89984],[-106.26378,34.89954],[-106.26256,34.89941],[-106.26213,34.89973],[-106.26035,34.89898],[-106.2591,34.89883],[-106.25919,34.89858],[-106.2595,34.89852],[-106.25947,34.8983],[-106.26008,34.89822],[-106.25978,34.89763],[-106.25865,34.89709],[-106.25812,34.89707],[-106.256,34.8964],[-106.25547,34.89567],[-106.2557,34.89545],[-106.25468,34.89539],[-106.25187,34.89358],[-106.2518,34.8928],[-106.25218,34.89255],[-106.25365,34.89232],[-106.25547,34.89233],[-106.25601,34.89297],[-106.25629,34.89294],[-106.25614,34.89261],[-106.2564,34.89244],[-106.2584,34.89208],[-106.25923,34.89148],[-106.25901,34.89098],[-106.25849,34.89084],[-106.25868,34.89055],[-106.2579,34.89016],[-106.25744,34.89016],[-106.25646,34.89058],[-106.25562,34.89054],[-106.25582,34.89025],[-106.25718,34.88993],[-106.25757,34.88949],[-106.25865,34.89001],[-106.25944,34.89007],[-106.26108,34.8897],[-106.26102,34.88951],[-106.25945,34.88931],[-106.2593,34.889],[-106.25857,34.88864],[-106.25857,34.88818],[-106.25691,34.88776],[-106.25659,34.88752],[-106.25615,34.88753],[-106.25593,34.88789],[-106.25526,34.88778],[-106.25494,34.88744],[-106.25439,34.88759],[-106.25411,34.88816],[-106.25289,34.88876],[-106.25179,34.88969],[-106.25135,34.89044],[-106.2495,34.8922],[-106.24677,34.89299],[-106.24607,34.89283],[-106.24579,34.89307],[-106.24527,34.8932],[-106.24506,34.8927],[-106.24368,34.89154],[-106.24356,34.89131],[-106.24367,34.89116],[-106.24312,34.89076],[-106.24243,34.8911],[-106.2413,34.89121],[-106.23975,34.89037],[-106.23846,34.88933],[-106.23834,34.88905],[-106.23848,34.88883],[-106.2411,34.88935],[-106.24249,34.88941],[-106.24286,34.88917],[-106.24286,34.88886],[-106.24233,34.8885],[-106.24259,34.88841],[-106.24323,34.88857],[-106.24311,34.88823],[-106.24133,34.88756],[-106.24109,34.88723],[-106.24197,34.88607],[-106.24247,34.8864],[-106.24397,34.8857],[-106.24455,34.88576],[-106.24472,34.88595],[-106.24521,34.88556],[-106.24553,34.88559],[-106.24588,34.88599],[-106.24605,34.88577],[-106.24596,34.88537],[-106.24688,34.88476],[-106.24783,34.88454],[-106.2494,34.88476],[-106.24982,34.88406],[-106.25031,34.88399],[-106.2506,34.88377],[-106.25076,34.88319],[-106.25148,34.88273],[-106.25217,34.88268],[-106.25248,34.88282],[-106.25358,34.88249],[-106.25494,34.88244],[-106.25501,34.88265],[-106.25547,34.88283],[-106.25725,34.8831],[-106.25826,34.88302],[-106.25834,34.88281],[-106.25788,34.88267],[-106.25766,34.88191],[-106.25768,34.88152],[-106.25811,34.88066],[-106.25804,34.88045],[-106.25676,34.87984],[-106.25658,34.87913],[-106.25613,34.87863],[-106.25642,34.87832],[-106.2574,34.87788],[-106.25896,34.8781],[-106.25959,34.87754],[-106.26003,34.87759],[-106.25952,34.87852],[-106.26004,34.87873],[-106.26051,34.87877],[-106.26169,34.87848],[-106.26361,34.87872],[-106.26486,34.87911],[-106.2653,34.87956],[-106.26567,34.8796],[-106.2659,34.87943],[-106.26601,34.87893],[-106.26574,34.87822],[-106.26658,34.87821],[-106.26678,34.87792],[-106.26631,34.87728],[-106.26629,34.87676],[-106.26545,34.87697],[-106.2653,34.87668],[-106.26479,34.87658],[-106.26418,34.87673],[-106.26348,34.87626],[-106.26227,34.87628],[-106.26168,34.87609],[-106.26114,34.87628],[-106.2603,34.8761],[-106.25976,34.87575],[-106.25944,34.87514],[-106.25892,34.87469],[-106.25835,34.87483],[-106.25822,34.87464],[-106.25859,34.87452],[-106.25876,34.87392],[-106.25903,34.87393],[-106.25939,34.8736],[-106.26004,34.87378],[-106.26011,34.87353],[-106.26046,34.87357],[-106.26058,34.87386],[-106.26117,34.8741],[-106.26125,34.87444],[-106.26087,34.87491],[-106.26019,34.87489],[-106.26072,34.87546],[-106.26146,34.87524],[-106.26309,34.87537],[-106.26361,34.87501],[-106.26523,34.87555],[-106.26606,34.87542],[-106.26738,34.87584],[-106.2677,34.87584],[-106.26801,34.87507],[-106.2676,34.87336],[-106.26815,34.8733],[-106.26898,34.87418],[-106.26941,34.87403],[-106.26941,34.87385],[-106.2699,34.87395],[-106.27014,34.87428],[-106.27077,34.87385],[-106.27181,34.87417],[-106.27214,34.87453],[-106.27246,34.87459],[-106.27329,34.87418],[-106.27367,34.87437],[-106.27376,34.87458],[-106.27407,34.87412],[-106.27571,34.87356],[-106.27836,34.87413],[-106.27937,34.87412],[-106.28087,34.8737],[-106.28139,34.87393],[-106.28192,34.87457],[-106.2823,34.87466],[-106.28328,34.87427],[-106.28336,34.87405],[-106.28397,34.87397],[-106.28399,34.87366],[-106.28324,34.87331],[-106.28332,34.87286],[-106.28236,34.8728],[-106.28239,34.87258],[-106.28218,34.87239],[-106.28146,34.87242],[-106.28096,34.87221],[-106.2809,34.87174],[-106.28057,34.87138],[-106.27994,34.87141],[-106.27969,34.87082],[-106.27777,34.87163],[-106.27699,34.8718],[-106.27589,34.87177],[-106.27483,34.87099],[-106.27403,34.87114],[-106.27402,34.87093],[-106.27376,34.87076],[-106.27387,34.87017],[-106.27352,34.87005],[-106.27345,34.86976],[-106.27252,34.86932],[-106.27052,34.8692],[-106.2696,34.86935],[-106.26914,34.86959],[-106.26851,34.8695],[-106.26627,34.87124],[-106.26572,34.87127],[-106.26492,34.87195],[-106.26429,34.87224],[-106.26369,34.87294],[-106.26275,34.87176],[-106.26262,34.87131],[-106.26244,34.87139],[-106.26218,34.87119],[-106.262,34.87173],[-106.26159,34.87193],[-106.26078,34.87179],[-106.25954,34.872],[-106.26003,34.87244],[-106.25808,34.87324],[-106.25635,34.87303],[-106.25749,34.87255],[-106.25795,34.87219],[-106.25754,34.8721],[-106.25751,34.8717],[-106.25828,34.87124],[-106.259,34.87108],[-106.25894,34.87066],[-106.25862,34.87047],[-106.25645,34.87056],[-106.25598,34.87038],[-106.25635,34.87013],[-106.256,34.86987],[-106.25469,34.86936],[-106.25492,34.86912],[-106.25584,34.86907],[-106.25584,34.86878],[-106.25549,34.86866],[-106.25531,34.86828],[-106.25601,34.86821],[-106.256,34.86801],[-106.2551,34.86786],[-106.25504,34.86757],[-106.25623,34.86751],[-106.25512,34.86716],[-106.2547,34.86617],[-106.25522,34.86638],[-106.2554,34.86671],[-106.25595,34.86677],[-106.25602,34.86657],[-106.25577,34.86633],[-106.25618,34.86623],[-106.25629,34.86601],[-106.25757,34.86638],[-106.25884,34.86593],[-106.25892,34.86565],[-106.26042,34.86565],[-106.2608,34.86551],[-106.26082,34.86486],[-106.26001,34.8648],[-106.26,34.86458],[-106.26133,34.86452],[-106.26297,34.86343],[-106.2635,34.86245],[-106.26318,34.86207],[-106.26251,34.86208],[-106.26122,34.8625],[-106.26041,34.86258],[-106.25968,34.86239],[-106.25987,34.86216],[-106.25965,34.86175],[-106.25938,34.8617],[-106.25935,34.86148],[-106.25961,34.86117],[-106.26006,34.8611],[-106.26048,34.86143],[-106.26045,34.862],[-106.2606,34.86224],[-106.26098,34.86209],[-106.26141,34.86138],[-106.26137,34.86104],[-106.26122,34.86085],[-106.25931,34.8607],[-106.25858,34.86042],[-106.25791,34.86062],[-106.25722,34.86046],[-106.25739,34.86019],[-106.25841,34.8597],[-106.25802,34.8594],[-106.25826,34.85873],[-106.25762,34.8581],[-106.25623,34.85804],[-106.25588,34.85825],[-106.25553,34.85821],[-106.25542,34.85804],[-106.25555,34.85759],[-106.25514,34.85724],[-106.25462,34.85696],[-106.25418,34.85687],[-106.25384,34.85699],[-106.25349,34.85685],[-106.2534,34.85657],[-106.25411,34.8562],[-106.25378,34.856],[-106.25305,34.85633],[-106.25066,34.856],[-106.25029,34.85616],[-106.24924,34.8561],[-106.24908,34.85619],[-106.24896,34.85743],[-106.24866,34.85776],[-106.2482,34.85786],[-106.24773,34.85759],[-106.24714,34.85801],[-106.24635,34.85778],[-106.24577,34.85738],[-106.24566,34.85696],[-106.24494,34.85643],[-106.24507,34.85629],[-106.24499,34.8561],[-106.24386,34.8559],[-106.24289,34.85595],[-106.24268,34.85625],[-106.24164,34.85616],[-106.24122,34.85702],[-106.24149,34.85754],[-106.24135,34.85819],[-106.24019,34.85798],[-106.24005,34.85818],[-106.2402,34.85846],[-106.24045,34.8586],[-106.24119,34.85854],[-106.24226,34.85892],[-106.2433,34.85955],[-106.2439,34.85964],[-106.244,34.86009],[-106.24383,34.86114],[-106.24513,34.86191],[-106.24688,34.8621],[-106.24732,34.86239],[-106.24731,34.86277],[-106.24665,34.86307],[-106.24622,34.86307],[-106.2459,34.86384],[-106.24521,34.86288],[-106.24463,34.86269],[-106.24418,34.8622],[-106.24333,34.86243],[-106.24178,34.86162],[-106.2414,34.86155],[-106.24079,34.86169],[-106.23833,34.86084],[-106.23701,34.85983],[-106.23639,34.85965],[-106.23571,34.85975],[-106.23512,34.86005],[-106.23326,34.85922],[-106.23227,34.85903],[-106.23305,34.8575],[-106.23245,34.85747],[-106.23218,34.8572],[-106.2312,34.85708],[-106.23,34.85656],[-106.2301,34.85547],[-106.23082,34.85517],[-106.23131,34.85524],[-106.23126,34.85455],[-106.23215,34.85473],[-106.23346,34.85366],[-106.23387,34.85379],[-106.23408,34.85406],[-106.2332,34.85433],[-106.23293,34.85468],[-106.233,34.85484],[-106.23362,34.85475],[-106.2345,34.85421],[-106.23465,34.85389],[-106.23629,34.85405],[-106.23678,34.85389],[-106.23746,34.85422],[-106.23761,34.8545],[-106.23717,34.85486],[-106.23746,34.855],[-106.23804,34.85495],[-106.23858,34.85469],[-106.23853,34.8543],[-106.23792,34.8539],[-106.23802,34.85368],[-106.23879,34.85398],[-106.23898,34.85428],[-106.23882,34.85501],[-106.23898,34.85522],[-106.23926,34.85472],[-106.24011,34.8545],[-106.23843,34.85338],[-106.23853,34.85292],[-106.24147,34.85189],[-106.24172,34.85128],[-106.24219,34.85089],[-106.2442,34.85115],[-106.24501,34.8517],[-106.24527,34.85162],[-106.24557,34.85089],[-106.24589,34.85097],[-106.24614,34.85128],[-106.24644,34.85137],[-106.24659,34.85181],[-106.24698,34.8521],[-106.24834,34.85254],[-106.24831,34.85306],[-106.24871,34.85344],[-106.24862,34.85375],[-106.24932,34.85478],[-106.24951,34.85478],[-106.24897,34.85341],[-106.24909,34.85263],[-106.25019,34.85219],[-106.25051,34.85226],[-106.25088,34.85264],[-106.25106,34.85226],[-106.25217,34.85225],[-106.25217,34.85183],[-106.25045,34.85118],[-106.25039,34.85075],[-106.25009,34.85056],[-106.24935,34.85058],[-106.24882,34.85039],[-106.24872,34.8505],[-106.2487,34.85003],[-106.24806,34.84994],[-106.2475,34.84966],[-106.24667,34.848],[-106.24689,34.8473],[-106.24737,34.84713],[-106.24754,34.84689],[-106.24723,34.84636],[-106.24667,34.84629],[-106.24681,34.84593],[-106.24731,34.84576],[-106.24795,34.84578],[-106.2483,34.84609],[-106.25035,34.8467],[-106.25087,34.84714],[-106.2559,34.84819],[-106.25877,34.8483],[-106.26088,34.84971],[-106.26087,34.85117],[-106.26254,34.85258],[-106.2637,34.85267],[-106.2643,34.85235],[-106.26433,34.85204],[-106.26336,34.85152],[-106.26296,34.84967],[-106.26219,34.84858],[-106.26093,34.84757],[-106.25884,34.84549],[-106.25921,34.84493],[-106.2614,34.84448],[-106.26208,34.84491],[-106.26399,34.8451],[-106.26443,34.84533],[-106.26466,34.84578],[-106.26516,34.84611],[-106.26583,34.84604],[-106.26586,34.84463],[-106.26469,34.84385],[-106.26437,34.84328],[-106.26323,34.84282],[-106.26181,34.8429],[-106.25853,34.84237],[-106.25864,34.84196],[-106.25733,34.84123],[-106.2568,34.84076],[-106.25683,34.84057],[-106.25793,34.84053],[-106.25846,34.84096],[-106.25904,34.84107],[-106.25934,34.84026],[-106.25878,34.83926],[-106.25852,34.83929],[-106.25829,34.83981],[-106.25807,34.83988],[-106.25793,34.84015],[-106.25712,34.84005],[-106.25663,34.83974],[-106.25632,34.8398],[-106.25557,34.83955],[-106.2544,34.84048],[-106.25281,34.84052],[-106.25217,34.84026],[-106.25128,34.83922],[-106.25189,34.83919],[-106.25185,34.83883],[-106.25208,34.83859],[-106.25332,34.83789],[-106.25351,34.83748],[-106.25403,34.83704],[-106.25333,34.83691],[-106.25238,34.8372],[-106.25139,34.83652],[-106.25032,34.83658],[-106.25014,34.83622],[-106.24973,34.83613],[-106.2491,34.83628],[-106.24666,34.83612],[-106.24611,34.83549],[-106.2459,34.83568],[-106.24505,34.83569],[-106.24432,34.83516],[-106.24098,34.83448],[-106.24025,34.83417],[-106.24008,34.83398],[-106.24008,34.83363],[-106.23986,34.8337],[-106.23908,34.83484],[-106.23883,34.8349],[-106.23912,34.83501],[-106.23959,34.8349],[-106.23968,34.83519],[-106.23941,34.83564],[-106.23836,34.83566],[-106.23836,34.83592],[-106.23855,34.83607],[-106.2385,34.8365],[-106.23824,34.83653],[-106.23753,34.83607],[-106.23756,34.83588],[-106.23698,34.83546],[-106.23713,34.8352],[-106.23749,34.83506],[-106.23632,34.83486],[-106.23635,34.83466],[-106.23838,34.83431],[-106.23615,34.83419],[-106.23567,34.83409],[-106.23468,34.83353],[-106.23493,34.83327],[-106.23525,34.83322],[-106.23647,34.83341],[-106.23714,34.83375],[-106.2379,34.8339],[-106.23878,34.83386],[-106.23848,34.83334],[-106.23768,34.83302],[-106.23816,34.83208],[-106.23805,34.83182],[-106.23781,34.83173],[-106.237,34.83192],[-106.23638,34.83161],[-106.2362,34.83202],[-106.23637,34.83255],[-106.23595,34.83273],[-106.23538,34.83255],[-106.23541,34.83216],[-106.23568,34.83203],[-106.2351,34.83165],[-106.23561,34.83122],[-106.23786,34.83124],[-106.23843,34.83142],[-106.23878,34.83123],[-106.24026,34.83102],[-106.24278,34.83119],[-106.24296,34.83106],[-106.24277,34.83052],[-106.24327,34.83033],[-106.24447,34.83039],[-106.24445,34.83003],[-106.24526,34.82977],[-106.2454,34.82955],[-106.24444,34.82944],[-106.24436,34.82927],[-106.24535,34.8287],[-106.24532,34.82843],[-106.24494,34.82839],[-106.2444,34.82871],[-106.2436,34.82883],[-106.24385,34.82918],[-106.24361,34.82972],[-106.24242,34.82959],[-106.24234,34.8299],[-106.24192,34.82998],[-106.24101,34.8293],[-106.24075,34.82931],[-106.24,34.82987],[-106.23963,34.82991],[-106.23809,34.82949],[-106.23604,34.82951],[-106.23617,34.82935],[-106.23346,34.82907],[-106.23211,34.82852],[-106.23088,34.82723],[-106.22912,34.82685],[-106.2282,34.82554],[-106.22752,34.82592],[-106.22683,34.82569],[-106.2264,34.82526],[-106.22493,34.82469],[-106.22494,34.82426],[-106.22695,34.82357],[-106.22857,34.8234],[-106.22906,34.82349],[-106.23156,34.82304],[-106.23645,34.82471],[-106.23659,34.82529],[-106.23743,34.82586],[-106.23906,34.82614],[-106.23971,34.82642],[-106.24004,34.82683],[-106.24069,34.82681],[-106.24093,34.82521],[-106.24305,34.82496],[-106.2431,34.8258],[-106.24361,34.82566],[-106.24399,34.82595],[-106.2443,34.82653],[-106.24472,34.82682],[-106.24563,34.82692],[-106.24624,34.82667],[-106.24645,34.82699],[-106.24692,34.82701],[-106.24717,34.82746],[-106.24825,34.82806],[-106.24842,34.82827],[-106.24788,34.82926],[-106.24839,34.83006],[-106.24893,34.83029],[-106.24978,34.82993],[-106.24954,34.82899],[-106.25025,34.82864],[-106.254,34.82979],[-106.25586,34.82994],[-106.25594,34.8298],[-106.25536,34.82937],[-106.25426,34.82945],[-106.25367,34.8287],[-106.25351,34.82794],[-106.25308,34.8278],[-106.25227,34.82776],[-106.25178,34.82798],[-106.25022,34.82812],[-106.25027,34.82778],[-106.24972,34.82767],[-106.24992,34.8274],[-106.25051,34.82747],[-106.25075,34.82715],[-106.25055,34.82636],[-106.25188,34.82629],[-106.25207,34.82602],[-106.25262,34.82625],[-106.25418,34.82623],[-106.25555,34.8257],[-106.25556,34.82554],[-106.25602,34.82555],[-106.25667,34.82614],[-106.25684,34.82609],[-106.25684,34.82575],[-106.25804,34.82507],[-106.25866,34.82554],[-106.25932,34.82547],[-106.26068,34.82509],[-106.26103,34.82471],[-106.26145,34.82487],[-106.26206,34.82479],[-106.26272,34.82457],[-106.26292,34.82436],[-106.26291,34.82395],[-106.26248,34.82391],[-106.26179,34.8242],[-106.2595,34.82413],[-106.25565,34.82433],[-106.25547,34.82422],[-106.25556,34.82404],[-106.25542,34.82391],[-106.25564,34.82352],[-106.25558,34.82321],[-106.2552,34.82312],[-106.25492,34.82348],[-106.25446,34.82356],[-106.25416,34.82323],[-106.25433,34.82261],[-106.25386,34.82216],[-106.25423,34.82204],[-106.25432,34.82172],[-106.2547,34.8214],[-106.2557,34.82132],[-106.25575,34.82116],[-106.25639,34.82127],[-106.25649,34.82159],[-106.25675,34.8217],[-106.25708,34.8217],[-106.25727,34.8214],[-106.25768,34.82131],[-106.25836,34.82152],[-106.25888,34.82054],[-106.25975,34.82067],[-106.25987,34.82089],[-106.25979,34.8211],[-106.25943,34.82127],[-106.25989,34.82124],[-106.25974,34.8216],[-106.25998,34.82174],[-106.26071,34.82166],[-106.26433,34.82212],[-106.26499,34.82161],[-106.26461,34.82131],[-106.26489,34.82097],[-106.26556,34.82074],[-106.26618,34.82015],[-106.26595,34.81989],[-106.26444,34.81975],[-106.26458,34.81957],[-106.26457,34.81907],[-106.26509,34.8188],[-106.265,34.81842],[-106.26435,34.81785],[-106.26361,34.81815],[-106.26302,34.81796],[-106.26429,34.81726],[-106.26501,34.81746],[-106.26521,34.81736],[-106.26538,34.81701],[-106.26514,34.81644],[-106.26482,34.8163],[-106.2641,34.81633],[-106.26397,34.81566],[-106.26286,34.81503],[-106.26106,34.81464],[-106.25974,34.8148],[-106.25958,34.81406],[-106.25859,34.81393],[-106.25824,34.81372],[-106.25791,34.81296],[-106.25716,34.81265],[-106.25593,34.81171],[-106.25508,34.81131],[-106.25496,34.81101],[-106.25447,34.81068],[-106.25302,34.80885],[-106.25235,34.80836],[-106.25171,34.8082],[-106.25029,34.80744],[-106.24977,34.80764],[-106.24814,34.80717],[-106.24626,34.80726],[-106.24542,34.80666],[-106.24538,34.80642],[-106.24587,34.80625],[-106.24596,34.80607],[-106.24573,34.80563],[-106.24333,34.80497],[-106.24302,34.80462],[-106.24313,34.80449],[-106.24409,34.80464],[-106.24475,34.80505],[-106.246,34.80462],[-106.2463,34.80477],[-106.24657,34.80519],[-106.24691,34.80511],[-106.24724,34.80465],[-106.2488,34.80573],[-106.24952,34.80573],[-106.24973,34.80558],[-106.24909,34.80513],[-106.24891,34.80489],[-106.24905,34.80474],[-106.24949,34.80479],[-106.24979,34.80516],[-106.25132,34.80544],[-106.25205,34.80583],[-106.25303,34.80559],[-106.25374,34.80579],[-106.25346,34.80545],[-106.25268,34.80535],[-106.25259,34.80462],[-106.25193,34.8046],[-106.25146,34.80434],[-106.25173,34.80376],[-106.25226,34.8036],[-106.25223,34.80332],[-106.25245,34.80316],[-106.25313,34.80316],[-106.25337,34.80345],[-106.25382,34.80336],[-106.25404,34.80376],[-106.25434,34.80391],[-106.25527,34.80385],[-106.25579,34.80417],[-106.2561,34.80505],[-106.25595,34.8052],[-106.25443,34.80532],[-106.25414,34.80579],[-106.255,34.80554],[-106.25676,34.80583],[-106.25761,34.80659],[-106.2576,34.80745],[-106.25818,34.80787],[-106.25859,34.80765],[-106.25908,34.80767],[-106.25964,34.80824],[-106.25965,34.80846],[-106.26046,34.80914],[-106.26167,34.80908],[-106.26171,34.80931],[-106.26131,34.80951],[-106.26145,34.80972],[-106.2625,34.81028],[-106.26484,34.81207],[-106.26563,34.81215],[-106.26673,34.8129],[-106.26738,34.81299],[-106.26842,34.81269],[-106.26879,34.81234],[-106.26919,34.81121],[-106.26914,34.81074],[-106.27024,34.80954],[-106.27082,34.8092],[-106.27137,34.80911],[-106.27264,34.80937],[-106.27483,34.81037],[-106.27492,34.81082],[-106.27544,34.81108],[-106.2766,34.81126],[-106.27724,34.81151],[-106.27836,34.81234],[-106.27879,34.81231],[-106.27923,34.81118],[-106.27913,34.81004],[-106.27823,34.80955],[-106.27778,34.80888],[-106.27757,34.80831],[-106.2768,34.80739],[-106.27674,34.80701],[-106.27706,34.80693],[-106.27779,34.80743],[-106.27935,34.8077],[-106.28,34.80819],[-106.28038,34.80878],[-106.2802,34.81031],[-106.28031,34.81122],[-106.28068,34.81124],[-106.28088,34.81078],[-106.28067,34.81021],[-106.28069,34.80974],[-106.28094,34.8093],[-106.28251,34.80943],[-106.28243,34.80932],[-106.28276,34.80924],[-106.2832,34.80949],[-106.28398,34.80949],[-106.28502,34.80905],[-106.28556,34.80899],[-106.28624,34.80972],[-106.28659,34.80989],[-106.2885,34.80987],[-106.28998,34.80931],[-106.29015,34.80905],[-106.28977,34.80871],[-106.28849,34.80895],[-106.28677,34.80872],[-106.28654,34.80848],[-106.28668,34.80831],[-106.28596,34.80808],[-106.28595,34.80772],[-106.28654,34.80672],[-106.28628,34.80646],[-106.2852,34.80597],[-106.28448,34.806],[-106.2843,34.80569],[-106.28432,34.80533],[-106.28333,34.80467],[-106.28303,34.80425],[-106.2816,34.80324],[-106.2807,34.80308],[-106.28139,34.8018],[-106.28121,34.80121],[-106.28133,34.801],[-106.27975,34.80015],[-106.27909,34.79951],[-106.27916,34.79871],[-106.27997,34.79886],[-106.28111,34.79953],[-106.2818,34.79925],[-106.28227,34.7996],[-106.28227,34.79994],[-106.28274,34.80051],[-106.28341,34.80093],[-106.28387,34.80042],[-106.28416,34.80037],[-106.28512,34.80103],[-106.28525,34.80184],[-106.28577,34.80167],[-106.28668,34.80235],[-106.28784,34.80245],[-106.28864,34.80194],[-106.29004,34.80141],[-106.2902,34.80101],[-106.29055,34.80106],[-106.29058,34.80175],[-106.2913,34.80192],[-106.29133,34.8024],[-106.29158,34.80243],[-106.29183,34.80216],[-106.2922,34.80206],[-106.29285,34.80215],[-106.29332,34.80253],[-106.29413,34.80269],[-106.29417,34.80231],[-106.29271,34.80168],[-106.29298,34.8014],[-106.29337,34.80142],[-106.29468,34.80204],[-106.29582,34.80225],[-106.29647,34.80295],[-106.299,34.80443],[-106.29925,34.80486],[-106.2999,34.80457],[-106.3003,34.80459],[-106.30072,34.80492],[-106.29994,34.80347],[-106.29993,34.80311],[-106.29912,34.80276],[-106.29897,34.80246],[-106.29839,34.80208],[-106.29691,34.80186],[-106.29696,34.80159],[-106.29756,34.80133],[-106.29872,34.80122],[-106.30046,34.80149],[-106.30163,34.80217],[-106.3024,34.80224],[-106.3031,34.80205],[-106.3038,34.80318],[-106.30463,34.80359],[-106.30535,34.80368],[-106.30591,34.80417],[-106.30678,34.80438],[-106.30783,34.80513],[-106.30868,34.80543],[-106.30971,34.80643],[-106.31039,34.80635],[-106.31074,34.80651],[-106.31078,34.80685],[-106.31041,34.80717],[-106.31088,34.80748],[-106.31144,34.8075],[-106.31211,34.80793],[-106.31374,34.80822],[-106.31366,34.80841],[-106.31398,34.8085],[-106.31408,34.80885],[-106.31449,34.80915],[-106.31606,34.80921],[-106.31655,34.80951],[-106.31728,34.81033],[-106.3167,34.81103],[-106.31647,34.81189],[-106.31662,34.81243],[-106.31693,34.81248],[-106.31721,34.81219],[-106.31794,34.8123],[-106.31891,34.81209],[-106.31862,34.81149],[-106.31876,34.81132],[-106.32001,34.81139],[-106.32063,34.8115],[-106.32099,34.81184],[-106.322,34.81214],[-106.32235,34.81251],[-106.32343,34.81276],[-106.32368,34.81295],[-106.32375,34.81338],[-106.32417,34.81369],[-106.32487,34.81366],[-106.32569,34.81328],[-106.32611,34.81327],[-106.32652,34.81292],[-106.32607,34.81261],[-106.32547,34.81248],[-106.32537,34.81233],[-106.32547,34.81205],[-106.32693,34.81226],[-106.32767,34.813],[-106.32812,34.81316],[-106.32833,34.81305],[-106.32814,34.81228],[-106.32845,34.81207],[-106.32882,34.81207],[-106.32867,34.81151],[-106.32878,34.81128],[-106.32927,34.811],[-106.32988,34.8109],[-106.33061,34.81149],[-106.3307,34.81189],[-106.33099,34.81224],[-106.33099,34.81253],[-106.33045,34.81311],[-106.33045,34.81328],[-106.33073,34.81339],[-106.33128,34.81324],[-106.33159,34.81292],[-106.33228,34.8128],[-106.33298,34.81294],[-106.33341,34.81362],[-106.33438,34.81593],[-106.33449,34.81641],[-106.33433,34.81707],[-106.33479,34.81773],[-106.33494,34.81861],[-106.33585,34.81895],[-106.33603,34.81929],[-106.33608,34.82003],[-106.33647,34.8204],[-106.3363,34.821],[-106.33641,34.8214],[-106.33697,34.82134],[-106.33741,34.82079],[-106.33824,34.82038],[-106.33785,34.81998],[-106.3378,34.81947],[-106.33829,34.81926],[-106.33894,34.8186],[-106.3389,34.81846],[-106.33931,34.81826],[-106.3395,34.81888],[-106.34008,34.8189],[-106.34106,34.81775],[-106.34126,34.81796],[-106.34155,34.81794],[-106.34164,34.81775],[-106.34138,34.81768],[-106.34182,34.81744],[-106.34211,34.81701],[-106.34272,34.81671],[-106.34345,34.81697],[-106.34472,34.81673],[-106.34846,34.81543],[-106.34926,34.81557],[-106.34981,34.81546],[-106.34985,34.81487],[-106.35051,34.8148],[-106.35071,34.81446],[-106.35133,34.81431],[-106.35217,34.81442],[-106.35268,34.81398],[-106.3535,34.81405],[-106.35336,34.81331],[-106.35373,34.81285],[-106.35444,34.81258],[-106.35553,34.81247],[-106.35618,34.81221],[-106.35624,34.81186],[-106.35761,34.81182],[-106.35824,34.81127],[-106.3591,34.81111],[-106.35936,34.81116],[-106.35921,34.81148],[-106.35942,34.81148],[-106.36023,34.81072],[-106.36059,34.81074],[-106.3607,34.81046],[-106.36131,34.81031],[-106.36145,34.81006],[-106.36207,34.81],[-106.36244,34.80979],[-106.36333,34.80993],[-106.36349,34.81032],[-106.36362,34.81007],[-106.36426,34.80986],[-106.36563,34.81003],[-106.36601,34.80982],[-106.36684,34.80977],[-106.36716,34.80995],[-106.36765,34.80988],[-106.36845,34.80935],[-106.3699,34.80918],[-106.37062,34.80937],[-106.37091,34.80919],[-106.37085,34.80905],[-106.36997,34.80835],[-106.36979,34.80786],[-106.36995,34.80714],[-106.37019,34.80683],[-106.37064,34.80685],[-106.37132,34.8081],[-106.3728,34.80897],[-106.37284,34.80929],[-106.37329,34.80936],[-106.37359,34.80905],[-106.374,34.80894],[-106.37511,34.80891],[-106.37735,34.80973],[-106.37736,34.81014],[-106.37774,34.81049],[-106.37755,34.81064],[-106.37761,34.81097],[-106.37741,34.81117],[-106.37785,34.81184],[-106.37753,34.81246],[-106.37727,34.81252],[-106.3773,34.81281],[-106.37702,34.81289],[-106.37764,34.81344],[-106.3777,34.8138],[-106.37575,34.81393],[-106.37534,34.81488],[-106.37501,34.81492],[-106.37432,34.81558],[-106.37431,34.81574],[-106.37359,34.81564],[-106.37298,34.81608],[-106.37052,34.81674],[-106.37069,34.8171],[-106.37035,34.81724],[-106.37047,34.81733],[-106.37023,34.81763],[-106.36929,34.81751],[-106.36883,34.81796],[-106.36824,34.8178],[-106.36791,34.81792],[-106.36791,34.81821],[-106.36763,34.81823],[-106.367,34.81871],[-106.36653,34.8193],[-106.3664,34.82029],[-106.36583,34.82024],[-106.36571,34.81963],[-106.3654,34.81962],[-106.36535,34.81919],[-106.36559,34.81882],[-106.36548,34.81851],[-106.36522,34.81838],[-106.36506,34.81882],[-106.36519,34.81982],[-106.3654,34.81996],[-106.3652,34.82025],[-106.36551,34.82054],[-106.36554,34.82077],[-106.3647,34.82174],[-106.3651,34.82213],[-106.36485,34.82209],[-106.3646,34.8224],[-106.36387,34.82261],[-106.36366,34.82289],[-106.36319,34.82301],[-106.36307,34.82284],[-106.3629,34.823],[-106.36224,34.82287],[-106.36206,34.82301],[-106.36137,34.82293],[-106.36076,34.82308],[-106.35988,34.82289],[-106.35963,34.82308],[-106.35933,34.82252],[-106.35903,34.8229],[-106.35855,34.82299],[-106.35842,34.82284],[-106.35812,34.82309],[-106.35441,34.82303],[-106.35438,34.82314],[-106.34964,34.82351],[-106.34836,34.82321],[-106.34797,34.8235],[-106.34726,34.8236],[-106.34715,34.82343],[-106.34755,34.82336],[-106.34742,34.82309],[-106.34757,34.82286],[-106.34808,34.82252],[-106.34885,34.82239],[-106.34856,34.82185],[-106.34806,34.82196],[-106.34796,34.82178],[-106.34754,34.8222],[-106.34656,34.82244],[-106.34618,34.82316],[-106.34573,34.82303],[-106.34507,34.82313],[-106.34478,34.82373],[-106.34422,34.82616],[-106.34536,34.82642],[-106.3458,34.82673],[-106.34619,34.82674],[-106.34648,34.82719],[-106.34652,34.82809],[-106.34601,34.82843],[-106.34499,34.82809],[-106.34471,34.82707],[-106.34459,34.82684],[-106.34435,34.82687],[-106.34433,34.8278],[-106.34414,34.82812],[-106.3445,34.82859],[-106.34503,34.82891],[-106.34497,34.8297],[-106.34526,34.82995],[-106.34489,34.8314],[-106.34409,34.83207],[-106.34338,34.83219],[-106.34292,34.83172],[-106.34323,34.83091],[-106.34314,34.83054],[-106.3429,34.83043],[-106.342,34.83127],[-106.34194,34.83175],[-106.34207,34.83209],[-106.34165,34.83217],[-106.34204,34.83274],[-106.34201,34.83291],[-106.34254,34.8331],[-106.34293,34.83448],[-106.34241,34.83512],[-106.34143,34.83564],[-106.34132,34.83596],[-106.34153,34.83621],[-106.34318,34.8367],[-106.34365,34.83651],[-106.3437,34.83748],[-106.34302,34.83799],[-106.34248,34.83867],[-106.34299,34.83894],[-106.34291,34.83938],[-106.34267,34.84004],[-106.34152,34.84158],[-106.34255,34.8427],[-106.34152,34.84333],[-106.34131,34.84418],[-106.34153,34.84564],[-106.34178,34.84595],[-106.34131,34.84638],[-106.34096,34.8464],[-106.34076,34.8481],[-106.3406,34.84845],[-106.33951,34.8496],[-106.33931,34.85109],[-106.33873,34.8518],[-106.33845,34.85272],[-106.33794,34.85317],[-106.33609,34.85347],[-106.33416,34.85323],[-106.33376,34.8536],[-106.33264,34.85413],[-106.33181,34.854],[-106.33073,34.85436],[-106.33124,34.8546],[-106.33132,34.85526],[-106.33081,34.85554],[-106.33074,34.85609],[-106.3301,34.85662],[-106.32835,34.85736],[-106.32792,34.85844],[-106.32746,34.85905],[-106.32715,34.85999],[-106.32578,34.86103],[-106.32579,34.86172],[-106.32458,34.86324],[-106.32275,34.86311],[-106.32229,34.86314],[-106.32211,34.86329],[-106.32087,34.86296],[-106.32009,34.86297],[-106.31954,34.86322],[-106.31945,34.86349],[-106.31957,34.86368],[-106.32103,34.86401],[-106.32185,34.86482],[-106.32251,34.86506],[-106.32267,34.86553],[-106.32246,34.86556],[-106.3225,34.86587],[-106.32195,34.86634],[-106.3219,34.8667],[-106.32223,34.86684],[-106.32225,34.86699],[-106.32204,34.86693],[-106.32206,34.86724],[-106.32179,34.86738],[-106.32157,34.86731],[-106.3212,34.86771],[-106.32159,34.86782],[-106.32143,34.8682],[-106.32111,34.86831],[-106.32112,34.86905],[-106.32069,34.86962],[-106.32074,34.86998],[-106.32013,34.87005],[-106.32031,34.87045],[-106.31999,34.87064],[-106.31995,34.871],[-106.31946,34.87107],[-106.31927,34.87134],[-106.31873,34.87128],[-106.31855,34.87145],[-106.31848,34.87211],[-106.31862,34.87219],[-106.31872,34.87285],[-106.31801,34.87332],[-106.31803,34.87366],[-106.31781,34.87403],[-106.31746,34.87407],[-106.31716,34.87391],[-106.31682,34.8741],[-106.3165,34.87407],[-106.31544,34.87486],[-106.31561,34.87539],[-106.31615,34.87573],[-106.31599,34.87623],[-106.31561,34.87636],[-106.3158,34.87691],[-106.31519,34.87748],[-106.31408,34.87769],[-106.31329,34.87905],[-106.3131,34.88011],[-106.31267,34.88063],[-106.31238,34.88141],[-106.31132,34.88169],[-106.30971,34.88245],[-106.30823,34.88272],[-106.30735,34.88389],[-106.30672,34.88377],[-106.30547,34.88439],[-106.30529,34.88475],[-106.30564,34.88504],[-106.30565,34.88561],[-106.30501,34.88644],[-106.30471,34.88657],[-106.30475,34.88678],[-106.30355,34.88853],[-106.3021,34.88914],[-106.30165,34.88966],[-106.30118,34.89048],[-106.30112,34.89104],[-106.3008,34.89173],[-106.29978,34.89311],[-106.29902,34.89348],[-106.29615,34.89378],[-106.29581,34.89401],[-106.29558,34.89453],[-106.29603,34.89681],[-106.29559,34.89745],[-106.2949,34.89797],[-106.2948,34.89837],[-106.29349,34.89876],[-106.29235,34.8994],[-106.2883,34.9005],[-106.28831,34.90082],[-106.28734,34.90111],[-106.28724,34.90146],[-106.28627,34.90144],[-106.28627,34.90175],[-106.28428,34.90321],[-106.28404,34.90364],[-106.28391,34.90352],[-106.28084,34.90385],[-106.28019,34.90361],[-106.28016,34.90389],[-106.27942,34.90407],[-106.27902,34.90379],[-106.27883,34.90392],[-106.27863,34.90368],[-106.27787,34.90339],[-106.27684,34.90338],[-106.27679,34.90326],[-106.27729,34.90269],[-106.27718,34.90242],[-106.27575,34.90209],[-106.2754,34.90213],[-106.27615,34.90309],[-106.27556,34.90324],[-106.27552,34.90339],[-106.27517,34.90327],[-106.27491,34.90352],[-106.27417,34.90323],[-106.27372,34.90274],[-106.27382,34.90261],[-106.27352,34.90212],[-106.27332,34.90206],[-106.27308,34.90238],[-106.2734,34.90283],[-106.27334,34.90344],[-106.27269,34.90424],[-106.27207,34.90437],[-106.27098,34.90398],[-106.27108,34.90366],[-106.27087,34.90326],[-106.27086,34.90266],[-106.27043,34.90221]]],[[[-106.26791,34.80853],[-106.26788,34.80796],[-106.26822,34.80798],[-106.26837,34.80817],[-106.26869,34.80734],[-106.26811,34.80657],[-106.26723,34.80599],[-106.26706,34.80571],[-106.26732,34.8053],[-106.26799,34.80488],[-106.2682,34.80492],[-106.26819,34.80512],[-106.26797,34.80524],[-106.26788,34.80558],[-106.26853,34.80618],[-106.26901,34.80628],[-106.26901,34.8069],[-106.2697,34.80752],[-106.26951,34.80868],[-106.26911,34.80942],[-106.26915,34.80985],[-106.26879,34.81008],[-106.26841,34.81065],[-106.26824,34.81072],[-106.26809,34.81054],[-106.26821,34.80903],[-106.26791,34.80853]]],[[[-106.25195,34.82137],[-106.251,34.82121],[-106.2507,34.82086],[-106.25066,34.82],[-106.25181,34.81973],[-106.25324,34.82033],[-106.25344,34.82059],[-106.25327,34.82074],[-106.25239,34.82134],[-106.25195,34.82137]]],[[[-106.23506,34.83661],[-106.23431,34.83615],[-106.23419,34.83583],[-106.23543,34.83565],[-106.23571,34.83535],[-106.23641,34.83565],[-106.23622,34.83611],[-106.23648,34.83632],[-106.23646,34.83652],[-106.23614,34.83663],[-106.23575,34.83653],[-106.23593,34.83679],[-106.23547,34.83684],[-106.23506,34.83661]]],[[[-106.27011,34.80689],[-106.27032,34.80674],[-106.27073,34.80719],[-106.27157,34.80761],[-106.27166,34.80792],[-106.27155,34.80828],[-106.27095,34.80864],[-106.27045,34.80777],[-106.27016,34.80765],[-106.27011,34.80689]]],[[[-106.32677,34.81089],[-106.32704,34.81063],[-106.32729,34.81082],[-106.32779,34.81179],[-106.32762,34.81197],[-106.32703,34.81194],[-106.32671,34.81169],[-106.32677,34.81089]]],[[[-106.26684,34.80676],[-106.26675,34.80642],[-106.26719,34.80649],[-106.26769,34.80696],[-106.26746,34.80708],[-106.26684,34.80676]]],[[[-106.33385,34.81313],[-106.33402,34.81296],[-106.3344,34.81298],[-106.33444,34.81338],[-106.33385,34.81341],[-106.33385,34.81313]]],[[[-106.24934,34.82827],[-106.24906,34.82819],[-106.24942,34.82806],[-106.24994,34.8281],[-106.24974,34.82844],[-106.24934,34.82827]]],[[[-106.27976,34.80135],[-106.28022,34.80143],[-106.28037,34.80172],[-106.27979,34.8016],[-106.27976,34.80135]]]]},"properties":{"incidentname":"Dog Head","perimeterdatetime":1467250680000,"gisacres":17910.85,"state":"NM"}}]}